ID,Author,Checked By,Language,Country/Region,Question,Answer,Evidence_url,Question Automatic Translation,Question Corrected Translation,Answer Automatic Translation,Answer Corrected Translation,(IGNORE FOR NOW),Translation Corrected By,Notes,URL language (if different from target language),Exclude
1,Johnny Kozman,,arz_arab,Egypt,"مين هو لاعب النادي الأهلي المصري الي جاب جون الفوز في نهائي دوري أبطال أفريقيا سنه 2020، في المباراة الي اشتهرت بلقب ""نهائي القرن"" ؟",محمد مجدي أفشة,https://inside.fifa.com/ar/tournaments/mens/clubworldcup/qatar2020/news/%D8%A7%D9%84%D8%A7%D9%87%D9%84%D9%8A-%D9%8A%D8%AA%D9%88%D8%AC-%D8%A8%D8%B7%D9%84%D8%A7-%D9%84%D8%A7%D9%81%D8%B1%D9%8A%D9%82%D9%8A%D8%A7-%D8%B9%D9%84%D9%89-%D8%AD%D8%B3%D8%A7%D8%A8-%D8%A7%D9%84%D8%B2%D9%85%D8%A7%D9%84%D9%83,"Who is the Al Ahly player who scored the winning goal in the 2020 CAF Champions League final, in the match that became known as the ""final of the century""?","Who is the Egyptian club Al-Ahly player who scored the winning goal in the 2020 CAF Champions League final, in the match that is known as the 'Final of the Century'?",Mohamed Magdy Afsha,Mohamed Magdy Afsha,"entity, person",Johnny Kozman,,,
2,Johnny Kozman,,arz_arab,Egypt,"في الماتش الودي بين مصر والبرتغال في 2018، من هو المعلق الرياضي المصري الي قال عبارة ""لو عندهم كريستيانو، عندنا صلاحيانو"" ؟",مدحت شلبي,https://www.youm7.com/story/2020/11/9/%D8%A7%D9%84%D9%85%D8%B5%D8%B1%D9%8A%D9%8A%D9%86-%D8%B9%D8%A7%D9%8A%D8%B2%D9%8A%D9%86-%D9%85%D9%86%D9%83-%D8%A5%D9%8A%D9%87-%D9%8A%D8%A7-%D8%B1%D9%88%D9%86%D8%A7%D9%84%D8%AF%D9%88-%D8%A7%D9%84%D8%BA%D9%86%D8%AF%D9%88%D8%B1-%D8%B4%D8%A7%D9%8A%D9%81-%D9%85%D8%B5%D8%B7%D9%81%D9%89-%D9%85%D8%AD%D9%85%D8%AF/5055924,"In the friendly match between Egypt and Portugal in 2018, which Egyptian sports commentator said the phrase ""If they have Cristiano, we have Salahiano""?","In the 2018 friendly match between Egypt and Portugal, who is the Egyptian sports commentator who said the phrase ""If they have Cristiano, we have Salahiano"" ?",Medhat Shalaby,Medhat Shalaby,,Johnny Kozman,,,
3,Johnny Kozman,,arz_arab,Egypt, في موسم 2024-2025، كان في نادي مصري كبير كان هيهبط علشان عليه ديون و بيتغلب في الماتشات، بس اتحاد الكورة قرر يلغي الهبوط عشان يحافظ على الأندية الجماهيرية. ايه اسم النادي ده؟,الإسماعيلي,https://www.youm7.com/story/2025/5/19/%D8%A7%D9%84%D9%86%D8%A7%D8%AF%D9%8A-%D8%A7%D9%84%D8%A5%D8%B3%D9%85%D8%A7%D8%B9%D9%8A%D9%84%D9%89-%D8%A5%D9%84%D8%BA%D8%A7%D8%A1-%D8%A7%D9%84%D9%87%D8%A8%D9%88%D8%B7-%D8%B7%D9%88%D9%82-%D9%86%D8%AC%D8%A7%D8%A9-%D9%8815-%D9%86%D8%A7%D8%AF%D9%8A%D9%8B%D8%A7-%D9%88%D8%A7%D9%81%D9%82%D9%88%D8%A7-%D8%A8%D8%A7%D9%84%D8%A5%D8%AC%D9%85%D8%A7%D8%B9/6993103,"In the 2024-2025 season, a big Egyptian club was going to be relegated because of debts and poor results, but the Football Association decided to cancel the relegation to protect the popular clubs. What was the name of this club?","In the 2024-2025 season, there was a major Egyptian club that was going to be relegated because of debts and losing matches, but the Football Association decided to cancel relegation to protect the clubs with large fan bases. What is the name of this club?",Ismaily,Ismaily,,Johnny Kozman,,,
4,Johnny Kozman,,arz_arab,Egypt,إيه هو اللقب الشعبي المشهور المكتوب على مدخل ستاد الإسماعيلية في مصر؟,قلعة الدراويش,https://www.youm7.com/story/2024/5/29/%D9%82%D9%86%D8%A7%D8%A9-%D8%A7%D9%84%D9%88%D8%AB%D8%A7%D8%A6%D9%82%D9%8A%D8%A9-%D8%AA%D8%B9%D8%B1%D8%B6-%D9%81%D9%8A%D9%84%D9%85%D8%A7-%D8%AA%D8%B3%D8%AC%D9%8A%D9%84%D9%8A%D8%A7-%D8%B9%D9%86-%D9%86%D8%A7%D8%AF%D9%89-%D8%A7%D9%84%D8%A5%D8%B3%D9%85%D8%A7%D8%B9%D9%8A%D9%84%D9%89-%D9%82%D9%84%D8%B9%D8%A9-%D8%A7%D9%84%D8%AF%D8%B1%D8%A7%D9%88%D9%8A%D8%B4/6593049,What is the popular nickname written on the entrance to the Ismailia Stadium in Egypt?,What is the famous popular nickname inscribed on the entrance of the Ismailia Stadium in Egypt?,Dervish Castle,The Dervishes' Castle,"entity, location",Johnny Kozman,,,
5,Johnny Kozman,,arz_arab,Egypt,من المعلق الي قال الجمله الشهيرة (بيبو وبشير بيبو والجون) وبقت تتقال في مصر لما حد يسجل هدف قاضي في الدقائق الأخيرة؟,مدحت شلبي,https://ar.wikipedia.org/wiki/%D9%85%D8%AF%D8%AD%D8%AA_%D8%B4%D9%84%D8%A8%D9%8A,"Who was the commentator who said the famous phrase (Bebo and Bashir, Bebo and the goal) that became said in Egypt when someone scores a decisive goal in the last minutes?","Who is the commentator who said the famous phrase 'Bibo wa Bashir, Bibo wal goal' (Bibo and Bashir, Bibo and the goal), which became a popular saying in Egypt whenever someone scores a decisive, last-minute goal?",Medhat Shalaby,Medhat Shalaby,,Johnny Kozman,,,
6,Johnny Kozman,,arz_arab,Egypt,النادي المصري البورسعيدي مشهور بلقب إيه وسط جماهير الكورة في مصر؟,{النسور الخضر؛زعيم القناة},النادي المصري - ويكيبيديا,What nickname is Al Masry Club of Port Said famous for among football fans in Egypt?,What is the widely recognized nickname of Al-Masry SC of Port Said among Egyptian football enthusiasts?,{The Green Eagles; Leader of the Channel},Green Eagles,,Johnny Kozman,,,x
7,Johnny Kozman,,arz_arab,Egypt,هو الوايت نايتس دول جماهير انهي فرقه كوره في مصر؟,نادي الزمالك,https://ar.wikipedia.org/wiki/%D9%88%D8%A7%D9%8A%D8%AA_%D9%86%D8%A7%D9%8A%D8%AA%D8%B3,Which football team in Egypt are the White Knights?,Which Egyptian soccer team has it supporters named the White Nights?,Zamalek Club,Zamalek SC,,Johnny Kozman,,,
8,Johnny Kozman,,arz_arab,Egypt,"""اديلو عمري و بردو قليل"" ده كوبليه من تشجيع انهي التلرس؟",ألتراس أهلاوي,https://www.fanchants.com/it/country/egypt/top/,"""Give him my life and it's still not enough"" - is this a couplet from the encouragement of which trolley?","""Give him my life and still it's not enough"" is a chant from which Ultras group in Egypt?",Ultras Ahlawy,Ultras Ahlawy,,Johnny Kozman,,,
9,Johnny Kozman,,arz_arab,Egypt,هو ابو تريكه في ماتش السفاقسي في دوري ابطال افريقيا سنه 2006 جه في الدقيقه كام؟,{٩٢؛اتنين و تسعين},أحلى الأوقات (29) والأخيرة: الزمن توقف في رادس.. رصاصة أبو تريكة في الصفاقسي 2006 - الأهلى . كوم,What minute did Abu Trika score in the Sfaxien match in the African Champions League in 2006?,"In the 2006 CAF Champions League match against CS Sfaxien, in which minute did Aboutrika score?",{92; ninety-two},"{92; Ninety-two}
",number,Johnny Kozman,,,x
10,Johnny Kozman,,arz_arab,Egypt,امتي مصر كسبت سابع لقب بطولة أمم أفريقيا لكرة القدم؟,{٢٠١٠؛الفين و عشره},كأس الأمم الإفريقية 2010 - ويكيبيديا,When did Egypt win its seventh African Cup of Nations football title?,When did Egypt win its seventh African Cup of Nations football title?,2010; Two thousand and ten,2010,year,Johnny Kozman,,,x
11,Johnny Kozman,,arz_arab,Egypt,ايه هو الاسم الحقيقي الكامل للمطربة المصرية المعروفة بأم كلثوم؟,فاطمة إبراهيم السيد البلتاجي,https://ar.wikipedia.org/wiki/%D8%A3%D9%85_%D9%83%D9%84%D8%AB%D9%88%D9%85_(%D9%85%D8%B7%D8%B1%D8%A8%D8%A9),What is the full real name of the famous Egyptian singer Umm Kulthum?,What is the official full name of the Egyptian singer known as Umm Kulthum?,Fatima Ibrahim El-Sayed El-Beltagy,Fatma Ibrahim El-Sayed El-Beltagy,,Johnny Kozman,,,
12,Johnny Kozman,,arz_arab,Egypt,ايه هو اللقب الشهير بتاع المطربة المصرية أم كلثوم؟,كوكب الشرق,https://ar.wikipedia.org/wiki/%D8%A3%D9%85_%D9%83%D9%84%D8%AB%D9%88%D9%85_(%D9%85%D8%B7%D8%B1%D8%A8%D8%A9),What is the famous nickname of the Egyptian singer Umm Kulthum?,What is the famous nickname of the Egyptian singer Umm Kulthum?,Star of the East,The Star of the East,,Johnny Kozman,,,
13,Johnny Kozman,,arz_arab,Egypt,المطربة أم كلثوم اتولدت في محافظة فين في مصر؟,الدقهلية,https://ar.wikipedia.org/wiki/%D8%A3%D9%85_%D9%83%D9%84%D8%AB%D9%88%D9%85_(%D9%85%D8%B7%D8%B1%D8%A8%D8%A9),In which governorate in Egypt was the singer Umm Kulthum born?,In which governorate in Egypt was the singer Umm Kulthum born?,Daqahliya,Dakahlia,,Johnny Kozman,,,
14,Johnny Kozman,,arz_arab,Egypt,الحلوه دي قامت تعجن في الفجريه الاغنيه دي معموله بمقام ايه؟,مقام حجاز,x,This sweet girl got up to knead dough at dawn. What musical scale is this song in?,"The song ""El Helwa Di Amet T'gen Fi Elfagriya "" is composed in which musical maqam?",Hijaz Maqam,Maqam Hegaz,,Johnny Kozman,,,
15,Johnny Kozman,,arz_arab,Egypt,من الي غني الاغنيه الي بتقول بحر النيل راسه في ناهيه رجليه في الناهيه التاني ؟,سيد درويش,https://www.youm7.com/story/2019/3/3/%D8%AF%D9%86%D8%AC%D9%89-%D8%AF%D9%86%D8%AC%D9%89-%D8%AD%D9%83%D8%A7%D9%8A%D8%A9-%D8%A3%D8%B4%D9%87%D8%B1-%D8%A3%D8%BA%D9%86%D9%8A%D8%A9-%D8%B9%D9%86-%D8%A7%D9%84%D9%88%D8%AD%D8%AF%D8%A9-%D8%A8%D9%8A%D9%86-%D9%85%D8%B5%D8%B1-%D9%88%D8%A7%D9%84%D8%B3%D9%88%D8%AF%D8%A7%D9%86/4159099,Who sang the song that says the Nile River has its head at one end and its feet at the other end?,"Which Egyptian artist sang the song that says ""Bahr El Nil raaso fe nahya reglo fe el nahya el tani""?",Sayed Darwish,Sayed Darwish,,Johnny Kozman,,,
16,Johnny Kozman,,arz_arab,Egypt,هو مين الي لحن الاغنيه بتاعت مياده الحناوي الي اسمها كان يا مكان ؟,بليغ حمدي,الحب اللي كان - ويكيبيديا,"Who composed the song by Mayada El Hennawy called ""Kan Ya Makan""?","Which Egyptian composer composed the song ""Kan Ya Makan"" by Mayada El Hennawy?",Baligh Hamdi,Baligh Hamdi,,Johnny Kozman,,,
17,Johnny Kozman,,arz_arab,Egypt,امتى اتوفي عبد الحليم حافظ؟,٣٠ مارس ١٩٧٧,عبد الحليم حافظ - ويكيبيديا,When did Abdel Halim Hafez die?,When did Egyptian singer Abdel Halim Hafez pass away?,"March 30, 1977","March 30, 1977",date,Johnny Kozman,,,
18,Johnny Kozman,,arz_arab,Egypt,"مين هو الموسيقار الأجنبي اللي لحن أول نشيد وطني لمصر ""سلام أفندينا""؟",جوزيبي بوجيولي,https://en.wikipedia.org/wiki/Salam_Affandina,"Who is the foreign musician who composed the first national anthem of Egypt, ""Salam Afandina""?","Which non-Egyptian composer wrote Egypt's first national anthem, ""Salam Affandina""?",Giuseppe Pucciolli,Giuseppe Pugioli,,Johnny Kozman,,,
19,Johnny Kozman,,arz_arab,Egypt,هو اغنيه اه يا شمندوره دي متغنيه بكام لغه ؟,{٢؛ اثنين} ,https://arz.wikipedia.org/wiki/%D8%B4%D9%85%D9%86%D8%AF%D9%88%D8%B1%D8%A7,"How many languages ​​is the song ""Ah Ya Shamandoura"" sung in?","How many languages is the song ""Ah Ya Shamandoura"" sung in?",{2; two},2,,Johnny Kozman,,,x
20,Johnny Kozman,,arz_arab,Egypt,الملحن عمار الشريعي اتولد فين؟,سمالوط,https://ar.wikipedia.org/wiki/%D8%B9%D9%85%D8%A7%D8%B1_%D8%A7%D9%84%D8%B4%D8%B1%D9%8A%D8%B9%D9%8A,Where was the composer Ammar El Shereei born?,In which city was the Egyptian composer Ammar El-Sherei born?,Samalut,Samalut,,Johnny Kozman,,,
21,Johnny Kozman,,arz_arab,Egypt,اللغة القبطية دي كانت بتتكتب بأي حروف؟,{الأبجدية القبطية؛حروف يونانية معدلة},https://ar.wikipedia.org/wiki/%D8%A7%D9%84%D9%84%D8%BA%D8%A9_%D8%A7%D9%84%D9%82%D8%A8%D8%B7%D9%8A%D8%A9,What letters were used to write the Coptic language?,What script was the Coptic language written in?,{Coptic alphabet; modified Greek letters},{The Coptic alphabet; Modified Greek letters},,Johnny Kozman,,,x
22,Johnny Kozman,,arz_arab,Egypt,قدماء المصريين كانوا بيعبدوا آلهة كتير. تقريباً كام إله كانوا بيعبدوا؟,{١٥٠٠ إله؛الف و خمسميه اله؛١٥٠٠},https://ar.wikipedia.org/wiki/%D8%AF%D9%8A%D8%A7%D9%86%D8%A9_%D9%82%D8%AF%D9%85%D8%A7%D8%A1_%D8%A7%D9%84%D9%85%D8%B5%D8%B1%D9%8A%D9%8A%D9%86,The ancient Egyptians worshipped many gods. Approximately how many gods did they worship?,The ancient Egyptians worshipped many gods. Approximately how many gods did they worship?,1500 gods; one thousand five hundred gods; 1500,1500,,Johnny Kozman,,,x
23,Johnny Kozman,,arz_arab,Egypt,مين هو آخر ملك مصري حكم مصر في عصر الأسرات الفرعونية؟,نختنبو الثاني,https://ar.wikipedia.org/wiki/%D9%86%D8%AE%D8%AA%D9%86%D8%A8%D9%88_%D8%A7%D9%84%D8%AB%D8%A7%D9%86%D9%8A,Who was the last Egyptian king to rule Egypt during the Pharaonic dynasties?,Who is the last Egyptian king who ruled Egypt in the era of the dynasties?,Nectanebo II,Nectanebo II,,Johnny Kozman,,,
24,Johnny Kozman,,arz_arab,Egypt,مين هو أصغر ملك في تاريخ مصر القديمة اللي حكم وهو عنده ٩ سنين؟,توت عنخ آمون,https://ar.wikipedia.org/wiki/%D8%AA%D9%88%D8%AA_%D8%B9%D9%86%D8%AE_%D8%A2%D9%85%D9%88%D9%86,Who was the youngest king in the history of ancient Egypt who ruled when he was 9 years old?,Who is the youngest king in ancient Egyptian history who ruled when he was 9 years old?,Tutankhamun,Tutankhamun,,Johnny Kozman,,,
25,Johnny Kozman,,arz_arab,Egypt,في عقيدة المصريين القدماء، القلب كان بيتوزن في الميزان قدام مين؟,أوزوريس,https://ar.wikipedia.org/wiki/%D9%85%D8%A7%D8%B9%D8%AA,"In the beliefs of the ancient Egyptians, the heart was weighed on the scales in front of whom?","In the belief of the ancient Egyptians, the heart was weighed on a scale in front of whom ?",Osiris,Osiris,,Johnny Kozman,,,
26,Johnny Kozman,,arz_arab,Egypt,مين المهندس اللي صمم الهرم المدرج للملك زوسر؟,إمحوتب,https://ar.wikipedia.org/wiki/%D9%87%D8%B1%D9%85_%D8%B3%D9%82%D8%A7%D8%B1%D8%A9,Who was the engineer who designed the Step Pyramid of King Djoser?,Who was the engineer who designed the Step Pyramid of King Zoser?,Imhotep,Imhotep,,Johnny Kozman,,,
27,Johnny Kozman,,arz_arab,Egypt,بعيدا عن يوم ٢٢ فبراير،هو الشمس بتتعامد علي وجه الملك رمسيس في يوم ايه ؟,٢٢ أكتوبر,https://www.youm7.com/story/2026/6/3/%d9%87%d9%86%d8%a7-%d9%81%d9%89-%d8%a3%d9%82%d8%b5%d9%89-%d8%a7%d9%84%d8%ac%d9%86%d9%88%d8%a8-%d8%a7%d9%84%d8%b4%d9%85%d8%b3-%d8%aa%d8%aa%d8%b9%d8%a7%d9%85%d8%af-%d8%b9%d9%84%d9%89-%d9%88%d8%ac%d9%87-%d8%b1%d9%85%d8%b3%d9%8a%d8%b3-%d8%a7%d9%84%d8%ab%d8%a7%d9%86%d9%89/7435441,"Apart from February 22nd, on what day does the sun align with the face of King Ramses?","Aside February 22, on what day does the sun align with the face of King Ramses?",October 22,October 22,,Johnny Kozman,,,
28,Johnny Kozman,,arz_arab,Egypt,الهرم الأكبر خوفو اتبنى من كام حجر تقريباً؟,{٢٫٣ مليون حجر؛ اتنين فصل تلاته مليون حجر},الهرم الأكبر - ويكيبيديا,Approximately how many stones were used to build the Great Pyramid of Khufu?,The Great Pyramid of Khufu was built from approximately how many stones?,"{2.3 million stones; two chapters, three million stones}",{2.3 million; two point three million},,Johnny Kozman,,,x
29,Johnny Kozman,,arz_arab,Egypt,"المصريين القدماء كانوا بيعبدوا إله الشمس ""رع""، وفي مرحلة من التاريخ اتحد مع إله تاني. مين هو الإله الي اتحد معاه رع؟",{حورس؛رع-حوراختي},https://ar.wikipedia.org/wiki/%D8%B1%D8%B9,"The ancient Egyptians worshipped the sun god Ra, and at one point in history, he merged with another god. Who was the god that Ra merged with?","The ancient Egyptians worshipped the sun god ""Ra"", and at some point in history he united with another god. Who is the god that Ra united with?",{Horus; Ra-Horakhty},{Horus; Ra-Horakhty},,Johnny Kozman,,,x
30,Johnny Kozman,,arz_arab,Egypt,من العالم الذي ساهم في فك شفره الحضاره المصريه ؟,جان فرانسوا شامبليون,https://ar.wikipedia.org/wiki/%D8%AC%D8%A7%D9%86_%D9%81%D8%B1%D8%A7%D9%86%D8%B3%D9%88%D8%A7_%D8%B4%D8%A7%D9%85%D8%A8%D9%84%D9%8A%D9%88%D9%86,Which scientist contributed to deciphering Egyptian civilization?,Who is the scientist who contributed to deciphering the Egyptian civilization?,Jean François Champollion,Jean-François Champollion,"entity, person",Johnny Kozman,,,x
31,Johnny Kozman,,arz_arab,Egypt,إيه كان لقب مينا نرمر بعد ما وحد مصر؟,موحد القطرين,https://ar.wikipedia.org/wiki/%D8%A7%D9%84%D8%AA%D8%A7%D8%AC_%D8%A7%D9%84%D9%85%D8%B2%D8%AF%D9%88%D8%AC,What was Menes's (Narmer's) title after he unified Egypt?,What title was given to Menes (Narmer) after he unified Egypt?,Unifying the two countries,Unifier of the Two Lands,,Johnny Kozman,,,
32,Johnny Kozman,,arz_arab,Egypt,إيه اسم القناة اللي كانت بديل لقناة السويس في عصر الفراعنة؟,قناة سيزوستريس,https://ar.wikipedia.org/wiki/%D9%82%D9%86%D8%A7%D8%A9_%D8%B3%D9%8A%D8%B2%D9%88%D8%B3%D8%AA%D8%B1%D9%8A%D8%B3,What was the name of the canal that served as an alternative to the Suez Canal during the time of the Pharaohs?,"What was the name of the ancient Egyptian precursor to the Suez Canal, built in the time of the pharaohs?",Sesostris Channel,Sesostris Channel,,Johnny Kozman,,,
33,Johnny Kozman,,arz_arab,Egypt,في كام حرف في اللغه القبطيه ؟,{٣٢ حرف؛ اتنين و تلاتين حرف؛٣٢},https://ar.wikipedia.org/wiki/%D8%A7%D9%84%D8%A3%D8%A8%D8%AC%D8%AF%D9%8A%D8%A9_%D8%A7%D9%84%D9%82%D8%A8%D8%B7%D9%8A%D8%A9,How many letters are there in the Coptic language?,How many letters are there in the Coptic language?,{32 letters; thirty-two letters; 32},{32 letters; thirty-two letters; 32},,Johnny Kozman,,,x
34,Johnny Kozman,,arz_arab,Egypt,"انا كنت سمعت ان في ملكه مصريه شجعت جوزها و اتنين من ابنهائهم انهم يحرروا مصر من الهكسوس"", هو اسمها ايه ؟",{إياح حتب؛أعح حتب الأولى},https://ar.wikipedia.org/wiki/%D8%A5%D9%8A%D8%A7%D8%AD_%D8%AD%D8%AA%D8%A8,I heard that there was an Egyptian queen who encouraged her husband and two of their sons to liberate Egypt from the Hyksos. What was her name?,"I heard that there is an Egyptian queen who encouraged her husband and two of their sons to liberate Egypt from the Hyksos, what is her name?",{Iah-hetep; Ah-hetep the First},{Iah-hetep;Ah-hetep the First},,Johnny Kozman,,,x
35,Johnny Kozman,,arz_arab,Egypt,هو مين اول ملك مصري نادي بالتوحيد في مصر القديمه ؟,{أخناتون؛أمنحتب الرابع},https://ar.wikipedia.org/wiki/%D8%A3%D8%AE%D9%86%D8%A7%D8%AA%D9%88%D9%86,Who was the first Egyptian king to call for monotheism in ancient Egypt?,Who is the first Egyptian king who called for monotheism in ancient Egypt?,{Akhenaten; Amenhotep IV},{Akhenaten; Amenhotep IV},,Johnny Kozman,,,x
36,Johnny Kozman,,arz_arab,Egypt,هو في كام نوع من الكشك في مصر ؟,{تلاتة؛٣},كشك (أكلة) - ويكيبيديا,How many types of kiosks are there in Egypt?,How many types of kishk are there in Egypt?,Three; 3,{Three; 3},,Johnny Kozman,,,x
37,Johnny Kozman,,arz_arab,Egypt,هو الكشري المصري بيدخل فيه عدس نوعه ايه؟,العدس الأسود ,https://www.youm7.com/story/2025/12/10/%D8%A5%D8%AF%D8%B1%D8%A7%D8%AC-%D8%A7%D9%84%D9%83%D8%B4%D8%B1%D9%89-%D8%A7%D9%84%D9%85%D8%B5%D8%B1%D9%89-%D9%81%D9%89-%D8%A7%D9%84%D9%8A%D9%88%D9%86%D8%B3%D9%83%D9%88-%D8%A7%D8%B9%D8%B1%D9%81%D9%89-%D8%A3%D9%81%D8%B6%D9%84-%D9%85%D9%83%D9%88%D9%86%D8%A7%D8%AA%D9%87-%D8%A7%D9%84%D8%B5%D8%AD%D9%8A%D8%A9/7229071,What type of lentils does Egyptian koshari contain?,What type of lentils does Egyptian koshari contain?,black lentils,Black lentils,,Johnny Kozman,,,
38,Johnny Kozman,,arz_arab,Egypt,عند المصريين في الاغلب بيخلوا مين ياكل المغات؟, النفساء,https://artsandculture.google.com/story/gQUxQ0pCUo2M9Q?hl=ar,"Among Egyptians, who usually eats the Maghat (a type of Egyptian dessert)?","Among Egyptians, who do they usually have eat maghat?",postpartum woman,Postpartum women,,Johnny Kozman,,,
39,Johnny Kozman,,arz_arab,Egypt,متعرفش المنديل بتاع الطرب بيبقي انهي جزء في البقره ؟,الغشاء البريتوني,طرب (أكلة) - ويكيبيديا,Do you know which part of the cow is the tissue used for singing?,"Do you know which part of the cow the ""mandil"" used for tarab comes from?",peritoneum,The peritoneal membrane,,Johnny Kozman,,,x
40,Johnny Kozman,,arz_arab,Egypt,امتي اول مره ظهر فيها الفطير المشلتت ؟,عصر الدولة القديمة,https://ar.wikipedia.org/wiki/%D9%81%D8%B7%D9%8A%D8%B1_%D9%85%D8%B4%D9%84%D8%AA%D8%AA,When did the Egyptian layered pastry (feteer meshaltet) first appear?,"When did ""fiteer meshaltet"" first appear?",Old Kingdom era,the Old Kingdom era,,Johnny Kozman,,,x
41,Johnny Kozman,,arz_arab,Egypt,الطعمية المصري بتتعمل من الفول الايه؟,الفول المدشوش,https://arz.wikipedia.org/wiki/%D8%B7%D8%B9%D9%85%D9%8A%D9%87,What kind of fava beans are used to make Egyptian falafel?,What kind of fava beans used to make Egyptian Ta'meya?,crushed fava beans,crushed fava beans,,Johnny Kozman,,,
42,Johnny Kozman,,arz_arab,Egypt,هو الجبنه المالحه المخمره اسمها ايه في مصر؟,الجبنه المش,https://ar.wikipedia.org/wiki/%D9%85%D8%B4,What is the name of fermented salty cheese in Egypt?,"What is fermented salt cheese called in Egypt ?
",Fermented salted cottage cheese,Mish Cheese,,Johnny Kozman,,,
43,Johnny Kozman,,arz_arab,Egypt,الرومي البطارخ بياخد قد ايه كحد أدنى عشان يتخمر؟,{ست شهور؛٦ شهور},الفرق بين الجبنة الرومي القديمة والجديدة - دليل شامل,How long does it take for turkey roe to ferment at a minimum?,What is the minimum fermentation time for Roumi Batarekh cheese?,{Six months; 6 months},{6 months;six months},,Johnny Kozman,,,x
44,Johnny Kozman,,arz_arab,Egypt,ايه هي محافظه المانجا ؟,الإسماعيلية,"https://www.elbalad.news/4469696#:~:text=%D9%8A%D9%82%D9%88%D9%84%20%D9%85%D9%87%D9%86%D8%AF%D8%B3%20%D8%A7%D9%84%D8%B3%D9%8A%D8%AF%20%D8%AE%D9%84%D9%8A%D9%84%20%D9%88%D9%83%D9%8A%D9%84%20%D9%88%D8%B2%D8%A7%D8%B1%D8%A9%20%D8%A7%D9%84%D8%B2%D8%B1%D8%A7%D8%B9%D8%A9%20%D8%A8%D9%85%D8%AD%D8%A7%D9%81%D8%B8%D8%A9,%D9%88%D8%A7%D9%84%D8%B1%D9%8A%20%D9%88%D9%85%D9%83%D8%A7%D9%81%D8%AD%D8%A9%20%D8%A7%D9%84%D8%A7%D9%81%D8%A7%D8%AA%20%D9%84%D9%84%D9%86%D9%87%D9%88%D8%B6%20%D8%A8%D9%87%D8%B0%D8%A7%20%D8%A7%D9%84%D9%85%D8%AD%D8%B5%D9%88%D9%84%20%D8%A7%D9%84%D8%B1%D8%A6%D9%8A%D8%B3%D9%8A%20%D9%88%D8%A7%D9%84%D9%87%D8%A7%D9%85.",What is Manga Province?,What is the governorate of mangoes in Egypt?,Ismailia,Ismailia,,Johnny Kozman,,,
45,Johnny Kozman,,arz_arab,Egypt,المشروب الرمضاني الاسود المشهور بطعمه المر والمسكر في نفس الوقت هو ايه؟,العرقسوس,https://ar.wikipedia.org/wiki/%D8%B9%D8%B1%D9%82%D8%B3%D9%88%D8%B3,What is the famous black Ramadan drink known for its bitter and intoxicating taste?,"Which traditional black Ramadan beverage is famous in Egypt for its distinct bittersweet, herbal flavor profile?",licorice,Licorice,,Johnny Kozman,,,
46,Johnny Kozman,,arz_arab,Egypt,هو الاسكندرانيه بيقولوا ايه علي الجبنه الرومي ؟,جبنة تركي,https://www.facebook.com/Alexandria2drats3adk/posts/%D9%83%D9%84-%D9%85%D8%AD%D8%A7%D9%81%D8%B8%D8%A7%D8%AA-%D8%A7%D9%84%D8%AC%D9%85%D9%87%D9%88%D8%B1%D9%8A%D8%A9-%D8%A8%D8%AA%D9%82%D9%88%D9%84-%D8%AC%D8%A8%D9%86%D8%A9-%D8%B1%D9%88%D9%85%D9%8A-%D8%A7%D9%84%D8%A7-%D8%A7%D9%84%D8%A7%D8%B3%D9%83%D9%86%D8%AF%D8%B1%D8%A7%D9%86%D9%8A%D8%A9-%D8%A8%D9%8A%D9%82%D9%88%D9%84%D9%88%D8%A7-%D8%AD%D8%A7%D8%AC%D8%A9-%D8%AA%D8%A7%D9%86%D9%8A%D8%A9/1204898001673113/,What do the people of Alexandria say about Roumy cheese?,What do Alexandrians call Roumi cheese?,Turkish cheese,Turkish cheese,,Johnny Kozman,,,x
47,Johnny Kozman,,arz_arab,Egypt,ليه الاقباط اخترعوا الطعميه ؟,بديل للحوم,https://ar.wikipedia.org/wiki/%D9%81%D9%84%D8%A7%D9%81%D9%84,Why did the Copts invent falafel?,Why did the Copts invent ta'amiya?,Meat substitute,meat alternative,,Johnny Kozman,,,x
48,Johnny Kozman,,arz_arab,Egypt,هو الشاورما المصري بتتعمل في عيش مدور كده اسمه العيش ده؟,العيش الكايزر,https://cbcsofra.com/ls/%D8%A7%D9%84%D9%81%D8%B1%D9%82-%D8%A8%D9%8A%D9%86-%D8%A7%D9%84%D8%B4%D8%A7%D9%88%D8%B1%D9%85%D8%A7-%D8%A7%D9%84%D9%85%D8%B5%D8%B1%D9%8A-%D9%88%D8%A7%D9%84%D8%B3%D9%88%D8%B1%D9%8A/,Is Egyptian shawarma made in a round bread called this bread?,Egyptian shawerma is made in some round bread. What is this bread called?,Kaiser Living,Kaiser bread,,Johnny Kozman,,,
49,Johnny Kozman,,arz_arab,Egypt,إيه اسم الساندوتش المصري اللي بيتعمل من المربى والحلاوة الطحينية والعسل؟,ساندوتش السكلانس,https://egyptopia.net/ar/article/SakalansSandwich,"What is the name of the Egyptian sandwich that is made with jam, halva, and honey?","Which traditional Egyptian sandwich is made of jam, tahini halva, and honey?",Sklans Sandwich,Seklans sandwich,,Johnny Kozman,,,
50,Johnny Kozman,,arz_arab,Egypt,ايه اكتر حاجه بتميز العيش البلدي المصري ؟,الرده,https://arz.wikipedia.org/wiki/%D8%B9%D9%8A%D8%B4_%D8%A8%D9%84%D8%AF%D9%89,What is the most distinctive feature of Egyptian baladi bread?,What is the primary ingredient that characterizes Egyptian Baladi bread over Shami bread?,The aisle,Wheat bran,,Johnny Kozman,,,
51,Johnny Kozman,,arz_arab,Egypt,هو الفسيخ المصري بيتعمل من انهي نوع سمك بالظبط؟,سمك البوري,https://ar.wikipedia.org/wiki/%D9%81%D8%B3%D9%8A%D8%AE,What type of fish exactly is Egyptian feseekh made from?,Which exact species of fish is used to make the Egyptian dish Feseekh?,mullet,Grey mullet,,Johnny Kozman,,,
52,Johnny Kozman,,arz_arab,Egypt,إيه الاسم الشعبي المشهور في مصر للشاي اللي بيتحضر بصب المية المغلية مباشرة على السكر والشاي في الكوباية؟,شاي كشري,https://www.almasryalyoum.com/news/details/3328196,What is the popular Egyptian name for the tea that is prepared by pouring boiling water directly onto the sugar and tea in the cup?, What is the popular Egyptian term for tea made by pouring boiling water directly over dry tea and sugar in the glass?,Koshari tea,Koshari tea,,Johnny Kozman,,,
53,Johnny Kozman,,arz_arab,Egypt,إيه هو المكون الرئيسي التاني الي بيستخدم في عمايل التقليه بتاعت الفته المصريه الاصيله، غير التوم ؟,الخل,https://www.elwatannews.com/news/details/7348771,"What is the second main ingredient used in making the topping for authentic Egyptian Fatteh, besides garlic?","What is the other main ingredient used to make the ""taqliya"" in authentic Egyptian Fatta, apart from garlic?",vinegar,vinegar,,Johnny Kozman,,,
54,Johnny Kozman,,arz_arab,Egypt,ايه هو السائل الاساسي اللي بتتخلل فيه الجبنة المش؟,الشرش,Aklat Shahya أكلات شهية: المش المصري بالصور خطوة خطوة,What is the main liquid that permeates the cheese?,What is the primary liquid base used to ferment and age Egyptian Mish cheese?,The root,Cheese whey,,Johnny Kozman,,,x
55,Johnny Kozman,,arz_arab,Egypt,إيه اسم الحلو المصري اللي بيتعمل من أرز باللبن وبسبوسة وكنافة وفواكه وعصير وقشطة وآيس كريم مع بعض؟,قنبلة الكرنك,https://www.foodtodayeg.com/Section-137/%D9%81%D9%88%D9%88%D8%AF-%D9%84%D8%A7%D9%8A%D8%AA/%D9%82%D9%86%D8%A8%D9%84%D8%A9-%D8%A7%D9%84%D9%83%D8%B1%D9%86%D9%83-%D8%A7%D8%B9%D8%B1%D9%81-%D8%AD%D9%83%D8%A7%D9%8A%D8%A9-%D8%A3%D8%B4%D9%87%D8%B1-%D8%B7%D8%A8%D9%82-%D8%AD%D9%84%D9%88%D9%8A%D8%A7%D8%AA-%D8%A8%D8%A7%D9%84%D8%B3%D9%8A%D8%AF%D8%A9-%D8%B2%D9%8A%D9%86%D8%A8-%D9%85%D9%83%D9%88%D9%86-%D9%85%D9%86-8-%D8%B7%D8%A8%D9%82%D8%A7%D8%AA-18288,"What is the name of the Egyptian dessert that is made from rice pudding, basbousa, kunafa, fruits, juice, cream, and ice cream all together?","Which Egyptian dessert is made by combining rice pudding, basbousa, kunafa, fruit, juice, cream, and ice cream into one large serving?",Karnak Bomb,Karnak Bomb,,Johnny Kozman,,,
56,Johnny Kozman,,arz_arab,Egypt,هو في اسامي تانيه للتحليه المصريه المعروفه بللقمه القاضي ؟,زلابية,https://ar.wikipedia.org/wiki/%D9%84%D9%82%D9%8A%D9%85%D8%A7%D8%AA,Are there other names for the Egyptian dessert known as Luqmat al-Qadi?,What is the other name for the Egyptian dessert known as Lokmat Al-Qadi?,dumpling,Zalabia,,Johnny Kozman,,,
57,Johnny Kozman,,arz_arab,Egypt,إيه اسم رياضة المبارزة بالعصاية اللي نشأت في مصر القديمة ولسه أهل الصعيد بيلعبوها في المهرجانات لحد النهارده؟,التحطيب,https://ar.wikipedia.org/wiki/%D8%AA%D8%AD%D8%B7%D9%8A%D8%A8,What is the name of the stick-fighting sport that originated in ancient Egypt and is still played by the people of Upper Egypt in festivals to this day?,What is the name of the traditional stick-fencing sport that originated in Ancient Egypt and is still practiced in Upper Egypt today?,Woodcutting,Tahtib,,Johnny Kozman,,,
58,Johnny Kozman,,arz_arab,Egypt,مين هو ملك مصر القديمة الشهير من الأسرة الـتمنتاشر اللي اتعرف بقوته الخارقة ودقته في رياضة الرماية بالقوس والسهم لدرجه انه اصاب هدف نحاس اربعتاشر مره ورا بعض؟,أمنحتب الثاني,https://ar.wikipedia.org/wiki/%D8%A3%D9%85%D9%86%D8%AD%D8%AA%D8%A8_%D8%A7%D9%84%D8%AB%D8%A7%D9%86%D9%8A,"Who was the famous ancient Egyptian king from the Eighteenth Dynasty who was known for his extraordinary strength and accuracy in archery, to the point that he hit a copper target fourteen times in a row?",Which famous 18th-dynasty Ancient Egyptian Pharaoh was legendary for his exceptional strength and prowess in archery competitions?,Amenhotep II,Amenhotep II,,Johnny Kozman,,,
59,Johnny Kozman,,arz_arab,Egypt,إيه اسم الاحتفال الملكي القديم اللي كان الملك فيه لازم يجري مسار محدد حوالين المقبرة لإثبات لياقته البدنية وقدرته على مواصلة الحكم؟,عيد سد,https://ar.wikipedia.org/wiki/%D8%B9%D9%8A%D8%AF_%D8%B3%D8%AF,What was the name of the ancient royal ceremony in which the king had to run a specific route around the tomb to prove his physical fitness and ability to continue ruling?,What is the name of the ancient Egyptian royal celebration in which the king had to run a specific path around the tomb to prove his physical fitness and ability to continue ruling?,Dam holiday,Sed festival,,Johnny Kozman,,,
60,Johnny Kozman,,arz_arab,Egypt,أقدم نقش أثري بيوضح حركات رياضة المصارعة بالتفصيل في مصر القديمة موجود في سقارة جوه مقبرة الوزير مين؟,بتاح حتب,https://akhbarelyom.com/news/newdetails/4603588/1/-%D8%A7%D9%84%D8%B1%D9%8A%D8%A7%D8%B6%D8%A9-%D9%81%D9%8A-%D9%85%D8%B5%D8%B1-%D8%A7%D9%84%D9%82%D8%AF%D9%8A%D9%85%D8%A9--%D8%A5%D8%B1%D8%AB-%D8%AD%D8%B6%D8%A7%D8%B1%D9%8A-%D8%B3%D8%A8%D9%82-%D8%A7,"The oldest archaeological inscription that illustrates wrestling movements in detail in ancient Egypt is located in Saqqara, inside the tomb of the vizier. Whose tomb?",Which Ancient Egyptian minister's tomb in Saqqara contains the oldest detailed graphic inscriptions of traditional wrestling movements?,Ptahhotep,Ptahhotep,,Johnny Kozman,,,
61,Johnny Kozman,,arz_arab,Egypt,النقوش الفرعونية وضحت إن قدماء المصريين لعبوا رياضة شبيهة بالهوكي الحديث بمضرب من فروع النخيل، النقوش دي اكتشفوها في مقابر محافظة إيه؟,المنيا,https://www.youm7.com/story/2021/8/3/%D8%A7%D9%84%D9%81%D8%B1%D8%A7%D8%B9%D9%86%D8%A9-%D9%88%D8%A7%D9%84%D8%A3%D9%84%D8%B9%D8%A7%D8%A8-%D8%A7%D9%84%D8%A3%D9%88%D9%84%D9%85%D8%A8%D9%8A%D8%A9-%D8%A7%D9%87%D8%AA%D9%85%D9%88%D8%A7-%D8%A8%D8%A7%D9%84%D9%81%D8%B1%D9%88%D8%B3%D9%8A%D8%A9-%D9%88%D8%A7%D9%84%D8%B1%D9%85%D8%A7%D9%8A%D8%A9-%D9%88%D8%A7%D9%84%D9%81%D8%AA%D9%8A%D8%A7%D8%AA-%D8%A3%D8%AC%D8%AF%D9%86-%D8%A7%D9%84%D8%AC%D9%85%D8%A8%D8%A7%D8%B2/5406898,Pharaonic inscriptions revealed that the ancient Egyptians played a sport similar to modern hockey with a bat made of palm branches. Which governorate's tombs were these inscriptions discovered in?,"According to pharaonic murals showing an early adaptation of field hockey using palm-frond sticks, in which modern Egyptian governorate were these tombs discovered?",Minya,Minya,,Johnny Kozman,,,
62,Johnny Kozman,,arz_arab,Egypt,"في لعبة ""صيادين السمك"" المشهوره في مصر، إيه الأداة أو الشيء الأساسي اللي بيستخدمه الصياد عشان يضرب بيه باقي اللعيبة ويطلعهم برة؟",كوره,https://www.nfa-eg.org/En/Inventory_Details.aspx?ID=44,"In the popular Egyptian game ""Fishermen"", what is the main tool or object that the fisherman uses to hit the other players and kick them out?","In the famous Egyptian game ""Fishermen"", what is the main tool or object that the fisherman uses to hit the other players and get them out?",football,ball,,Johnny Kozman,,,
63,Johnny Kozman,,arz_arab,Egypt,"في لعبة الكوتشينة ""الطرنيب""، كام عدد النقاط الإجمالي اللي الفريق بيحاول يوصله عشان يكسب الجيم تماماً؟",{٣١؛٣١ نقطة},كيف تلعب الطرنيب: شرح كامل ومفصل,"In the card game ""Tarneeb"", what is the total number of points that the team is trying to reach in order to win the game completely?","In the traditional card game Tarneeb, what is the standard target score required for a team to win the match?",{31;31 points},{31 points; 31},,Johnny Kozman,,,x
64,Johnny Kozman,,arz_arab,Egypt,في ماتشات كورة الشارع في مصر، لما الكورة تعدي من بين رجلين اللاعب بالظبط، الحركة دي اسمها إيه؟,كوبري,https://www.facebook.com/Ibrahimsalih2222/posts/%D9%81%D9%8A-%D9%84%D8%BA%D8%A9-%D8%A7%D9%84%D8%AF%D8%A7%D9%81%D9%88%D8%B1%D9%8A-%D8%A7%D9%84%D8%A8%D8%B3%D9%8A%D8%B7-%D8%B9%D9%86%D8%AF%D9%86%D8%A7-%D8%AD%D8%A7%D8%AC%D8%A9-%D8%A7%D8%B3%D9%85%D9%87%D8%A7-%D8%A7%D9%84%D9%83%D9%88%D8%A8%D8%B1%D9%8A-%D9%87%D9%88-%D9%85%D9%87%D8%A7%D8%B1%D8%A9-%D9%85%D8%B1%D8%A7%D9%88%D8%BA%D8%A9-%D9%8A%D8%AA%D9%85-%D9%81%D9%8A%D9%87%D8%A7-%D8%AA%D9%85%D8%B1%D9%8A%D8%B1-%D8%A7/1190739896585223/,"In street football matches in Egypt, when the ball passes exactly between the player's legs, what is this move called?","In Egyptian street football, what is the slang term for nutmegging an opponent?",Bridge,Bridge,,Johnny Kozman,,,x
65,Johnny Kozman,,arz_arab,Egypt,إيه اسم لعبة الكوتشينة الشعبية في مصر اللي بتعتمد على التخلص من الورق، والخسران الأخير بياخد أحكام من باقي اللعيبة؟,الشايب,https://blog.jawaker.com/shayeb-rules/,"What is the name of the popular card game in Egypt that involves getting rid of cards, and the last loser gets judgments from the other players?","What is the name of the popular Egyptian card game where the goal is to get rid of all your cards, and the final loser has to accept ""punishments"" (ahkam) from the other players?",The old man,The Old Man,,Johnny Kozman,,,
66,Johnny Kozman,,arz_arab,Egypt,في لعبة الدومينو على القهوة، البلاطة اللي مفيهاش أي نقط خالص (٠-٠) المصريين بيسموها إيه؟,بلاطة بيضاء,https://www.almrsal.com/post/982194,"In the game of dominoes over coffee, what do Egyptians call the tile that has absolutely no dots (0-0)?","In the game of dominoes at the café, what do Egyptians call the tile that has no dots at all (0-0)?",white tile,white tile,"entity, other",Johnny Kozman,,,
67,Johnny Kozman,,arz_arab,Egypt,هو العيال الصغيره في مصر لما بيجوا يعملوا قرعه بيغنوا يقولوا ايه ؟,حادي بادي كرنب زبادي,https://alsahafa.org/show_news.php?id=792#google_vignette,What do little children in Egypt sing when they draw lots?,"What do young children in Egypt chant when they do a draw (lottery) to decide who goes first or who is ""it""?",Hady Bady Karnab Zabadi,Hadi badi cabbage yogurt,"entity, food",Johnny Kozman,,,
68,Johnny Kozman,,arz_arab,Egypt,ماذا يطلق المصريين علي الرخ باللهجه المصريه ؟,الطابية,https://ar.wikipedia.org/wiki/%D8%B1%D8%AE_(%D8%B4%D8%B7%D8%B1%D9%86%D8%AC),What do Egyptians call a rock in the Egyptian dialect?,What do Egyptians call the rook chess piece in the Egyptian dialect?,The Tabia,Al-Tabeya,,Johnny Kozman,,,
69,Johnny Kozman,,arz_arab,Egypt,إيه الكلمة التقليدية اللي بيقولها الطفل اللي عليه الدور في لعبة الاستغماية قبل ما يبدأ يدور على أصحابه؟,خلاويص ... اجيب البوليس,https://www.almasryalyoum.com/news/details/2260269,What is the traditional word that the child whose turn it is says in a game of hide-and-seek before he starts looking for his friends?,What is the traditional phrase that the child whose turn it is in the game of hide-and-seek says before he starts looking for his friends?,Okay... I'll call the police.,Khalawis ... I'll bring the police,,Johnny Kozman,,,
70,Johnny Kozman,,arz_arab,Egypt,"في لعبة الشارع المشهورة، الطفل لما بيحب يهرب من اللي بيمسكه بيقف في مكان مرتفع ويقول ""كيكا على"" إيه؟",العالي,7 ألعاب شعبية اختفت من الأحياء المصرية بسبب التكنولوجيا والسوشيال ميديا - اليوم السابع,"In the popular street game, when a child wants to escape from the person who is holding him, he stands in a high place and says ""Kika on what?""","In the famous Egyptian street game, when a child wants to escape from the one chasing him, he stands on a high place and says ""Kika ʿala"" what?",High,the high place,,Johnny Kozman,,,x
71,Johnny Kozman,,arz_arab,Egypt,هو المصريين بيسموا اللعبه الشعبية المعموله من الخشب وبيدخل فيها حديده من تحت وبتلف بخيط بسرعة على الأرض ايه؟,{النحلة؛الدبور},7 ألعاب شعبية اختفت من الأحياء المصرية بسبب التكنولوجيا والسوشيال ميديا - اليوم السابع,What do Egyptians call the popular game made of wood with a metal rod underneath that spins quickly on the ground with a string?,"What do Egyptians call the traditional folk toy made of wood, with a piece of iron at the bottom, that spins rapidly on the ground when a string is pulled?",{The bee; the wasp},{the Bee; the Wasp},,Johnny Kozman,,,x
72,Johnny Kozman,,arz_arab,Egypt,إيه اسم لعبة الحارة التقليدية اللي بتعتمد على رص قطع حجرية فوق بعضها ومحاولة إسقاطها بالكرة؟,السبع طوبات,https://www.elbalad.news/5047470,What is the name of the traditional neighborhood game that involves stacking stones on top of each other and trying to knock them down with a ball?,What is the name of the traditional Egyptian street game that involves stacking pieces of stone or brick and trying to knock them down with a ball?,The Seven Bricks,The Seven Stones,,Johnny Kozman,,,
73,Johnny Kozman,,arz_arab,Egypt,إيه اسم التاج المزدوج اللي كان بيلبسه ملوك مصر الموحدة، الأبيض والأحمر؟,البشنت,https://ar.wikipedia.org/wiki/%D8%A7%D9%84%D8%AA%D8%A7%D8%AC_%D8%A7%D9%84%D9%85%D8%B2%D8%AF%D9%88%D8%AC,"What was the name of the double crown worn by the kings of unified Egypt, the white and the red?",What is the name of the double crown (white + red) worn by kings of a unified Egypt?,The bishant,The Pschent ,,Johnny Kozman,,,
74,Johnny Kozman,,arz_arab,Egypt,في لعبة الطاولة المصرية، إيه الاسم الشهير المأخوذ من الفارسية اللي بيتقال لما النردين يظهروا برقم (5-5)؟,دبش,https://ar.wikipedia.org/wiki/%D9%84%D8%B9%D8%A8%D8%A9_%D8%A7%D9%84%D8%B7%D8%A7%D9%88%D9%84%D8%A9,"In the Egyptian backgammon game, what is the famous name taken from the Persian word that is said when the dice appear with the number (5-5)?","In the Egyptian backgammon game, what is the famous name taken from the Persian word that is said when the dice appear with the number (5-5)?",Dabsh,Dabash,,Johnny Kozman,,,
75,Johnny Kozman,,arz_arab,Egypt,إيه اسم لعبة الشارع الحركية القديمة اللي فيها واحد بيجري ورا أصحابه، واللي بيلمسه لازم يقف في مكانه زي التمثال وميتحركش خالص لحد ما حد يِفِكّه؟,{ثبت صنم:تماثيل اسكندريه},ألعاب الطفولة في شكلها الجديد | المصري اليوم,"What is the name of the old street action game where someone runs after their friends, and whoever touches them has to stand still like a statue and not move at all until someone unties them?",What is the classic Egyptian street tag game where tagged players must freeze like statues until a teammate unfreezes them?,{Idol Proven: Statues of Alexandria},{Stop the Statue:Alexandria Statues},,Johnny Kozman,,,x
76,Johnny Kozman,,arz_arab,Egypt,إيه الاسم الشعبي المشهور للطبلة الصغيرة المحدبة اللي بيخبط عليها المسحراتي وهو بيلف في شوارع مصر؟,البازة,https://www.bbc.com/arabic/articles/cq57j10e92qo,"What is the popular name for the small, convex drum that the Ramadan drummer beats while walking through the streets of Egypt?","What is the traditional name for the specific small, metallic drum used by the Mesaharati during Ramadan in Egypt?",The bug,Al-Baza,,Johnny Kozman,,,
77,Johnny Kozman,,arz_arab,Egypt,إيه اللقب الدارج في الشارع المصري للشخص اللي بينظم ركنة العربيات في الشوارع والميادين مقابل فلوس؟,السايس,https://ar.wikipedia.org/wiki/%D8%B3%D8%A7%D8%A6%D8%B3,What is the common nickname in the Egyptian street for the person who organizes parking in the streets and squares in exchange for money?,What is the colloquial Egyptian term for an informal street parking attendant who manages vehicle parking slots?,The groom,Al-Sayes,,Johnny Kozman,,,
78,Johnny Kozman,,arz_arab,Egypt,"في برنامج ""مسرح مصر""، مين قال جملة ""ها هو هيه يا ولا""؟",علي ربيع,https://m.akhbarelyom.com/news/newdetails/611310/1/,"In the program ""Masrah Masr"", who said the phrase ""Ha hu hi ya wala""?","In the show ""Masrah Masr"" (Egypt Theater), who said the phrase ""Ha how heya ya w la""?",Ali Rabee,Ali Rabie,,Johnny Kozman,,,
79,Johnny Kozman,,arz_arab,Egypt,"عماد الراهب جسد شخصية ""حسين باشا صبري"" في أي مسلسل تاريخي شهير؟",الملك فاروق,https://ar.wikipedia.org/wiki/%D8%B9%D9%85%D8%A7%D8%AF_%D8%A7%D9%84%D8%B1%D8%A7%D9%87%D8%A8,"In which famous historical series did Emad Al-Raheb portray the character of ""Hussein Pasha Sabri""?","Emad El-Raheb played the character of ""Hussein Pasha Sabry"" in which famous Egyptian historical series?",King Farouk,King Farouk,,Johnny Kozman,,,
80,Johnny Kozman,,arz_arab,Egypt,مين لعب شخصية صاحب سيف (شريف) في مسلسل نيللي وشريهان؟,معتز التوني,https://elcinema.com/work/2041906/cast,Who played the character of Saif's friend (Sharif) in the Nelly and Sherihan series?,"Who plays the character of Saif's friend, Sharif, in the Egyptian series ""Nelly and Sherihan""?",Moataz El-Touny,Moataz El-Touny,,Johnny Kozman,,,
81,Johnny Kozman,,arz_arab,Egypt,(من النهارده مفيش حكومه) الممثل الي قال الجمله دي مين ؟,أحمد السقا,https://www.alquds.co.uk/%D8%A7%D9%84%D8%AC%D8%B2%D9%8A%D8%B1%D8%A9-%D8%A7%D9%84%D8%AC%D9%85%D9%87%D9%88%D8%B1-%D9%8A%D8%B5%D9%81%D9%82-%D8%AD%D9%8A%D9%86-%D9%8A%D9%82%D9%88%D9%84-%D8%A7%D9%84%D8%A8%D8%B7%D9%84-%D9%85/,(From today there is no government) Who is the actor who said this sentence?,"Who is the Egyptian actor who said the phrase ""From today, there is no government""?",Ahmed El Sakka,Ahmed El-Sakka,,Johnny Kozman,,,
82,Johnny Kozman,,arz_arab,Egypt,هي اصغر بنات عبد الغفور البرعي دخلت انهي جامعه ؟,الجامعة الأمريكية بالقاهرة,https://ar.wikipedia.org/wiki/%D9%84%D9%86_%D8%A3%D8%B9%D9%8A%D8%B4_%D9%81%D9%8A_%D8%AC%D9%84%D8%A8%D8%A7%D8%A8_%D8%A3%D8%A8%D9%8A_(%D9%85%D8%B3%D9%84%D8%B3%D9%84),Which university did Abdul Ghafour Al-Burai's youngest daughter attend?,Which university did the youngest daughter of Abdul Ghafour Al-Bar'ei attend?,American University in Cairo,The American University in Cairo,,Johnny Kozman,,,
83,Johnny Kozman,,arz_arab,Egypt,هو في فيلم كده رضا كان واحد من الاخوات التلاته بيشجع نادي ايه في الدوري المصري ؟,الأهلي,https://ar.wikipedia.org/w/index.php?diff=45716784,"In the movie ""Keda Reda"", which of the three sisters did he support in the Egyptian league?","In the movie ""Keda Reda"", which club did one of the three brothers support in the Egyptian league?",Al Ahly,Al-Ahly,,Johnny Kozman,,,
84,Johnny Kozman,,arz_arab,Egypt,الفنان فؤاد المهندس مشهور في أوساط المسرح المصري بلقب إيه؟,الأستاذ,فؤاد المهندس - ويكيبيديا,What nickname is the artist Fouad El-Mohandes famous for in Egyptian theater circles?,The artist Fouad El-Mohandes is famous in the circles of the Egyptian theater by what title?,Professor,"{Al-Ostaz; The Professor}
",,Johnny Kozman,,,x
85,Johnny Kozman,,arz_arab,Egypt,"من هو الاقتصادي المصري الشهير الذي أسس ""ستوديو مصر"" عام ١٩٣٥ لدعم صناعة السينما؟",طلعت حرب,https://ar.wikipedia.org/wiki/%D8%B3%D8%AA%D9%88%D8%AF%D9%8A%D9%88_%D9%85%D8%B5%D8%B1,"Who is the famous Egyptian economist who founded ""Studio Misr"" in 1935 to support the film industry?","Which prominent historical Egyptian economist established ""Studio Misr"" in 1935 to institutionalize domestic film production?",Talaat Harb,Talaat Harb,,Johnny Kozman,,,
86,Johnny Kozman,,arz_arab,Egypt,ايه اسم اول فيلم لاسماعيل يسن ؟,خلف الحبايب,https://ar.wikipedia.org/wiki/%D8%A5%D8%B3%D9%85%D8%A7%D8%B9%D9%8A%D9%84_%D9%8A%D8%A7%D8%B3%D9%8A%D9%86,What was the name of Ismail Yassin's first film?,What is the title of Egyptian actor Ismail Yassin's first film?,Behind the loved ones,Behind the Lovers,,Johnny Kozman,,,
87,Johnny Kozman,,arz_arab,Egypt,في انهي مسلسل تمت التريقه من فيلم شمش الزناتي ؟,الكبير أوي,https://www.youm7.com/story/2014/7/11/%D8%A3%D8%AD%D9%85%D8%AF-%D9%85%D9%83%D9%89-%D9%8A%D9%82%D9%84%D8%AF-%D8%B9%D8%A7%D8%AF%D9%84-%D8%A5%D9%85%D8%A7%D9%85-%D9%81%D9%89-%D8%B4%D8%AE%D8%B5%D9%8A%D8%A9-%D8%B4%D9%85%D8%B3-%D8%A7%D9%84%D8%B2%D9%86%D8%A7%D8%AA%D9%89-%D8%B6%D9%85%D9%86/1770230,"Which TV series was made fun of in the movie ""Shams El Zanaty""?","In which Egyptian series was the movie ""Shams Al-Zanaty"" parodied?",The Big One,The Great,,Johnny Kozman,,,
88,Johnny Kozman,,arz_arab,Egypt,"في فيلم ""صعيدي في الجامعة الأمريكية""، إيه الاسم الكامل للشخصية اللي لعبها محمد هنيدي؟",خلف الدهشوري خلف,https://ar.wikipedia.org/wiki/%D8%B5%D8%B9%D9%8A%D8%AF%D9%8A_%D9%81%D9%8A_%D8%A7%D9%84%D8%AC%D8%A7%D9%85%D8%B9%D8%A9_%D8%A7%D9%84%D8%A3%D9%85%D8%B1%D9%8A%D9%83%D9%8A%D8%A9_(%D9%81%D9%84%D9%85),"In the movie ""Sa'idi in the American University"", what is the full name of the character played by Mohamed Henedy?","In the movie ""An Upper Egyptian at the American University"", what is the full name of the character played by Mohamed Henedy?",Khalaf Al-Dahshouri Khalaf,Khalaf Al-Dahshouri Khalaf,,Johnny Kozman,,,
89,Johnny Kozman,,arz_arab,Egypt,"مين الفنانة الرائدة اللي بتعتبر أول امرأة تنتج وتخرج فيلم روائي مصري صامت سنة ١٩٢٧ وهو فيلم ""ليلى""؟",عزيزة أمير,https://ar.wikipedia.org/wiki/%D8%B9%D8%B2%D9%8A%D8%B2%D8%A9_%D8%A3%D9%85%D9%8A%D8%B1,"Who is the pioneering artist who is considered the first woman to produce and direct a silent Egyptian feature film in 1927, the film ""Layla""?","Which historic female pioneer is credited as the first woman to produce and star in an Egyptian silent feature film (Laila, 1927)?",Aziza Amir,Aziza Amir,,Johnny Kozman,,,
90,Johnny Kozman,,arz_arab,Egypt,"إيه اسم الشخصية الأيقونية اللي لعبها أحمد مكي وتتميز بشعرها البرتقالي الكثيف وظهرت في فيلم ""طير إنت""؟",حزلقوم,https://ar.wikipedia.org/wiki/%D8%AD%D8%B2%D9%84%D9%82%D9%88%D9%85,"What is the name of the iconic character played by Ahmed Mekky, who is distinguished by his thick orange hair and appeared in the movie ""Teer Enta""?","What is the name of the iconic character played by Ahmed Mekky, characterized by thick orange hair, who appeared in the movie ""Teer Enta""?",Hazlaqoum,Hazaloum,,Johnny Kozman,,,
91,Johnny Kozman,,arz_arab,Egypt,"إيه اسم الشخصية الكوميدية الشهيرة اللي لعبها محمد سعد في فيلم ""الناظر"" وبقت سلسلة أفلام لوحدها؟",اللمبي,https://ar.wikipedia.org/wiki/%D8%A7%D9%84%D9%84%D9%85%D8%A8%D9%8A_(%D9%81%D9%84%D9%85),"What is the name of the famous comedic character played by Mohamed Saad in the movie ""El Nazer"" that became a series of movies on its own?","What is the name of the famous Egyptian comedy character that Mohamed Saad played in the movie ""Al-Nazer"" and became a movie series on its own?",The Lampi,El-Limby,,Johnny Kozman,,,
92,Johnny Kozman,,arz_arab,Egypt,"مين الفنان الكوميدي المصري الراحل اللي اشتهر بتقديم الشخصية الخيالية الطفولية ""فطوطة""؟",سمير غانم,https://ar.wikipedia.org/wiki/%D8%B3%D9%85%D9%8A%D8%B1_%D8%BA%D8%A7%D9%86%D9%85,"Who was the late Egyptian comedian who was famous for presenting the imaginary childhood character ""Fatouta""?","Who is the late Egyptian comedian who was famous for presenting the childish fictional character ""Fattouta""?",Samir Ghanem,Samir Ghanem,,Johnny Kozman,,,
93,Johnny Kozman,,arz_arab,Egypt,"إيه اسم المسرحية الكوميدية الشهيرة اللي ظهرت فيها شخصيات ""مرسي الزناتي"" و""بهجت الأباصيري""؟",مدرسة المشاغبين,https://ar.wikipedia.org/wiki/%D9%85%D8%AF%D8%B1%D8%B3%D8%A9_%D8%A7%D9%84%D9%85%D8%B4%D8%A7%D8%BA%D8%A8%D9%8A%D9%86_(%D9%85%D8%B3%D8%B1%D8%AD%D9%8A%D8%A9),"What is the name of the famous comedy play in which the characters ""Morsi El-Zenaty"" and ""Bahgat El-Abasiri"" appeared?","What is the name of the famous Egyptian comedy play in which the characters ""Morsi El Zanaty"" and ""Bahgat El Abasiry"" appeared?",School of Mischief,The School of Mischief-Makers,,Johnny Kozman,,,
94,Johnny Kozman,,arz_arab,Egypt,"لو حد قال ""هو انا هشم على ضهر ايدي""، فهو بيعبر عن استنكاره لمعرفة حاجة معينة ؟",المستقبل,https://www.safahat.org/books/93047907/11/,"If someone says, ""Am I going to break the back of my hand?"", are they expressing their disapproval of knowing something specific?","In Egypt, if someone says ""Do I smell on the back of my hand?"", Is he expressing his denial of knowing a specific thing?",the future,The future,,Johnny Kozman,,,
95,Johnny Kozman,,arz_arab,Egypt,انزل من علي ودني دي معناها ايه؟,كفايه الحاح,https://www.copts-united.com/Article.php?I=5418&A=775836,"What does ""get off my ears"" mean?","In Egyptian slang, hat does ""get off my ear"" mean?",Enough nagging,Stop nagging,,Johnny Kozman,,,x
96,Johnny Kozman,,arz_arab,Egypt,ما هو الويسكي الحلال ؟,مية السلطة,https://www.christian-dogma.com/2182567,What is halal whiskey?,"What is ""halal whiskey""?",Water of authority,Water of a Salad ,,Johnny Kozman,,,x
97,Johnny Kozman,,arz_arab,Egypt,إيه اسم الطائر اللي المصريين بيستخدموه لوصف الشخص اللي دايماً بيجيب النحس أو الحظ السيء؟,البومه,"https://www.youm7.com/story/2024/4/6/%D8%AC%D9%88%D8%AF%D8%B1-%D8%A7%D9%84%D8%AD%D9%84%D9%82%D8%A9-12-%D8%A7%D9%84%D8%A8%D9%88%D9%85%D8%A9-%D8%AD%D8%A7%D9%85%D9%89-%D8%A7%D9%84%D8%A3%D8%B1%D9%88%D8%A7%D8%AD-%D9%81%D9%8A-%D9%85%D8%B5%D8%B1-%D8%A7%D9%84%D9%82%D8%AF%D9%8A%D9%85%D8%A9-%D9%88%D9%81%D8%A3%D9%84/6537330#:~:text=%D8%B8%D9%87%D8%B1%20%D9%81%D9%8A%20%D8%A7%D9%84%D8%AD%D9%84%D9%82%D8%A9%20%D8%A7%D9%84%D8%AB%D8%A7%D9%86%D9%8A%D8%A9%20%D8%B9%D8%B4%D8%B1%D8%A9%20%D9%85%D9%86%20%D9%85%D8%B3%D9%84%D8%B3%D9%84%20%D8%AC%D9%88%D8%AF%D8%B1,%D9%87%D8%B0%D8%A7%20%D8%A7%D9%84%D8%B7%D8%A7%D8%A6%D8%B1%20%D9%81%D9%8A%20%D9%85%D8%B5%D8%B1%20%D8%A7%D9%84%D9%82%D8%AF%D9%8A%D9%85%D8%A9%D8%8C%20%D9%88%D8%A7%D9%84%D8%B9%D8%B1%D8%A8%20%D9%82%D8%A8%D9%84%20%D8%A7%D9%84%D8%A5%D8%B3%D9%84%D8%A7%D9%85%D8%9F",What is the name of the bird that Egyptians use to describe a person who always brings bad luck or misfortune?,Which bird's name is used in Egypt to describe someone who acts as a jinx or a bringer of bad luck?,The owl,The owl,,Johnny Kozman,,,
98,Johnny Kozman,,arz_arab,Egypt,هو المثل بيقولك ايه ؟ يموت الزمار و صوابعه مالها ؟,بتلعب,https://www.montahanews.com/19445,"What does the proverb say? ""The musician dies, but what about his fingers?""","What does the proverb say? ""The piper dies, and what about his fingers?""",Playing,play,,Johnny Kozman,,,x
99,Johnny Kozman,,arz_arab,Egypt,"إيه الكلمة الدارجة المستوحاة من اسم جهاز إرسال قديم، وبيقولها الشباب بمعنى ""كبر دماغك"" أو ""طنش الحوار""؟",فاكس,https://7rnksh.com/index/96/%D9%81%D8%A7%D9%83%D8%B3,"What is the common word inspired by the name of an old transmitter, which young people use to mean ""ignore it"" or ""let go of the conversation""?","What is the colloquial word inspired by an old transmitting device, used by young people to mean ""take it easy"" or ""ignore it""?",Fax,Fa-x,,Johnny Kozman,,,x
100,Johnny Kozman,,arz_arab,Egypt,"إيه الكلمة الناقصة في المثل الشعبي اللي بيعلم الناس الاعتماد على أصحاب الخبرة والتجربة ""اسأل... ولا تسأل طبيب""؟",مجرب,https://lite.almasryalyoum.com/main/271849/,"What is the missing word in the popular proverb that teaches people to rely on those with experience and expertise: ""Ask... but don't ask a doctor""?","What is the missing word in the popular proverb that teaches people to rely on people of experience ""Ask... and do not ask a doctor""?",fitter,An experienced person,,Johnny Kozman,,,x
101,Johnny Kozman,,arz_arab,Egypt,"إيه الكلمة الناقصة في النصيحة الحياتية اللي بتحث على الكتمان وقضاء الحوائج في السر ""داري على شمعتك...""؟",تقيد,https://www.masrawy.com/howa_w_hya/relationship/details/2025/8/26/2843254/-%D8%AF%D8%A7%D8%B1%D9%8A-%D8%B9%D9%84%D9%89-%D8%B4%D9%85%D8%B9%D8%AA%D9%83-%D8%AA%D9%82%D9%8A%D8%AF-%D8%A7%D9%84%D9%82%D8%B5%D8%A9-%D8%A7%D9%84%D8%AD%D9%82%D9%8A%D9%82%D9%8A%D8%A9-%D9%84%D9%84%D9%85%D8%AB%D9%84-%D8%A7%D9%84%D8%B4%D8%B9%D8%A8%D9%8A-%D8%A7%D9%84%D8%B4%D9%87%D9%8A%D8%B1,"What is the missing word in the life advice that urges secrecy and fulfilling needs in secret, ""Keep your candle hidden...""?","In the classic Egyptian advice on privacy and discretion, what is the missing word in the proverb ""Shield your candle so it...""?",Restriction,Stays lit,,Johnny Kozman,,,x
102,Johnny Kozman,,arz_arab,Egypt,"إيه التعبير الناقص في الدرس الحياتي اللي بيعلم الناس تعيش على قد إمكانياتها المادية ""على قد لحافك...""؟",مد رجليك,https://www.elwatannews.com/news/details/7749899,"What is the missing expression in the life lesson that teaches people to live within their financial means, ""living within your means...""?","In the classic Egyptian lesson on financial prudence and living within one's means, what is the missing phrase in the proverb ""Stretch your legs as far as your quilt goes""?",Stretch your legs,extend your legs,,Johnny Kozman,,,x
103,Johnny Kozman,,arz_arab,Egypt,"إيه الكلمة الناقصة في المثل اللي بيعلم الناس فعل الخير والجدعنة دون انتظار مقابل ""اعمل الخير وارميه في...""؟",البحر,https://www.nahwalhadaf.com/167/12709/%D8%A7%D8%B9%D9%85%D9%84%20%D8%A7%D9%84%D8%AE%D9%8A%D8%B1%20%D9%88%D8%A7%D8%B1%D9%85%D9%8A%D9%87%20%D9%81%D9%8A%20%D8%A7%D9%84%D8%A8%D8%AD%D8%B1,"What is the missing word in the proverb that teaches people to do good and be generous without expecting anything in return: ""Do good and throw it into...""?","What is the missing word in the proverb that teaches people to do good without waiting for a reward ""Do good and throw it in...""?",the sea,the sea,,Johnny Kozman,,,x
104,Johnny Kozman,,arz_arab,Egypt,يعني ايه فهلوه عند المصريين؟,{الدهاء؛التحايل؛الذكاء},ثقافة الفهلوة | المصري اليوم,"What does ""fahlooh"" mean to Egyptians?","What does the Egyptian colloquial term ""fahlawa"" mean?",{Cunning; Deception; Intelligence},{Cunning;Trickery; Intelligence},,Johnny Kozman,,,x
105,Johnny Kozman,,arz_arab,Egypt,إيه الكلمة الدارجة المشهورة المكونة من قطعتين اللي المصريين بيقولوها وهما بيمدوا كف إيدهم لمنع الحسد؟,خمسة وخميسة,https://ar.wikipedia.org/wiki/%D8%AE%D9%85%D8%B3%D8%A9_(%D8%AA%D8%B9%D9%88%D9%8A%D8%B0),What is the popular two-part phrase that Egyptians say when they extend their palm to ward off envy?,What is the famous colloquial two-word phrase that Egyptians say while extending the palm of their hand to ward off the evil eye?,Five and five,Five and five,,Johnny Kozman,,,
106,Johnny Kozman,,arz_arab,Egypt,إيه الكلمة الدارجة اللي المصريين بيقولوها على البيعة الرخيصة أو الفرصة العظيمة اللي صعب تتكرر؟,لقطة,https://attadorgham.ahlamontada.net/t339-topic,What is the common word that Egyptians use to describe a cheap sale or a great opportunity that is difficult to repeat?,"What colloquial noun do Egyptians use to describe an incredible bargain or a rare, unbeatable deal?",snapshot,Loqta,,Johnny Kozman,,,
107,Johnny Kozman,,arz_arab,Egypt,إيه اسم الفاكهة اللي المصريين بيستخدموها في الكلام الدارج لوصف حاجة فشلت تماماً وملهاش أي قيمة؟,بلح,https://ar.mo3jam.com/term/%D8%A8%D9%84%D8%AD#Egyptian,What is the name of the fruit that Egyptians use in colloquial speech to describe something that has completely failed and has no value?,Which fruit name do Egyptians use colloquially to describe a total failure or something completely useless?,Dates,Dates,,Johnny Kozman,,,
108,Johnny Kozman,,arz_arab,Egypt,إيه اسم الخضار اللي المصريين بيستخدموه ككلمة دارجة للتعبير عن المحسوبية والوساطة في المصالح؟,الكوسة,https://www.elwatannews.com/news/details/3368575,What is the name of the vegetable that Egyptians use as a colloquial word to express nepotism and favoritism in business dealings?,Which vegetable name is used in Egyptian slang as a definitive term for nepotism and favoritism?,zucchini,Zucchini,,Johnny Kozman,,,
109,Johnny Kozman,,arz_arab,Egypt,"المثل المصري ""الشاطرة تغزل برجل حمار"" معناه إيه؟",الإبداع رغم ضعف الإمكانيات,https://www.youm7.com/story/2023/4/9/%D9%82%D8%A7%D9%84%D9%88%D9%87%D8%A7-%D9%81%D9%8A-%D8%A7%D9%84%D8%A3%D9%85%D8%AB%D8%A7%D9%84-%D8%A7%D9%84%D8%B4%D8%A7%D8%B7%D8%B1%D8%A9-%D8%AA%D8%BA%D8%B2%D9%84-%D8%A8%D8%B1%D8%AC%D9%84-%D8%AD%D9%85%D8%A7%D8%B1/6143008,"What does the Egyptian proverb ""The clever one spins with a donkey's leg"" mean?","What does the Egyptian proverb ""The clever woman sews with a donkey's leg"" mean?",Creativity despite limited resources,Creativity despite limited resources,,Johnny Kozman,,,x
110,Johnny Kozman,,arz_arab,Egypt,من هو الحيوان في مصر الي يقال عليه صديق الفلاح؟,ابو قردان,"https://www.aspdkw.com/ksag/%D9%86%D8%A8%D8%B0%D8%A9-%D8%AA%D8%B9%D8%B1%D9%8A%D9%81%D9%8A%D8%A9-%D8%B9%D9%86-%D8%B7%D8%A7%D8%A6%D8%B1-%D8%A3%D8%A8%D9%88-%D9%82%D9%90%D8%B1%D9%92%D8%AF%D9%8E%D8%A7%D9%86/#:~:text=%D8%A3%D8%A8%D9%88%20%D9%82%D8%B1%D8%AF%D8%A7%D9%86%20%D8%B7%D8%A7%D8%A6%D8%B1%20%D9%85%D9%86%20%D8%A3%D9%82%D8%A7%D8%B1%D8%A8%20%D8%A7%D9%84%D8%A8%D9%84%D8%B4%D9%88%D9%86%20%D9%88%20%D8%A7%D9%84%D9%84%D9%82%D9%84%D9%82%D8%8C,%D8%A7%D9%84%D8%AF%D9%8A%D8%AF%D8%A7%D9%86%20%D9%88%D8%A7%D9%84%D8%AD%D8%B4%D9%80%D8%B1%D8%A7%D8%AA%20%D8%A7%D9%84%D8%AA%D9%8A%20%D8%AA%D8%A4%D8%B0%D9%8A%20%D8%A7%D9%84%D8%A8%D8%B0%D9%88%D8%B1%20%D8%A7%D9%84%D9%85%D8%B2%D8%B1%D9%88%D8%B9%D8%A9%20%D9%81%D9%8A%20%D8%A7%D9%84%D8%A3%D8%B1%D8%B6.",Which animal in Egypt is called the farmer's friend?,Which animal in Egypt is called the farmer's friend?,Abu Qardan,the Cattle Egret,,Johnny Kozman,,,
111,Johnny Kozman,,arz_arab,Egypt,المصريين بيسموا انهي حيوان سيد قشطه؟,فرس النهر,"https://www.africanopark.com/ar/blog/%D8%AD%D8%AF-%D9%8A%D8%B9%D8%B1%D9%81-%D9%84%D9%8A%D8%A9-%D8%A7%D9%84%D8%AD%D9%8A%D9%88%D8%A7%D9%86-%D8%AF%D8%A7-%D8%A7%D8%B3%D9%85%D8%A9-%D8%B3%D9%8A%D8%AF-%D9%82%D8%B4%D8%B7%D8%A9-%D8%9F%D8%9F-23#:~:text=%D9%8A%D9%8F%D8%B3%D9%85%D9%89%20%D9%81%D8%B1%D8%B3%20%D8%A7%D9%84%D9%86%D9%87%D8%B1%20%D9%81%D9%8A%20%D9%85%D8%B5%D8%B1%20%22%D8%B3%D9%8A%D8%AF%20%D9%82%D8%B4%D8%B7%D8%A9%22%20%D9%86%D8%B3%D8%A8%D8%A9%D9%8B,%D8%A7%D9%84%D9%82%D8%B4%D8%B7%D8%A9%D8%8C%20%D8%A3%D9%88%20%D8%A8%D8%B3%D8%A8%D8%A8%20%D9%85%D8%B8%D9%87%D8%B1%20%D8%A7%D9%84%D8%AD%D9%8A%D9%88%D8%A7%D9%86%20%D8%A7%D9%84%D8%B4%D8%A8%D9%8A%D9%87%20%D8%A8%D9%80%22%D8%A7%D9%84%D9%82%D8%B4%D8%B7%D8%A9%22%20%28%D8%A7%D9%84%D9%83%D8%B1%D9%8A%D9%85%D8%A9%29.","What animal do Egyptians call ""Sayed Qeshta""?","What animal do Egyptians call ""Sayyid Qishṭa/Mr. Cream""?",hippopotamus,The hippopotamus,,Johnny Kozman,,,
112,Johnny Kozman,,arz_arab,Egypt,هل الطائر الي مرسوم علي علم مصر هو إيه؟,العقاب المصري,نسر علم مصر - توثيق اعتماد رمز النسر في مصر كرمز للجمهورية - Vet Alex,What is the bird depicted on the Egyptian flag?,What is the bird depicted on Egypt's flag?,Egyptian punishment,The Egyptian eagle,,Johnny Kozman,,,x
113,Johnny Kozman,,arz_arab,Egypt,القاهره الكبري بتتكون من كام محافظه؟,{تلاته؛٣},القاهرة الكبرى - ويكيبيديا,How many governorates are made up of in Greater Cairo?,How many governorates does Greater Cairo consist of?,{Three;3},{three; 3},,Johnny Kozman,,,x
114,Johnny Kozman,,arz_arab,Egypt,"مين هو صاحب عباره ""لو الزمالك كسب بطل الدوري يبقي الزمالك بطل الدوري""؟",مرتضى منصور,https://www.filgoal.com/videos/30129,"Who is the person who said, ""If Zamalek wins the league title, then Zamalek is the league champion""?","Who said the phrase ""If Zamalek beats the league champion, then Zamalek is the league champion""?",Murtaza Mansour,Mortada Mansour,,Johnny Kozman,,,x
115,Johnny Kozman,,arz_arab,Egypt,ايه هو اللحن القبطي المعروف باللحن الشامي؟,بيك إثرونوس,https://madraset-elshamamsa.com/al7an/php/Osbo3ElAlam/BekEthronos.php,What is the Coptic melody known as the Levantine melody?,"What is the Coptic hymn known as the ""Shami"" (Levantine) melody?",Pik Ethronos,Pek Ethronos,,Johnny Kozman,,,
116,Johnny Kozman,,arz_arab,Egypt,اهو اللحن المستوحي من اناشيد الفرعون الي بيتقال في القداس قبل دخول الحمل؟,إبؤرو,x,Is this the melody inspired by the Pharaoh's hymns that is sung in the Mass before the entrance of the Lamb?,"What is the hymn inspired by ancient Egyptian (Pharaonic) chants, recited during the liturgy before the presentation of the lamb?",Iburu,Epouro,,Johnny Kozman,,,x
117,Johnny Kozman,,arz_arab,Egypt,ايه هي اشهر اداه موسيقيه مستخدمه في كنايس مصر؟,الصنج والمثلث,موسيقى قبطية - ويكيبيديا,What is the most famous musical instrument used in Egyptian churches?,What are the most famous musical instruments used in Egyptian (Coptic) churches?,Cymbals and triangle,Cymbals and triangle,,Johnny Kozman,,,x
118,Johnny Kozman,,arz_arab,Egypt,هو تصميم برج القاهره مستوحي من ايه؟,زهرة اللوتس المصرية,https://ar.wikipedia.org/wiki/%D8%A8%D8%B1%D8%AC_%D8%A7%D9%84%D9%82%D8%A7%D9%87%D8%B1%D8%A9,What is the design of the Cairo Tower inspired by?,What is the design of the Cairo Tower inspired by?,Egyptian lotus flower,The Egyptian lotus flower,,Johnny Kozman,,,
119,Johnny Kozman,,arz_arab,Egypt,اشهر قريه معروفه بعمايل و اصل البليله في مصر ؟,اجا,https://www.youm7.com/story/2020/1/7/%D9%85%D8%B4-%D8%A5%D9%84%D9%83-%D8%AF%D8%B9%D9%88%D8%A9-%D8%B9%D9%84%D8%A7%D9%88%D9%84%D8%A9-%D8%AD%D9%83%D8%A7%D9%8A%D8%A9-%D8%B3%D9%8A%D8%AF-%D9%86%D8%A7%D9%81%D8%B9-%D8%B5%D8%A7%D8%AD%D8%A8-%D8%A3%D8%B4%D9%87%D8%B1-%D9%81%D9%8A%D8%AF%D9%8A%D9%88%D9%87%D8%A7%D8%AA/4576601,Which village is most famous for its preparation and origin of balila (a chickpea dish) in Egypt?,"Which is the most famous village in Egypt known for its craftsmanship and as the origin of the dish ""balila""?",He came,Aga,,Johnny Kozman,,,
120,Johnny Kozman,,arz_arab,Egypt,انهي محافظه في مصر بيقوا مش الك دعوه بدل ملكش دعوه,محافظة الشرقية,https://www.youm7.com/story/2020/1/7/%D9%85%D8%B4-%D8%A5%D9%84%D9%83-%D8%AF%D8%B9%D9%88%D8%A9-%D8%B9%D9%84%D8%A7%D9%88%D9%84%D8%A9-%D8%AD%D9%83%D8%A7%D9%8A%D8%A9-%D8%B3%D9%8A%D8%AF-%D9%86%D8%A7%D9%81%D8%B9-%D8%B5%D8%A7%D8%AD%D8%A8-%D8%A3%D8%B4%D9%87%D8%B1-%D9%81%D9%8A%D8%AF%D9%8A%D9%88%D9%87%D8%A7%D8%AA/4576601,"Which governorate in Egypt do they say ""it's none of your business"" instead of ""it's none of your business""?","Which governorate in Egypt do they say ""not for you the concern"" instead of ""you don't have the concern""?",Sharqia Governorate,Sharkia Governorate,,Johnny Kozman,"In Egyptian Arabic, there are multiple regional sub-dialects. The phrase ""مش الك دعوة"" (mesh elak daawa – literally ""not for you the concern"") is a distinct feature of the Sharqawi sub-dialect, spoken in Sharkia Governorate. Meanwhile, ""ملكش دعوة"" (malaksh daawa – literally ""you don't have a concern"") is the more common version used in other Egyptian dialects, such as the Cairene dialect. Both expressions mean ""mind your own business"" / ""don't interfere"".",,
121,Johnny Kozman,,arz_arab,Egypt,ايه هي اكتر محافظه في مصر بتنتج قصب السكر؟,قنا,"https://akhbarelyom.com/news/newdetails/4516488/1/120-%D8%A3%D9%84%D9%81-%D9%81%D8%AF%D8%A7%D9%86-%D9%82%D8%B5%D8%A8-%D8%AA%D9%86%D8%AA%D8%AC-%D9%85%D8%B2%D8%A7%D8%AC-%D8%A7%D9%84%D9%85%D8%B5%D8%B1%D9%8A%D9%8A%D9%86-%D9%88%D8%A7%D8%B3%D8%AA#:~:text=%D8%AA%D8%B4%D8%AA%D9%87%D8%B1%20%D9%85%D8%AD%D8%A7%D9%81%D8%B8%D8%A9%20%D9%82%D9%86%D8%A7%20%D8%8C%20%D8%A8%D8%B2%D8%B1%D8%A7%D8%B9%D8%A9%20%D9%85%D8%AD%D8%B5%D9%88%D9%84%20%D8%A7%D9%84%D9%82%D8%B5%D8%A8%D8%8C%20%D9%88%D8%A7%D9%84%D8%B0%D9%8A,%D9%85%D9%86%D9%87%20%D8%A7%D9%84%D8%B9%D8%B3%D9%84%20%D8%A7%D9%84%D8%A3%D8%B3%D9%88%D8%AF%20%D8%A7%D9%84%D8%B0%D9%8A%20%D8%AA%D8%B4%D8%AA%D9%87%D8%B1%20%D8%A8%D9%87%20%D9%86%D8%AC%D8%B9%20%D8%AD%D9%85%D8%A7%D8%AF%D9%8A.",Which governorate in Egypt produces the most sugarcane?,Which governorate produces the most sugarcane in Egypt?,Qena,Qena,,Johnny Kozman,,,
122,Johnny Kozman,,arz_arab,Egypt,من هي عروس البحر الابيض المتوسط ؟,الاسكندريه,"https://mawdoo3.com/%D8%B9%D8%B1%D9%88%D8%B3_%D8%A7%D9%84%D8%A8%D8%AD%D8%B1_%D8%A7%D9%84%D9%85%D8%AA%D9%88%D8%B3%D8%B7#:~:text=%D8%A3%D8%B7%D9%84%D9%82%20%D9%84%D9%82%D8%A8%20%22%D8%B9%D8%B1%D9%88%D8%B3%20%D8%A7%D9%84%D8%A8%D8%AD%D8%B1%20%D8%A7%D9%84%D9%85%D8%AA%D9%88%D8%B3%D8%B7%22%20%D8%B9%D9%84%D9%89%20%D9%85%D8%AF%D9%8A%D9%86%D8%A9%20%D8%A7%D9%84%D8%A5%D8%B3%D9%83%D9%86%D8%AF%D8%B1%D9%8A%D8%A9,%D9%8A%D8%A8%D9%84%D8%BA%20%D8%A7%D8%B1%D8%AA%D9%81%D8%A7%D8%B9%D9%87%D8%A7%20%D8%AB%D9%85%D8%A7%D9%86%D9%8A%D8%A9%20%D8%A3%D9%82%D8%AF%D8%A7%D9%85%20%D8%AA%D8%AD%D8%AA%20%D9%85%D8%B3%D8%AA%D9%88%D9%89%20%D8%B3%D8%B7%D8%AD%20%D8%A7%D9%84%D8%A8%D8%AD%D8%B1.",Who is the bride of the Mediterranean?,"What Egyptian city is known as the ""Bride of the Mediterranean""?",Alexandria,Alexandria,,Johnny Kozman,,,
123,Johnny Kozman,,arz_arab,Egypt,مين بلد الاثاث في مصر ؟,دمياط,https://daralmaref.com/News/1260997.aspx,Which country in Egypt manufactures furniture?,Which city is known as the furniture city in Egypt?,Damietta,Damietta,,Johnny Kozman,,,
124,Johnny Kozman,,arz_arab,Egypt,الصعيد يمتد من محافظه ايه لمحافظه ايه ؟,من الجيزة لأسوان,https://ar.wikipedia.org/wiki/%D8%B5%D8%B9%D9%8A%D8%AF_%D9%85%D8%B5%D8%B1,Upper Egypt extends from which governorate to which governorate?,From which governorate to which governorate does Upper Egypt extend?,From Giza to Aswan,From Giza to Aswan,,Johnny Kozman,,,
125,Johnny Kozman,,arz_arab,Egypt,إيه أكبر محافظة مصرية من حيث المساحة الجغرافية وبتغطي حوالي ثلث مساحة الجمهورية؟,الوادي الجديد,https://ar.wikipedia.org/wiki/%D9%85%D8%AD%D8%A7%D9%81%D8%B8%D8%A9_%D8%A7%D9%84%D9%88%D8%A7%D8%AF%D9%8A_%D8%A7%D9%84%D8%AC%D8%AF%D9%8A%D8%AF,"Which is the largest Egyptian governorate in terms of geographical area, covering about one-third of the country's area?","What is the largest Egyptian governorate in terms of geographical area, covering about a third of the republic's area?",New Valley,The New Valley,,Johnny Kozman,,,
126,Johnny Kozman,,arz_arab,Egypt,عبد الحليم حافظ اتوفي بسبب ايه؟,تشمع الكبد,https://ar.wikipedia.org/wiki/%D8%B9%D8%A8%D8%AF_%D8%A7%D9%84%D8%AD%D9%84%D9%8A%D9%85_%D8%AD%D8%A7%D9%81%D8%B8,What was the cause of Abdel Halim Hafez's death?,What illness caused the death of Egyptian singer Abdel Halim Hafez?,liver cirrhosis,Liver cirrhosis,,Johnny Kozman,,,
127,Johnny Kozman,,arz_arab,Egypt,في عقيدة المصريين القدماء، القلب كان بيتوزن بإيه في الميزان؟,ريشة ماعت,https://ar.wikipedia.org/wiki/%D9%85%D8%A7%D8%B9%D8%AA,"In the beliefs of the ancient Egyptians, what was the heart weighed on the scales?","In the belief of the ancient Egyptians, what object was the heart weighed against on the scale?",Maat's feather,The feather of Maat,,Johnny Kozman,,,
128,Johnny Kozman,,arz_arab,Egypt,إيه هي المهنة الحقيقية للفنان معتز التوني اللي لعب شخصية شريف في مسلسل نيللي وشريهان؟,مخرج أفلام,https://elcinema.com/work/2041906/cast,"What is the real profession of the artist Moataz El-Touny, who played the character of Sherif in the series Nelly and Sherihan?","What is the real-life profession of actor Moataz El-Touny, who played Sharif in ""Nelly and Sherihan""?",Film director,Film director,,Johnny Kozman, ,,
129,Johnny Kozman,,arz_arab,Egypt,"في انهي فيلم قال أحمد السقا جملة ""من النهارده مفيش حكومة""؟",فيلم الجزيرة (2007),الجزيرة : الجمهور يصفق حين يقول البطل مفيش حكومة.. انا الحكومة,"In which movie did Ahmed El Sakka say the line ""From today there is no government""?","In which movie did Ahmed El-Sakka say the phrase ""From today, there is no government""?",The Island (2007),{El-Gezeira; The Island},,Johnny Kozman,,,x
130,Abdelrahman Sadallah,Marwah Alaofi,arz_arab,Egypt,إيه اسم المعبد المشهور في الأقصر وبيعتبر من أكبر دور العبادة؟,الكرنك,https://ar.wikipedia.org/wiki/%D9%85%D8%B9%D8%A8%D8%AF_%D8%A7%D9%84%D9%83%D8%B1%D9%86%D9%83,What is the name of the famous temple in Luxor that is considered one of the largest places of worship?,"What is the name of the famous temple in Luxor, which is considered one of the largest places of worship?",Karnak,Al-Karnak Temple,,Abdelrahman Sadallah,Category: Tourism and Cultural Heritage,AR,x
131,Abdelrahman Sadallah,Marwah Alaofi,arz_arab,Egypt,إيه اسم الجبل اللي مبني عليه قلعة صلاح الدين في القاهرة؟,المقطم,https://ar.wikipedia.org/wiki/%D9%82%D9%84%D8%B9%D8%A9_%D8%B5%D9%84%D8%A7%D8%AD_%D8%A7%D9%84%D8%AF%D9%8A%D9%86_%D8%A7%D9%84%D8%A3%D9%8A%D9%88%D8%A8%D9%8A_(%D8%A7%D9%84%D9%82%D8%A7%D9%87%D8%B1%D8%A9),What is the name of the mountain on which Saladin's Citadel in Cairo is built?,What is the name of the mountain on which Saladin's Citadel in Cairo was built?,Al-Muqattam,Al-Muqattam Mountain,,Abdelrahman Sadallah,Category: Tourism and Cultural Heritage,AR,
132,Abdelrahman Sadallah,Marwah Alaofi,arz_arab,Egypt,إيه اسم أكبر هرم في أهرامات الجيزة في مصر؟,خوفو,https://ar.wikipedia.org/wiki/%D8%A7%D9%84%D9%87%D8%B1%D9%85_%D8%A7%D9%84%D8%A3%D9%83%D8%A8%D8%B1,What is the name of the largest pyramid in the Giza pyramids in Egypt?,What is the name of the largest pyramid in the Giza pyramids in Egypt?,Khufu,Khufu,,Abdelrahman Sadallah,Category: Tourism and Cultural Heritage,AR,x
133,Abdelrahman Sadallah,Marwah Alaofi,arz_arab,Egypt,إيه اسم المعبد المشهور اللي اتنقل في أسوان عشان مايغرقش؟,فيلة,https://ar.wikipedia.org/wiki/%D9%81%D9%8A%D9%84%D8%A9,What is the name of the famous temple that was moved in Aswan so that it wouldn't sink?,What is the name of the famous temple that was moved in Aswan to avoid being submerged?,elephant,Philae temple,,Abdelrahman Sadallah,Category: Tourism and Cultural Heritage,AR,
134,Abdelrahman Sadallah,Marwah Alaofi,arz_arab,Egypt,في أي مدينة موجود المعبد المخصص لعبادة الإله حورس؟,إدفو,https://ar.wikipedia.org/wiki/%D9%85%D8%B9%D8%A8%D8%AF_%D8%A5%D8%AF%D9%81%D9%88,In which city is the temple dedicated to the worship of the god Horus located?,In which city is the temple dedicated to the worship of the god Horus located?,Edfu,Edfu,,Abdelrahman Sadallah,Category: Tourism and Cultural Heritage,AR,
135,Abdelrahman Sadallah,Marwah Alaofi,arz_arab,Egypt,إيه هي المدينة المصرية اللي بتتسمى مدينة المية باب؟,الأقصر,https://ar.wikipedia.org/wiki/%D8%A7%D9%84%D8%A3%D9%82%D8%B5%D8%B1,Which Egyptian city is called the City of a Hundred Gates?,What is the Egyptian city called the City of a Hundred Gates?,Luxor,Luxor,,Abdelrahman Sadallah,Category: Tourism and Cultural Heritage,AR,
136,Abdelrahman Sadallah,Marwah Alaofi,arz_arab,Egypt,إيه هي المدينة اللي موجود فيها السد العالي؟,أسوان,https://ar.wikipedia.org/wiki/%D8%A3%D8%B3%D9%88%D8%A7%D9%86,Which city is the High Dam located in?,Which Egyptian city is the High Dam located in?,Aswan,Aswan,,Abdelrahman Sadallah,Category: Tourism and Cultural Heritage,AR,
137,Abdelrahman Sadallah,Marwah Alaofi,arz_arab,Egypt,إيه اسم القلعة المشهورة اللي اتبنت مكان منارة إسكندرية؟,قايتباي,https://ar.wikipedia.org/wiki/%D9%82%D9%84%D8%B9%D8%A9_%D9%82%D8%A7%D9%8A%D8%AA%D8%A8%D8%A7%D9%8A,What is the name of the famous castle that was built on the site of the Lighthouse of Alexandria?,What is the name of the famous castle that was built on the site of the Lighthouse of Alexandria?,Qaitbay,Qaitbay castle ,,Abdelrahman Sadallah,Category: Tourism and Cultural Heritage,AR,
138,Abdelrahman Sadallah,Marwah Alaofi,arz_arab,Egypt,إيه هي أول عاصمة لمصر القديمة؟,متف,https://ar.wikipedia.org/wiki/%D9%85%D9%86%D9%81,What was the first capital of ancient Egypt?,What was the first capital of ancient Egypt?,Mutf,Manf,,Abdelrahman Sadallah,Category: Tourism and Cultural Heritage,AR,
139,Abdelrahman Sadallah,Marwah Alaofi,arz_arab,Egypt,إيه هو الاسم القديم لمدينة الأقصر؟,طيبة,https://ar.wikipedia.org/wiki/%D8%B7%D9%8A%D8%A8%D8%A9_%28%D9%85%D8%B5%D8%B1%29,What is the ancient name of the city of Luxor?,What is the ancient name of the city of Luxor?,Good,Thebes,,Abdelrahman Sadallah,Category: Tourism and Cultural Heritage,AR,x
140,Abdelrahman Sadallah,Marwah Alaofi,arz_arab,Egypt,إيه اسم المنطقة التاريخية اللي بتمتد جنوب أسوان؟,النوبة,https://ar.wikipedia.org/wiki/%D8%A7%D9%84%D9%86%D9%88%D8%A8%D8%A9,What is the name of the historical area that extends south of Aswan?,What is the historical name of the area extending south of Aswan?,Nubia,Nubia,,Abdelrahman Sadallah,Category: Tourism and Cultural Heritage,AR,
141,Abdelrahman Sadallah,Marwah Alaofi,arz_arab,Egypt,إيه هي أول عاصمة إسلامية في مصر؟,الفسطاط,https://ar.wikipedia.org/wiki/%D8%A7%D9%84%D9%81%D8%B3%D8%B7%D8%A7%D8%B7,What was the first Islamic capital in Egypt?,What was the first Islamic capital in Egypt?,Fustat,Fustat,,Abdelrahman Sadallah,Category: Tourism and Cultural Heritage,AR,
142,Abdelrahman Sadallah,Marwah Alaofi,arz_arab,Egypt,إيه اسم الجامع اللي بناه الفاطميين في القاهرة؟,الأزهر,https://ar.wikipedia.org/wiki/%D8%A7%D9%84%D8%AC%D8%A7%D9%85%D8%B9_%D8%A7%D9%84%D8%A3%D8%B2%D9%87%D8%B1,What is the name of the mosque that the Fatimids built in Cairo?,What is the name of the mosque that the Fatimids built in Cairo?,Al-Azhar,Al-Azhar,,Abdelrahman Sadallah,Category: Tourism and Cultural Heritage,AR,
143,Abdelrahman Sadallah,Marwah Alaofi,arz_arab,Egypt,في أي مدينة مصرية لقوا الحجر اللي فك رموز الكتابة الهيروغليفية؟,رشيد,https://ar.wikipedia.org/wiki/%D8%AD%D8%AC%D8%B1_%D8%B1%D8%B4%D9%8A%D8%AF,In which Egyptian city did they find the stone that deciphered the hieroglyphic writing?,In which Egyptian city was the stone that deciphered hieroglyphic writing discovered?,Rashid,Rashid,,Abdelrahman Sadallah,Category: Tourism and Cultural Heritage,AR,
144,Abdelrahman Sadallah,Marwah Alaofi,arz_arab,Egypt,إيه اسم المعبد المشهور بعبادة الإلهة حتحور في قنا؟,دندرة,https://ar.wikipedia.org/wiki/%D8%AF%D9%86%D8%AF%D8%B1%D8%A9,What is the name of the temple in Qena famous for worshipping the goddess Hathor?,What is the name of the famous temple in Qena dedicated to the worship of the goddess Hathor?,Dendera,Dendera,,Abdelrahman Sadallah,Category: Tourism and Cultural Heritage,AR,
145,Abdelrahman Sadallah,Marwah Alaofi,arz_arab,Egypt,إيه هي المدينة المقدسة لأوزيريس في سوهاج؟,أبيدوس,https://ar.wikipedia.org/wiki/%D8%A3%D8%A8%D9%8A%D8%AF%D9%88%D8%B3,What is the holy city of Osiris in Sohag?,What is the holy city of Osiris in Sohag?,Abydos,Abydos,,Abdelrahman Sadallah,Category: Tourism and Cultural Heritage,AR,
146,Abdelrahman Sadallah,Marwah Alaofi,arz_arab,Egypt,فين موجود هرم زوسر المدرج؟,سقارة,https://ar.wikipedia.org/wiki/%D8%B3%D9%82%D8%A7%D8%B1%D8%A9,Where is the Step Pyramid of Djoser located?,Where is the Step Pyramid of Djoser located?,Saqqara,Saqqara,,Abdelrahman Sadallah,Category: Tourism and Cultural Heritage,AR,x
147,Abdelrahman Sadallah,Marwah Alaofi,arz_arab,Egypt,فين موجود الهرم المايل والهرم الأحمر؟,دهشور,https://ar.wikipedia.org/wiki/%D8%AF%D9%87%D8%B4%D9%88%D8%B1,Where are the Leaning Pyramid and the Red Pyramid located?,Where are the Bent Pyramid and the Red Pyramid located?,Dahshur,Dahshur,,Abdelrahman Sadallah,Category: Tourism and Cultural Heritage,AR,
148,Abdelrahman Sadallah,Marwah Alaofi,arz_arab,Egypt,فين موجود الهرم الكداب في محافظة بني سويف؟,ميدوم,https://ar.wikipedia.org/wiki/%D9%87%D8%B1%D9%85_%D9%85%D9%8A%D8%AF%D9%88%D9%85,Where is the fake pyramid located in Beni Suef Governorate?,Where is the false pyramid located in Beni Suef Governorate?,Midom,Midom,,Abdelrahman Sadallah,Category: Tourism and Cultural Heritage,AR,
149,Abdelrahman Sadallah,Marwah Alaofi,arz_arab,Egypt,إيه اسم الواحة اللي زارها الإسكندر الأكبر في مصر؟,سيوة,https://ar.wikipedia.org/wiki/%D8%B3%D9%8A%D9%88%D8%A9,What is the name of the oasis that Alexander the Great visited in Egypt?,What is the name of the oasis that Alexander the Great visited in Egypt?,Siwa,Siwa,,Abdelrahman Sadallah,Category: Tourism and Cultural Heritage,AR,
150,Abdelrahman Sadallah,Marwah Alaofi,arz_arab,Egypt,إيه اسم الواحة اللي موجود فيها الصحراء البيضاء؟,الفرافرة,https://ar.wikipedia.org/wiki/%D9%85%D8%AD%D9%85%D9%8A%D8%A9_%D8%A7%D9%84%D8%B5%D8%AD%D8%B1%D8%A7%D8%A1_%D8%A7%D9%84%D8%A8%D9%8A%D8%B6%D8%A7%D8%A1,What is the name of the oasis where the White Desert is located?,What is the name of the oasis in which the White Desert Reserve is located?,Farafra,Farafra,,Abdelrahman Sadallah,Category: Tourism and Cultural Heritage,AR,
151,Abdelrahman Sadallah,Marwah Alaofi,arz_arab,Egypt,مين الملكة اللي اتبنى ليها معبد الدير البحري؟,حتشبسوت,https://ar.wikipedia.org/wiki/%D8%A7%D9%84%D8%AF%D9%8A%D8%B1_%D8%A7%D9%84%D8%A8%D8%AD%D8%B1%D9%8A,Who was the queen for whom the Deir el-Bahari temple was built?,Who was the queen for whom the Deir el-Bahari temple was built?,Hatshepsut,Hatshepsut,,Abdelrahman Sadallah,Category: Tourism and Cultural Heritage,AR,
152,Abdelrahman Sadallah,Marwah Alaofi,arz_arab,Egypt,مين الفرعون اللي وحد القطرين في مصر القديمة؟,مينا,https://ar.wikipedia.org/wiki/%D9%86%D8%B9%D8%B1%D9%85%D8%B1,Who was the pharaoh who unified the two lands in ancient Egypt?,Who was the pharaoh who unified the two lands in ancient Egypt?,enamel,King Mina,,Abdelrahman Sadallah,Category: Tourism and Cultural Heritage,AR,
153,Abdelrahman Sadallah,Marwah Alaofi,arz_arab,Egypt,إيه هي شبه الجزيرة اللي فيها دير سانت كاترين؟,سيناء,https://ar.wikipedia.org/wiki/%D8%B4%D8%A8%D9%87_%D8%AC%D8%B2%D9%8A%D8%B1%D8%A9_%D8%B3%D9%8A%D9%86%D8%A7%D8%A1,Which peninsula is Saint Catherine's Monastery located on?,Which peninsula in Egypt is Saint Catherine's Monastery located on?,Sinai,Sinai,,Abdelrahman Sadallah,Category: Tourism and Cultural Heritage,AR,
154,Abdelrahman Sadallah,Marwah Alaofi,arz_arab,Egypt,إيه هو النهر اللي بيمر في مصر وبيعتبر شريان الحياة فيها؟,النيل,https://ar.wikipedia.org/wiki/%D9%86%D9%87%D8%B1_%D8%A7%D9%84%D9%86%D9%8A%D9%84,What is the river that runs through Egypt and is considered its lifeblood?,What is the river that runs through Egypt and is considered its lifeblood?,Nile,Nile,,Abdelrahman Sadallah,Category: Tourism and Cultural Heritage,AR,x
155,Abdelrahman Sadallah,Marwah Alaofi,arz_arab,Egypt,إيه هو اللبس التقليدي الواسع اللي بيلبسه الرجالة في الفلاحين في مصر؟,جلابية,https://ar.wikipedia.org/wiki/%D8%AC%D9%84%D8%A7%D8%A8%D9%8A%D8%A9,What is the traditional loose-fitting clothing worn by men in rural Egypt?,"What is the traditional, wide-legged clothing worn by men in the Egyptian countryside?",Jalabiya,Jalabiya,,Abdelrahman Sadallah,Category: Traditional Dishes and Cooking,AR,
156,Abdelrahman Sadallah,Marwah Alaofi,arz_arab,Egypt,إيه هو غطاء الراس الأحمر القديم اللي كان بيلبسه الرجالة في مصر؟,طربوش,https://ar.wikipedia.org/wiki/%D8%B7%D8%B1%D8%A8%D9%88%D8%B4,What is the old red head covering that men used to wear in Egypt?,What is the historical red headdress that men used to wear in Egypt?,Tarboosh,Tarboosh,,Abdelrahman Sadallah,Category: Traditional Dishes and Cooking,AR,
157,Abdelrahman Sadallah,Marwah Alaofi,arz_arab,Egypt,إيه اسم الجلابية السودا الحرير اللي كانت بتلبسها الستات في الفلاحين في مصر؟,ملس,https://ar.wikipedia.org/wiki/%D8%A7%D9%84%D9%85%D9%84%D8%B3,What is the name of the black silk galabiya that women in the countryside of Egypt used to wear?,What was the name of the black silk dress that rural women in Egypt used to wear?,smoothie,Malas,,Abdelrahman Sadallah,Category: Traditional Dishes and Cooking,AR,
158,Abdelrahman Sadallah,Marwah Alaofi,arz_arab,Egypt,إيه هو غطاء الوش التقليدي اللي كانت بتلبسه الستات زمان في مصر؟,برقع,https://gate.ahram.org.eg/News/5068763.aspx,What is the traditional face covering that women used to wear in Egypt?,What was the traditional face covering that women used to wear in ancient Egypt?,Burqa,Burqaa,,Abdelrahman Sadallah,Category: Traditional Dishes and Cooking,AR,x
159,Abdelrahman Sadallah,Marwah Alaofi,arz_arab,Egypt,إيه اسم غطاء الوش الشفاف اللي لبسته ستات الطبقة العليا أيام العثمانيين في مصر؟,يشمك,https://ar.wikipedia.org/wiki/%D9%8A%D8%B4%D9%85%D9%83,What was the name of the transparent face covering worn by upper-class women during the Ottoman era in Egypt?,What was the name of the transparent face covering worn by upper-class women in Ottoman Egypt?,He smells you,Yashmak,,Abdelrahman Sadallah,Category: Traditional Dishes and Cooking,AR,
160,Abdelrahman Sadallah,Marwah Alaofi,arz_arab,Egypt,إيه اسم العقد الدهب الكبير اللي بتلبسه الفلاحات للزينة في مصر؟,كردان,https://gate.ahram.org.eg/daily/NewsPrint/449677.aspx,What is the name of the large gold necklace that peasant women wear as an adornment in Egypt?,What is the name of the large gold necklace that peasant women wear as an adornment in Egypt?,Kurdan,Kerdan,,Abdelrahman Sadallah,Category: Traditional Dishes and Cooking,AR,
161,Abdelrahman Sadallah,Marwah Alaofi,arz_arab,Egypt,إيه اسم الحتة الدهب اللي بتتلابس حوالين الرجل في اللبس الشعبي في مصر؟,خلخال,https://ar.wikipedia.org/wiki/%D8%AE%D9%84%D8%AE%D8%A7%D9%84,What is the name of the gold piece that is worn around the leg in traditional Egyptian clothing?,What is the name of the ornament worn around the ankle in traditional Egyptian clothing in Egypt?,anklet,Anklet,,Abdelrahman Sadallah,Category: Traditional Dishes and Cooking,AR,x
162,Abdelrahman Sadallah,Marwah Alaofi,arz_arab,Egypt,إيه اسم غطاء الراس المتزين بأوية في اللبس الشعبي في مصر؟,منديل,https://gate.ahram.org.eg/daily/News/131708/112/449677/%D8%A8%D8%B1-%D9%85%D8%B5%D8%B1/%D9%85%D9%86%D9%87%D8%A7-%D8%A7%D9%84%D8%AE%D9%84%D8%AE%D8%A7%D9%84-%D9%88%D8%A7%D9%84%D9%83%D8%B1%D8%AF%D8%A7%D9%86-%D9%88%D9%82%D9%84%D8%A7%D8%A6%D8%AF-%D8%A7%D9%84%D9%81%D8%B1%D8%AD%D8%A7%D9%84%D9%85%D9%84%D8%A7%D8%A8%D8%B3-%D9%88%D8%A7%D9%84%D8%AD%D9%84%D9%8A-%D8%A7.aspx,What is the name of the head covering decorated with embellishments in traditional Egyptian clothing?,What is the name of the headdress decorated with ornaments in folk costumes in Egypt?,napkin,Mandeel,,Abdelrahman Sadallah,Category: Traditional Dishes and Cooking,AR,
163,Abdelrahman Sadallah,Marwah Alaofi,arz_arab,Egypt,ما اسم الغطاء الأسود الخفيف الذي يوضع على الرأس لتغطية الوجه فلا تُظهر العينيين في مصر؟,بيشة,https://ar.wikipedia.org/wiki/%D9%82%D8%A7%D8%A6%D9%85%D8%A9_%D8%A3%D9%86%D9%88%D8%A7%D8%B9_%D8%A7%D9%84%D8%AD%D8%AC%D8%A7%D8%A8,What is the name of the light black head covering used to cover the face so that the eyes are not visible in Egypt?,What is the name of the light black head covering used to cover the face so that the eyes are not visible in Egypt?,Bisha,Bisha,,Abdelrahman Sadallah,Category: Traditional Dishes and Cooking,AR,
164,Abdelrahman Sadallah,Marwah Alaofi,arz_arab,Egypt,إيه هو غطاء الراس القطن اللي بيلبسه الفلاحين عشان يحميهم من الشمس؟,كوفية,https://www.aljazeera.net/lifestyle/2021/1/31/%D8%A7%D9%84%D9%83%D9%88%D9%81%D9%8A%D8%A9-%D9%85%D9%86-%D8%BA%D8%B7%D8%A7%D8%A1-%D8%B1%D8%A3%D8%B3-%D8%A8%D8%AF%D9%88%D9%8A-%D8%A5%D9%84%D9%89-%D8%B1%D9%85%D8%B2-%D9%88%D8%B7%D9%86%D9%8A,What is the cotton head covering that farmers wear to protect themselves from the sun?,What is the cotton head covering that farmers wear to protect their heads from the sun in Egypt?,muffler,Kuffiyah,,Abdelrahman Sadallah,Category: Traditional Dishes and Cooking,AR,
165,Abdelrahman Sadallah,Marwah Alaofi,arz_arab,Egypt,ايه هو غطاء الرأس من الصوف أو القطن التي بيتلبس تحت الطربوش أو العمامة في مصر؟,الطاقية ,https://ar.wikipedia.org/wiki/%D8%B7%D8%A7%D9%82%D9%8A%D8%A9,What is the wool or cotton head covering worn under the fez or turban in Egypt?,What is the wool or cotton head covering worn under the fez or turban in Egypt?,The hat,Taqiyah,,Abdelrahman Sadallah,Category: Traditional Dishes and Cooking,AR,
166,Abdelrahman Sadallah,Marwah Alaofi,arz_arab,Egypt,إيه اللي بيحطه الصعيدي على كتافه أو يلفه حوالين رقبته عشان يتدفى؟,شال,https://www.youm7.com/story/2020/10/6/الشال-والعمة-هيبة-وزينة-أزياء-الصعايدة/5008359,What does an Upper Egyptian put on his shoulders or wrap around his neck to keep warm?,What does a man from Upper Egypt put on his shoulders or wrap around his neck to keep warm?,shawl,Shaal,,Abdelrahman Sadallah,Category: Traditional Dishes and Cooking,AR,
167,Abdelrahman Sadallah,Marwah Alaofi,arz_arab,Egypt,إيه هو اللبس الواسع اللي بيلبسه الستات فوق هدومهم في مصر؟,عباءة,https://ar.wikipedia.org/wiki/%D8%B9%D8%A8%D8%A7%D8%A1%D8%A9,What is the loose-fitting garment that women wear over their clothes in Egypt?,What is the wide outer garment that women wear over their clothes in Egypt?,cloak,Abaya,,Abdelrahman Sadallah,Category: Traditional Dishes and Cooking,AR,
168,Abdelrahman Sadallah,Marwah Alaofi,arz_arab,Egypt,إيه هو الجزمة الجلد التقليدية اللي بيشتهر بيها صعيد مصر؟,مركوب,https://ar.wikipedia.org/wiki/%D9%85%D8%B1%D9%83%D9%88%D8%A8_%28%D8%AD%D8%B0%D8%A7%D8%A1%29,What is the traditional leather boot that Upper Egypt is famous for?,What is the traditional leather shoe that is famous for being made in Upper Egypt?,ride,Markoob,,Abdelrahman Sadallah,Category: Traditional Dishes and Cooking,AR,
169,Abdelrahman Sadallah,Marwah Alaofi,arz_arab,Egypt,ايه هو الزي المدرسي التراثي المشهور الي كانت بتلبسه البنات في مصر زمان؟,مريلة,https://www.youm7.com/story/2017/9/20/%D9%81%D9%89-20-%D8%B5%D9%88%D8%B1%D8%A9-%D9%83%D9%8A%D9%81-%D8%AA%D8%B7%D9%88%D8%B1%D8%AA-%D8%A7%D9%84%D9%85%D8%B1%D9%8A%D9%84%D8%A9-%D8%A7%D9%84%D9%85%D8%AF%D8%B1%D8%B3%D9%8A%D8%A9-%D9%85%D9%86-1960-%D9%88%D8%A7%D9%86%D8%AA/3421443,What is the famous traditional school uniform that girls used to wear in Egypt in the past?,What is the famous traditional school uniform that girls used to wear in Egypt in the past?,bib,Maryala,,Abdelrahman Sadallah,Category: Traditional Dishes and Cooking,AR,
170,Abdelrahman Sadallah,Marwah Alaofi,arz_arab,Egypt,إيه هي الملاية اللف السودا اللي بتتلابس في اللبس الشعبي الإسكندراني؟,ملاية,https://www.youm7.com/story/2022/7/17/شاهد-الملاية-اللف-تصنع-يدويا-حتى-الآن-فى-زنقة-الستات/5837992,What is the black wrap-around dress that is worn in Alexandrian folk clothing?,What is the black outer garment that wraps around the body in the traditional Alexandrian costume?,sheet,Melaya,,Abdelrahman Sadallah,Category: Traditional Dishes and Cooking,AR,
171,Abdelrahman Sadallah,Marwah Alaofi,arz_arab,Egypt,إيه هو اللبس الطويل المفتوح من قدام اللي بيتلابس تحت الجبة في مصر؟,قفطان,https://ar.wikipedia.org/wiki/%D9%82%D9%81%D8%B7%D8%A7%D9%86,"What is the long, open-front garment that is worn under the abaya in Egypt?","What is the long, open-front garment worn under the robe in Egypt?",caftan,Kaftan,,Abdelrahman Sadallah,Category: Traditional Dishes and Cooking,AR,
172,Abdelrahman Sadallah,Marwah Alaofi,arz_arab,Egypt,إيه هو الجاكيت اللي من غير كم اللي بيتلابس تحت الجلابية في مصر؟,سديري,https://www.youm7.com/story/2018/10/4/%D8%B5%D9%88%D8%B1-%D8%A7%D9%84%D8%B3%D8%AF%D9%8A%D8%B1%D9%89-%D8%AE%D8%B2%D9%86%D8%A9-%D8%A7%D9%84%D8%B5%D8%B9%D8%A7%D9%8A%D8%AF%D8%A9-%D9%84%D8%AD%D9%81%D8%B8-%D8%A7%D9%84%D9%86%D9%82%D9%88%D8%AF-%D8%A5%D8%B1%D8%AA%D8%AF%D8%A7%D8%A1%D9%87-%D9%8A%D9%83%D9%88%D9%86-%D8%A3%D8%B3%D9%81%D9%84-%D8%A7%D9%84%D8%AC%D9%84%D8%A8%D8%A7%D8%A8/3974471,What is the sleeveless jacket that is worn under the galabeya in Egypt?,What is a sleeveless jacket that is worn under a jalabiya in Egypt?,Sidi,Sidiri,,Abdelrahman Sadallah,Category: Traditional Dishes and Cooking,AR,
173,Abdelrahman Sadallah,Marwah Alaofi,arz_arab,Egypt,إيه اسم حتت الدهب التقليدية اللي بتتزين بيها الستات في مصر؟,غوايش,https://ar.wikipedia.org/wiki/%D8%B3%D9%88%D8%A7%D8%B1,What is the name of the traditional gold jewelry that women in Egypt use to adorn themselves?,What is the name of the traditional gold bracelets that Egyptian women wear?,Guwaish,Ghawayesh bangles,,Abdelrahman Sadallah,Category: Traditional Dishes and Cooking,AR,
174,Abdelrahman Sadallah,Marwah Alaofi,arz_arab,Egypt,إيه هو المسحوق الأسود اللي الستات في مصر بيحطوه في عينيهم عشان الزينة؟,كحل,https://ar.wikipedia.org/wiki/%D9%83%D8%AD%D9%84,What is the black powder that women in Egypt put in their eyes for adornment?,What is the traditional black powder that women in Egypt and the Middle East use to decorate their eyes?,Kohl,Kohl,,Abdelrahman Sadallah,Category: Traditional Dishes and Cooking,AR,
175,Abdelrahman Sadallah,Marwah Alaofi,arz_arab,Egypt,إيه هي حتة القماش اللي بتتلف حوالين الراس كغطا تقليدي في الصعيد؟,عمامة,https://ar.wikipedia.org/wiki/%D8%B9%D9%85%D8%A7%D9%85%D8%A9,What is the piece of cloth that is wrapped around the head as a traditional head covering in Upper Egypt?,What is the fabric that is wrapped around the head as a traditional head covering for men in Upper Egypt?,turban,Turban,,Abdelrahman Sadallah,Category: Traditional Dishes and Cooking,AR,
176,Abdelrahman Sadallah,Marwah Alaofi,arz_arab,Egypt,إيه هي الحاجة اللي متكونة من خرز وخيط، والناس في مصر دايماً ماسكينها في إيديهم عشان يسبحوا بيها؟,سبحة,https://aawsat.com/%D9%8A%D9%88%D9%85%D9%8A%D8%A7%D8%AA-%D8%A7%D9%84%D8%B4%D8%B1%D9%82/5243900-%D8%A7%D9%84%D8%B3%D8%A8%D8%AD%D8%A9-%D8%A7%D9%84%D9%85%D8%B5%D8%B1%D9%8A%D8%A9%E2%80%A6-%D8%AA%D8%A7%D8%B1%D9%8A%D8%AE-%D8%B7%D9%88%D9%8A%D9%84-%D9%88%D8%AD%D9%83%D8%A7%D9%8A%D8%A7%D8%AA-%D8%AA%D8%B2%D8%AF%D9%87%D8%B1-%D9%85%D8%B9-%D8%B7%D9%82%D9%88%D8%B3-%D8%B1%D9%85%D8%B6%D8%A7%D9%86,What is the thing made of beads and thread that people in Egypt always hold in their hands to use for prayer?,"What is the tool made of thread and small beads, which many men in Egypt carry as part of their daily customs in Egypt?",bearish,Sebhaa,,Abdelrahman Sadallah,Category: Traditional Dishes and Cooking,AR,
177,Abdelrahman Sadallah,Marwah Alaofi,arz_arab,Egypt,إيه هو البنطلون الداخلي الطويل اللي بيلبسه الفلاحين تحت الجلابية في مصر؟,كلسون,https://ar.wikipedia.org/wiki/%D9%83%D9%84%D8%B3%D9%88%D9%86,What is the long underpants that peasants wear under their galabiyas in Egypt?,What is the long underwear that peasants wear under their galabiyas in Egypt?,knickers,Kalsoon,,Abdelrahman Sadallah,Category: Traditional Dishes and Cooking,AR,
178,Abdelrahman Sadallah,Marwah Alaofi,arz_arab,Egypt,إيه هو الحذاء المفتوح والخفيف المنتشر في مصر؟,شبشب,https://ar.wikipedia.org/wiki/%D8%B4%D8%A8%D8%B4%D8%A8,What is the most popular open and lightweight shoe in Egypt?,What is the most common open and lightweight house slipper in Egypt?,slipper,slipper,,Abdelrahman Sadallah,Category: Traditional Dishes and Cooking,AR,x
179,Abdelrahman Sadallah,Marwah Alaofi,arz_arab,Egypt,إيه هو الشبشب الخشب اللي كان بيستخدم زمان في الحمامات الشعبية في مصر؟,قبقاب,https://ar.wikipedia.org/wiki/%D9%82%D8%A8%D9%82%D8%A7%D8%A8,What is the wooden slipper that was used in public baths in Egypt in the past?,What is the wooden shoe that was used in public baths in Egypt in the past?,sabot,Kobkab,,Abdelrahman Sadallah,Category: Traditional Dishes and Cooking,AR,
180,Abdelrahman Sadallah,Marwah Alaofi,arz_arab,Egypt,إيه هي الأكلة المصرية الشعبية اللي بتتكون من رز ومكرونة وعدس؟,كشري,https://ar.wikipedia.org/wiki/%D9%83%D8%B4%D8%B1%D9%8A,"What is the popular Egyptian dish that consists of rice, pasta, and lentils?","What is a popular Egyptian dish made of rice, pasta, and lentils?",Koshari,Koshari,,Abdelrahman Sadallah,Category: Arts and Entertainment,AR,
181,Abdelrahman Sadallah,Marwah Alaofi,arz_arab,Egypt,إيه اسم الخضار اللي بيتعمل منه أشهر شوربة شعبية في مصر؟,ملوخية,https://ar.wikipedia.org/wiki/%D9%85%D9%84%D9%88%D8%AE%D9%8A%D8%A9,What is the name of the vegetable used to make the most famous popular soup in Egypt?,What is the name of the green plant that is cooked as a popular soup in Egypt?,mulukhiyah,Mulukhiyah,,Abdelrahman Sadallah,Category: Arts and Entertainment,AR,
182,Abdelrahman Sadallah,Marwah Alaofi,arz_arab,Egypt,إيه هو الاسم التاني للفلافل اللي بتتعمل من الفول المدشوش في مصر؟,طعمية,https://ar.wikipedia.org/wiki/%D9%81%D9%84%D8%A7%D9%81%D9%84,What is the other name for falafel that is made from crushed fava beans in Egypt?,What is another name for falafel made from crushed fava beans in Egypt?,Falafel,Taameya,,Abdelrahman Sadallah,Category: Arts and Entertainment,AR,
183,Abdelrahman Sadallah,Marwah Alaofi,arz_arab,Egypt,إيه هو طبق الفطار الأساسي في مصر اللي بيتعمل من البقوليات المدمسة؟,فول,https://ar.wikipedia.org/wiki/%D9%81%D9%88%D9%84_%D9%85%D8%AF%D9%85%D8%B3,What is the main breakfast dish in Egypt that is made from fava beans?,What is the main breakfast dish in Egypt made from fava beans?,Beans,Foul,,Abdelrahman Sadallah,Category: Arts and Entertainment,AR,
184,Abdelrahman Sadallah,Marwah Alaofi,arz_arab,Egypt,إيه هي الأكلة الشعبية المهروسة اللي بتتعمل من فول مدشوش وخضرة في مصر؟,بصارة,https://ar.wikipedia.org/wiki/%D8%A8%D8%B5%D8%A7%D8%B1%D8%A9,What is the popular mashed dish made from crushed fava beans and vegetables in Egypt?,What is the popular Egyptian dish called mashed beans made from crushed fava beans and greens?,fortune-teller,Besara,,Abdelrahman Sadallah,Category: Arts and Entertainment,AR,
185,Abdelrahman Sadallah,Marwah Alaofi,arz_arab,Egypt,إيه هي الشوربة الصعيدي الباردة اللي بتتعمل من ملوخية ناشفة وليمون؟,شلولو,https://arz.wikipedia.org/wiki/%D8%B4%D9%84%D9%88%D9%84%D9%88,What is the cold Upper Egyptian soup that is made from dried molokhia and lemon?,What is the cold Upper Egyptian soup made from dried molokhia and lemon?,Shlulu,Shalawlaw,,Abdelrahman Sadallah,Category: Arts and Entertainment,,
186,Abdelrahman Sadallah,Marwah Alaofi,arz_arab,Egypt,إيه هي الأكلة المصرية اللي بتتعمل من بتنجان مقلي وصلصة؟,مسقعة,https://ar.wikipedia.org/wiki/%D9%85%D8%B3%D9%82%D8%B9%D8%A9,What is the Egyptian dish that is made from fried eggplant and sauce?,What is the Egyptian dish made of fried eggplant and sauce?,moussaka,Moussaka,,Abdelrahman Sadallah,Category: Arts and Entertainment,AR,
187,Abdelrahman Sadallah,Marwah Alaofi,arz_arab,Egypt,إيه هو العيش الرقيق اللي بيتحشي لحمة مفرومة في الأعياد في مصر؟,رقاق,https://arz.wikipedia.org/wiki/%D8%B1%D9%82%D8%A7%D9%82,What is the thin bread that is stuffed with minced meat during holidays in Egypt?,What are the delicate pastries that are stuffed with minced meat during the holidays in Egypt?,Thinning,Rokak,,Abdelrahman Sadallah,Category: Arts and Entertainment,,
188,Abdelrahman Sadallah,Marwah Alaofi,arz_arab,Egypt,إيه هي حتت اللحمة المشوية على الفحم وبتتقدم مع الكفتة في مصر؟,كباب,https://ar.wikipedia.org/wiki/%D9%83%D8%A8%D8%A7%D8%A8,What are the pieces of meat grilled over charcoal that are served with kofta in Egypt?,What are the charcoal-grilled meat cuts that are served with kofta in Egypt?,kebab,Kebab,,Abdelrahman Sadallah,Category: Arts and Entertainment,AR,x
189,Abdelrahman Sadallah,Marwah Alaofi,arz_arab,Egypt,إيه هي أكلة اللحمة المفرومة المشوية على الأسياخ في مصر؟,كفتة,https://ar.wikipedia.org/wiki/%D9%83%D9%81%D8%AA%D8%A9,What is the dish of minced meat grilled on skewers in Egypt?,What is the dish of minced meat grilled on skewers in Egypt?,Kofta,Kofta,,Abdelrahman Sadallah,Category: Arts and Entertainment,AR,x
190,Abdelrahman Sadallah,Marwah Alaofi,arz_arab,Egypt,إيه هو رغيف العيش المصري المحشي لحمة مفرومة ومتبلة؟,حواوشي,https://ar.wikipedia.org/wiki/%D8%AD%D9%88%D8%A7%D9%88%D8%B4%D9%8A,What is the Egyptian bread loaf stuffed with minced and seasoned meat?,What is the Egyptian bread loaf stuffed with minced and spiced meat?,Hawawshi,Hawawshi,,Abdelrahman Sadallah,Category: Arts and Entertainment,AR,
191,Abdelrahman Sadallah,Marwah Alaofi,arz_arab,Egypt,بنسمي إيه الخضار المحشي بخلطة الرز والصلصة في مصر؟,محشي,https://ar.wikipedia.org/wiki/%D9%85%D8%AD%D8%B4%D9%8A,What do we call stuffed vegetables with a rice and sauce mixture in Egypt?,What is stuffed vegetables filled with a rice and sauce mixture called in Egypt?,Stuffed,Mahshi,,Abdelrahman Sadallah,Category: Arts and Entertainment,AR,
192,Abdelrahman Sadallah,Marwah Alaofi,arz_arab,Egypt,إيه هي مصارين العجل أو الخروف المحشية رز وخلطة؟,ممبار,https://ar.wikipedia.org/wiki/%D9%85%D9%85%D8%A8%D8%A7%D8%B1,What are the intestines of a calf or sheep stuffed with rice and a mixture?,What are calf or sheep intestines stuffed with rice and a mixture in Egypt?,Mombar,Mombar,,Abdelrahman Sadallah,Category: Arts and Entertainment,AR,
193,Abdelrahman Sadallah,Marwah Alaofi,arz_arab,Egypt,إيه اسم كوكتيل الفواكه المصري المشهور المليان حتت وعصير؟,فخفخينا,https://arz.wikipedia.org/wiki/%D8%A7%D9%84%D9%81%D8%AE%D9%81%D8%AE%D9%8A%D9%86%D8%A7,What is the name of the famous Egyptian fruit cocktail that is full of chunks and juice?,What is the name of the famous Egyptian fruit cocktail that is rich in pieces and juice?,Fakhfakhina,Fakhfakhina,,Abdelrahman Sadallah,Category: Arts and Entertainment,AR,
194,Abdelrahman Sadallah,Marwah Alaofi,arz_arab,Egypt,إيه هو المشروب الشتوي السخن اللي بيتعمل من لبن ونشا ومكسرات في مصر؟,سحلب,https://ar.wikipedia.org/wiki/%D8%B3%D8%AD%D9%84%D8%A8_(%D9%85%D8%B4%D8%B1%D9%88%D8%A8),"What is the hot winter drink made from milk, starch and nuts in Egypt?","What is a hot winter drink made from milk, starch and nuts in Egypt?",Sahlab,Sahlab,,Abdelrahman Sadallah,Category: Arts and Entertainment,AR,
195,Abdelrahman Sadallah,Marwah Alaofi,arz_arab,Egypt,إيه هو المشروب الأحمر الشعبي اللي بيتعمل في رمضان في مصر؟,كركديه,https://ar.wikipedia.org/wiki/%D9%83%D8%B1%D9%83%D8%AF%D9%8A%D9%87,What is the popular red drink that is made during Ramadan in Egypt?,What is the popular red drink made in Ramadan in Egypt?,hibiscus,Hibiscus,,Abdelrahman Sadallah,Category: Arts and Entertainment,AR,
196,Abdelrahman Sadallah,Marwah Alaofi,arz_arab,Egypt,إيه هي الحلوى الشرقية اللي بتتعمل من دقيق السميد ومسقية شربات في مصر؟,بسبوسة,https://ar.wikipedia.org/wiki/%D8%A8%D8%B3%D8%A8%D9%88%D8%B3%D8%A9,What is the oriental dessert made from semolina flour and soaked in syrup in Egypt?,What is the dessert made from semolina and soaked in syrup in Egypt?,Basbousa,Basbousa,,Abdelrahman Sadallah,Category: Arts and Entertainment,AR,
197,Abdelrahman Sadallah,Marwah Alaofi,arz_arab,Egypt,إيه هي حلوى رمضان اللي بتتعمل من خيوط عجين رفيعة في مصر؟,كنافة,https://ar.wikipedia.org/wiki/%D9%83%D9%86%D8%A7%D9%81%D8%A9,What is the Ramadan sweet made from thin strands of dough in Egypt?,What is the Ramadan dessert made from thin dough threads in Egypt?,Kunafa,Kunafa,,Abdelrahman Sadallah,Category: Arts and Entertainment,AR,
198,Abdelrahman Sadallah,Marwah Alaofi,arz_arab,Egypt,إيه هي الفطاير الصغيرة المحشية والمقلية اللي مشهورة في رمضان في مصر؟,قطايف,https://ar.wikipedia.org/wiki/%D9%82%D8%B7%D8%A7%D9%8A%D9%81,What are the small stuffed and fried pastries that are popular during Ramadan in Egypt?,What are the small stuffed and fried pastries that are popular during Ramadan in Egypt?,Qatayef,Qatayef,,Abdelrahman Sadallah,Category: Arts and Entertainment,AR,
199,Abdelrahman Sadallah,Marwah Alaofi,arz_arab,Egypt,إيه هي كور العجين المقلية والمنقوعة في الشربات في مصر؟,زلابية,https://ar.wikipedia.org/wiki/%D8%B2%D9%84%D8%A7%D8%A8%D9%8A%D8%A9,What are fried dough balls soaked in syrup in Egypt?,What are fried dough balls dipped in sugar syrup in Egypt?,dumpling,Zalabia,,Abdelrahman Sadallah,Category: Arts and Entertainment,AR,
200,Abdelrahman Sadallah,Marwah Alaofi,arz_arab,Egypt,إيه هي الجبنة المصرية القديمة المخمرة اللي طعمها حادق؟,مش,https://ar.wikipedia.org/wiki/%D9%85%D8%B4,What is the old Egyptian fermented cheese that tastes salty?,What is the ancient Egyptian fermented cheese with the tangy taste?,not,Mesh,,Abdelrahman Sadallah,Category: Arts and Entertainment,AR,
201,Abdelrahman Sadallah,Marwah Alaofi,arz_arab,Egypt,إيه هي اللحمة المجففة والمملحة وعليها طبقة توم وتوابل في مصر؟,بسطرمة,https://ar.wikipedia.org/wiki/%D8%A8%D8%B3%D8%B7%D8%B1%D9%85%D8%A9,"What is dried, salted meat topped with garlic and spices in Egypt?","What is dried, salted beef coated with a layer of garlic and spices in Egypt?",Pastrami,Bastirma,,Abdelrahman Sadallah,Category: Arts and Entertainment,AR,
202,Abdelrahman Sadallah,Marwah Alaofi,arz_arab,Egypt,إيه هي الأكلة المرتبطة بعيد الأضحى وبتتكون من رز وعيش محمص ولحمة في مصر؟,فتة,https://ar.wikipedia.org/wiki/%D9%81%D8%AA%D8%A9,"What is the dish associated with Eid al-Adha that consists of rice, toasted bread, and meat in Egypt?","What is the dish associated with Eid al-Adha that consists of rice, toasted bread, and meat in Egypt?",Fatteh,Fatteh,,Abdelrahman Sadallah,Category: Arts and Entertainment,AR,
203,Abdelrahman Sadallah,Marwah Alaofi,arz_arab,Egypt,بنسمي إيه المخلل المشكل اللي بيتقدم عشان يفتح النفس مع الأكل المصري؟,طرشي,https://ar.wikipedia.org/wiki/%D9%85%D8%AE%D9%84%D9%84,What do we call the mixed pickles that are served to whet the appetite with Egyptian food?,What is the name of the mixed pickles that are served as an appetizer with Egyptian food?,Torshi,Pickles,,Abdelrahman Sadallah,Category: Arts and Entertainment,AR,
204,Abdelrahman Sadallah,Marwah Alaofi,arz_arab,Egypt,إيه هو المشروب الأسود الشعبي اللي برغوة كتير وطعمه حلو ومر في مصر؟,عرقسوس,https://ar.wikipedia.org/wiki/%D8%B9%D8%B1%D9%82%D8%B3%D9%88%D8%B3,What is the popular black drink in Egypt that has a lot of foam and a sweet and bitter taste?,What is the popular black drink with thick foam and a sweet and bitter taste in Egypt?,Licorice,Erq sous,,Abdelrahman Sadallah,Category: Arts and Entertainment,AR,
205,Abdelrahman Sadallah,Arij Riabi,arz_arab,Egypt,إيه هو اللقب الفني اللي اتشهرت بيه المطربة المصرية العظيمة أم كلثوم؟,كوكب الشرق,https://ar.wikipedia.org/wiki/%D8%A3%D9%85_%D9%83%D9%84%D8%AB%D9%88%D9%85_(%D9%85%D8%B7%D8%B1%D8%A8%D8%A9),What was the stage name by which the great Egyptian singer Umm Kulthum was famous?,What was the stage name by which the great Egyptian singer Umm Kulthum was famous?,Star of the East,Star of the East,,Abdelrahman Sadallah,Category: Traditional Clothing and Costumes,AR,
206,Abdelrahman Sadallah,Arij Riabi,arz_arab,Egypt,إيه هي الرقصة الشعبية المشهورة بالعصاية في صعيد مصر؟,تحطيب,https://ar.wikipedia.org/wiki/%D8%AA%D8%AD%D8%B7%D9%8A%D8%A8,What is the popular stick dance in Upper Egypt?,What is the famous folk dance using a stick in Upper Egypt?,Woodcutting,Tahtib,,Abdelrahman Sadallah,Category: Traditional Clothing and Costumes,AR,
207,Abdelrahman Sadallah,Arij Riabi,arz_arab,Egypt,إيه هي آلة النفخ الخشب التقليدية اللي بتستخدم في الفرح الشعبي المصري؟,مزمار,https://arz.wikipedia.org/wiki/%D9%85%D8%B2%D9%85%D8%A7%D8%B1,What is the traditional woodwind instrument used in Egyptian folk weddings?,What is the traditional woodwind instrument used in Egyptian folk weddings?,flute,Mizmar,,Abdelrahman Sadallah,Category: Traditional Clothing and Costumes,AR,
208,Abdelrahman Sadallah,Arij Riabi,arz_arab,Egypt,إيه هي الآلة الوترية الشعبية المرتبطة بمدن القناة في مصر؟,سمسمية,https://ar.wikipedia.org/wiki/%D8%B3%D9%85%D8%B3%D9%85%D9%8A%D8%A9,What is the popular stringed instrument associated with the Canal cities in Egypt?,What is the popular stringed instrument associated with the Canal cities in Egypt?,Sesame,Simsimiyya,,Abdelrahman Sadallah,Category: Traditional Clothing and Costumes,AR,
209,Abdelrahman Sadallah,Arij Riabi,arz_arab,Egypt,إيه هو اللقب اللي اتعرف بيه المطرب المصري عبد الحليم حافظ؟,العندليب الاسمر,https://ar.wikipedia.org/wiki/%D8%B9%D8%A8%D8%AF_%D8%A7%D9%84%D8%AD%D9%84%D9%8A%D9%85_%D8%AD%D8%A7%D9%81%D8%B8,What was the nickname by which the Egyptian singer Abdel Halim Hafez was known?,What was the stage name by which the Egyptian singer Abdel Halim Hafez was known?,The dark-skinned nightingale,el-Andaleeb el-Asmar,,Abdelrahman Sadallah,Category: Traditional Clothing and Costumes,AR,
210,Abdelrahman Sadallah,Arij Riabi,arz_arab,Egypt,إيه هو اللقب الفني اللي ارتبط بأشهر ممثل كوميدي في مصر، عادل إمام؟,الزعيم,https://ar.wikipedia.org/wiki/%D8%B9%D8%A7%D8%AF%D9%84_%D8%A5%D9%85%D8%A7%D9%85,"What is the stage name associated with the most famous comedian in Egypt, Adel Imam?","What is the stage name associated with the most famous comedian in the history of Egyptian cinema, Adel Imam?",The leader,el-Zaeam,,Abdelrahman Sadallah,Category: Traditional Clothing and Costumes,AR,
211,Abdelrahman Sadallah,Arij Riabi,arz_arab,Egypt,إيه هي آلة الإيقاع الفخار أو المعدن الأساسية في المزيكا المصرية؟,طبلة,https://ar.wikipedia.org/wiki/%D8%AF%D8%B1%D8%A8%D9%83%D8%A9,What is the basic clay or metal percussion instrument in Egyptian music?,What is the basic clay or metal percussion instrument in Egyptian music?,drum,Tabla,,Abdelrahman Sadallah,Category: Traditional Clothing and Costumes,AR,
212,Abdelrahman Sadallah,Arij Riabi,arz_arab,Egypt,إيه هو الدف الصغير اللي فيه حتت نحاس للإيقاع في مصر؟,رق,https://www.albayan.ae/paths/books/2009-05-09-1.432296,What is the small drum with copper pieces for percussion in Egypt?,"What is the small percussion drum equipped with brass cymbals, which is considered the backbone of the oriental music band in Egypt?",Raq,Riqq,,Abdelrahman Sadallah,Category: Traditional Clothing and Costumes,AR,
213,Abdelrahman Sadallah,Arij Riabi,arz_arab,Egypt,إيه هي الأقراص النحاس الصغيرة اللي بتتلابس في الصوابع وتشتهر باستخدامها الراقصات أو بائع العرقسوس في مصر؟,صاجات,https://gate.ahram.org.eg/daily/News/203023/1155/710610/%D8%AD%D8%AF%D9%8A%D8%AB-%D8%A7%D9%84%D8%B5%D9%88%D8%B1/%D8%A7%D9%84%D8%B5%D8%A7%D8%AC%D8%A7%D8%AA-%D8%A7%D9%84%D8%B1%D8%A7%D9%82%D8%B5%D9%80%D9%80%D9%80%D8%A9.aspx,What are the small copper discs that are worn on the fingers and are famously used by dancers or licorice sellers in Egypt?,"What are the small copper discs worn on the fingers called, which are famously used by dancers or licorice sellers in Egypt?",Sheets,Sagat,,Abdelrahman Sadallah,Category: Traditional Clothing and Costumes,AR,
214,Abdelrahman Sadallah,Arij Riabi,arz_arab,Egypt,إيه هي أشهر مسرحية كوميدية مصرية في السبعينات اللي جمعت عادل إمام وسعيد صالح وأحمد زكي؟,مدرسة المشاغبين,https://ar.wikipedia.org/wiki/%D9%85%D8%AF%D8%B1%D8%B3%D8%A9_%D8%A7%D9%84%D9%85%D8%B4%D8%A7%D8%BA%D8%A8%D9%8A%D9%86_(%D9%85%D8%B3%D8%B1%D8%AD%D9%8A%D8%A9),"What is the most famous Egyptian comedy play of the seventies that brought together Adel Imam, Saeed Saleh and Ahmed Zaki?",What is the most famous Egyptian comedy play of the 1970s that brought together stars like Adel Imam and Saeed Saleh?,School of Mischief,Madraset El Moshaghbeen,,Abdelrahman Sadallah,Category: Traditional Clothing and Costumes,AR,
215,Abdelrahman Sadallah,Arij Riabi,arz_arab,Egypt,إيه هي آلة النفخ الشعبية المزدوجة المشهورة في الفلاحين في مصر ؟,أرغول,https://ar.wikipedia.org/wiki/%D8%A3%D8%B1%D8%BA%D9%88%D9%84,What is the popular double wind instrument among the peasants in Egypt?,What is the popular double wind instrument that is common in the Egyptian countryside?,Arghul,Arghul,,Abdelrahman Sadallah,Category: Traditional Clothing and Costumes,AR,
216,Abdelrahman Sadallah,Arij Riabi,arz_arab,Egypt,إيه هي الرقصة المصرية الدائرية اللي بيعتمدوا فيها على لبس جيبات ملونة؟,تنورة,https://ar.wikipedia.org/wiki/%D8%AA%D9%86%D9%88%D8%B1%D8%A9_%28%D8%B1%D9%82%D8%B5%D8%A9%29,What is the Egyptian circular dance that relies on wearing colorful skirts?,What is the Egyptian circular dance that involves wearing colorful skirts?,skirt,Tanura dance,,Abdelrahman Sadallah,Category: Traditional Clothing and Costumes,AR,
217,Abdelrahman Sadallah,Arij Riabi,arz_arab,Egypt,إيه هو الطقس الشعبي المصري الإيقاعي اللي بيعتقدوا إنه بيطرد العفاريت؟,زار,https://ar.wikipedia.org/wiki/%D8%B2%D8%A7%D8%B1,What is the Egyptian folk rhythmic ritual that they believe drives away demons?,What is the rhythmic Egyptian folk ritual believed to expel spirits?,Visited,Zar,,Abdelrahman Sadallah,Category: Traditional Clothing and Costumes,AR,
218,Abdelrahman Sadallah,Arij Riabi,arz_arab,Egypt,إيه هو فن مسرح العرايس الشعبي المصري اللي بيعتمد على عروسة الإيد؟,أراجوز,https://ar.wikipedia.org/wiki/%D8%A3%D8%B1%D8%A7%D8%AC%D9%88%D8%B2,What is the art of Egyptian folk puppet theater that relies on the hand puppet?,What is the art of Egyptian folk puppet theater based on hand puppets?,clown,Aragoz,,Abdelrahman Sadallah,Category: Traditional Clothing and Costumes,AR,
219,Abdelrahman Sadallah,Arij Riabi,arz_arab,Egypt,"إيه هو نوع الغُنا الشعبي اللي بيبدأ عادة بكلمة ""يا ليل يا عين"" في مصر؟",موال,https://ar.wikipedia.org/wiki/%D9%85%D9%88%D8%A7%D9%84,"What type of folk song usually begins with the words ""Ya Leil Ya Ain"" in Egypt?","What type of folk song usually begins with the words ""Ya Layl Ya Ain"" in Egypt?",Mawwal,Mawwal,,Abdelrahman Sadallah,Category: Traditional Clothing and Costumes,AR,
220,Abdelrahman Sadallah,Arij Riabi,arz_arab,Egypt,بنسمي إيه صناعة الأفلام اللي مصر رائدة فيها على مستوى العرب؟,سينما,https://ar.wikipedia.org/wiki/%D8%A7%D9%84%D8%B3%D9%8A%D9%86%D9%85%D8%A7_%D8%A7%D9%84%D9%85%D8%B5%D8%B1%D9%8A%D8%A9,What do we call the film industry in which Egypt is a leader at the Arab level?,What is the name of the film industry in which Egypt is considered a leader in the Arab world?,cinema,cinema,,Abdelrahman Sadallah,Category: Traditional Clothing and Costumes,AR,x
221,Abdelrahman Sadallah,Arij Riabi,arz_arab,Egypt,إيه هو نوع المزيكا الشعبية الإلكترونية الجديدة في مصر؟,مهرجانات,https://arz.wikipedia.org/wiki/%D9%85%D9%87%D8%B1%D8%AC%D8%A7%D9%86%D8%A7%D8%AA,What is the new type of electronic popular music in Egypt?,What is the modern electronic folk music genre in Egypt?,festivals,Mahraganat,,Abdelrahman Sadallah,Category: Traditional Clothing and Costumes,,
222,Abdelrahman Sadallah,Arij Riabi,arz_arab,Egypt,إيه هو القالب الغنائي موسيقى المصري الخفيف اللي بيتكون من مذهب وأغصان؟,طقطوقة,https://ar.wikipedia.org/wiki/%D8%B7%D9%82%D8%B7%D9%88%D9%82%D8%A9_(%D9%85%D9%88%D8%B3%D9%8A%D9%82%D9%89),What is the musical form of light Egyptian music that consists of a refrain and branches?,What is the musical form of light Egyptian lyrical music consisting of a refrain and branches?,Taqtuqa,Taqtuqa,,Abdelrahman Sadallah,Category: Traditional Clothing and Costumes,AR,
223,Abdelrahman Sadallah,Arij Riabi,arz_arab,Egypt,بنسمي إيه الملصق الإعلاني الورق اللي بيتعلق في شوارع مصر عشان يروج لفيلم سينما جديد؟,أفيش,https://www.arabicmagazine.net/arabic/ArticleDetails.aspx?id=6739,What do we call the paper poster that is hung in the streets of Egypt to promote a new movie?,What is the name of the paper advertising poster that is hung in the streets of Egypt to promote a new movie?,poster,Afeesh,,Abdelrahman Sadallah,Category: Traditional Clothing and Costumes,AR,
224,Abdelrahman Sadallah,Arij Riabi,arz_arab,Egypt,إيه هو الاستعراض التلفزيوني المصري في رمضان اللي بيعتمد على الفوازير والألغاز؟,فوازير,https://ar.wikipedia.org/wiki/%D9%81%D9%88%D8%A7%D8%B2%D9%8A%D8%B1_%D8%B1%D9%85%D8%B6%D8%A7%D9%86,What is the Egyptian television show during Ramadan that relies on riddles and puzzles?,What is the Egyptian Ramadan television show that relies on puzzles?,riddles,riddles,,Abdelrahman Sadallah,Category: Traditional Clothing and Costumes,AR,x
225,Abdelrahman Sadallah,Arij Riabi,arz_arab,Egypt,إيه هو فن الإنشاد الديني والدعاء في مصر اللي بيشتهر بيه النقشبندي؟,ابتهال,https://www.youm7.com/story/2016/6/18/%D8%A7%D9%84%D8%A7%D8%A8%D8%AA%D9%87%D8%A7%D9%84%D8%A7%D8%AA-%D9%88%D8%A7%D9%84%D8%AA%D9%88%D8%A7%D8%B4%D9%8A%D8%AD-%D8%A7%D9%84%D8%AF%D9%8A%D9%86%D9%8A%D8%A9-%D8%AA%D8%A7%D8%B1%D9%8A%D8%AE-%D9%85%D9%86-%D8%A7%D9%84%D9%81%D9%86-%D8%A7%D9%84%D9%85%D8%B5%D8%B1%D9%89-%D8%A7%D9%84%D8%A3%D8%B5%D9%8A%D9%84/2767025,What is the art of religious chanting and supplication in Egypt that Naqshabandi is famous for?,What is the art of religious chanting and supplication in Egypt for which Naqshbandi is famous?,Supplication,Ibtihal,,Abdelrahman Sadallah,Category: Traditional Clothing and Costumes,AR,
226,Abdelrahman Sadallah,Arij Riabi,arz_arab,Egypt,إيه هي الأغنية التراثية المصرية اللي بيغنيها الأطفال وهم ماسكين الفوانيس عشان يرحبوا برمضان؟,وحوي يا وحوي,https://arz.wikipedia.org/wiki/%D9%88%D8%AD%D9%88%D9%89_%D9%8A%D8%A7_%D9%88%D8%AD%D9%88%D9%89,What is the traditional Egyptian song that children sing while holding lanterns to welcome Ramadan?,What is the old Egyptian folk song that children sing to welcome the arrival of the crescent moon of Ramadan?,"Oh, my God!",Wahawi Ya Wahawi,,Abdelrahman Sadallah,Category: Traditional Clothing and Costumes,,
227,Abdelrahman Sadallah,Arij Riabi,arz_arab,Egypt,فين بتتعمل أرقى الحفلات الكلاسيكية والباليه في القاهرة؟,أوبرا,https://ar.wikipedia.org/wiki/%D8%AF%D8%A7%D8%B1_%D8%A7%D9%84%D8%A3%D9%88%D8%A8%D8%B1%D8%A7_%D8%A7%D9%84%D9%85%D8%B5%D8%B1%D9%8A%D8%A9,Where are the finest classical and ballet recitals held in Cairo?,Where are the finest classical and ballet recitals held in Cairo?,Opera,Opera,,Abdelrahman Sadallah,Category: Traditional Clothing and Costumes,AR,x
228,Abdelrahman Sadallah,Arij Riabi,arz_arab,Egypt,"إيه هو اللقب اللي الجمهور المصري أطلقه على المطرب ""محمد منير"" عشان بيمزج المزيكا النوبية بالحديثة؟",الكينج,https://ar.wikipedia.org/wiki/%D9%85%D8%AD%D9%85%D8%AF_%D9%85%D9%86%D9%8A%D8%B1,"What is the nickname that the Egyptian public gave to the singer ""Mohamed Mounir"" because he mixes Nubian music with modern music?","What is the artistic title that the Egyptian public gave to the singer ""Mohamed Mounir"" for his excellence in presenting contemporary Nubian music?",King,El King,,Abdelrahman Sadallah,Category: Traditional Clothing and Costumes,AR,
229,Abdelrahman Sadallah,Arij Riabi,arz_arab,Egypt,إيه هو اللقب الأدبي اللي اتشهر بيه الشاعر المصري الكبير أحمد شوقي؟,أمير الشعراء,https://ar.wikipedia.org/wiki/%D8%A3%D8%AD%D9%85%D8%AF_%D8%B4%D9%88%D9%82%D9%8A,What is the literary title by which the great Egyptian poet Ahmed Shawqi became famous?,What was the literary title by which the Egyptian poet Ahmed Shawqi was known?,Prince of Poets,Prince of Poets,,Abdelrahman Sadallah,Category: Traditional Clothing and Costumes,AR,
230,Abdelrahman Sadallah,Arij Riabi,arz_arab,Egypt,إيه اسم الاحتفال التقليدي اللي بيتعمل للمولود الجديد في يومه السابع في مصر؟,سبوع,https://ar.wikipedia.org/wiki/%D8%B3%D8%A8%D9%88%D8%B9,What is the name of the traditional celebration held for a newborn on the seventh day in Egypt?,What is the traditional celebration for a newborn on the seventh day called in Egypt?,week,Seboo,,Abdelrahman Sadallah,Category: Celebrations and Traditional Events,AR,
231,Abdelrahman Sadallah,Arij Riabi,arz_arab,Egypt,إيه الرمز التقليدي المنور اللي بيمسكه الأطفال في مصر عشان يحتفلوا برمضان؟,فانوس,https://ar.wikipedia.org/wiki/%D9%81%D8%A7%D9%86%D9%88%D8%B3_%D8%B1%D9%85%D8%B6%D8%A7%D9%86,What is the traditional illuminated symbol that children in Egypt hold to celebrate Ramadan?,What is the traditional illuminated symbol that children in Egypt carry to celebrate the month of Ramadan?,lantern,Fanous,,Abdelrahman Sadallah,Category: Celebrations and Traditional Events,AR,
232,Abdelrahman Sadallah,Arij Riabi,arz_arab,Egypt,إيه هي الفلوس اللي بتتدفع للأطفال كهدية في العيد في مصر؟,عيدية,https://ar.wikipedia.org/wiki/%D8%B9%D9%8A%D8%AF%D9%8A%D8%A9,What kind of money is given to children as a gift during Eid in Egypt?,What kind of money is given to children as a gift during holidays in Egypt?,Eid gift,Eidiyah,,Abdelrahman Sadallah,Category: Celebrations and Traditional Events,AR,
233,Abdelrahman Sadallah,Arij Riabi,arz_arab,Egypt,ماذا تسمى الليلة التي تسبق الزفاف وتتزين فيها العروس ويتم فيها رسم التزين في مصر؟,حنة,https://akhbarelyom.com/news/newdetails/4074211/1/%D8%A3%D8%B5%D9%84-%D8%A7%D9%84%D8%AD%D9%83%D8%A7%D9%8A%D8%A9-%D9%84%D9%8A%D9%84%D8%A9-%D8%A7%D9%84%D8%AD%D9%86%D8%A9-%D9%81%D9%8A-%D8%A7%D9%84%D8%AA%D8%B1%D8%A7%D8%AB-%D8%A7%D9%84%D8%B4%D8%B9%D8%A8%D9%8A,"What is the name of the night before the wedding, when the bride gets dressed up and her makeup is applied, in Egypt?","What is the name of the night before the wedding, when the bride gets dressed up and her makeup is applied, in Egypt?",henna,Henna Night,,Abdelrahman Sadallah,Category: Celebrations and Traditional Events,AR,
234,Abdelrahman Sadallah,Arij Riabi,arz_arab,Egypt,إيه هو موكب الفرح اللي معاه مزيكا للعروسين في مصر؟,زفة,https://www.independentarabia.com/node/600171/%D8%AA%D8%AD%D9%82%D9%8A%D9%82%D8%A7%D8%AA-%D9%88%D9%85%D8%B7%D9%88%D9%84%D8%A7%D8%AA/%D8%A7%D9%84%D8%B2%D9%81%D8%A9-%D8%A7%D9%84%D8%B4%D8%B9%D8%A8%D9%8A%D8%A9-%D8%B7%D8%A8%D8%A7%D8%A6%D8%B9-%D9%85%D8%B5%D8%B1%D9%8A%D8%A9-%D8%A8%D8%AF%D9%84%D9%87%D8%A7-%D8%AC%D9%86%D9%88%D9%86-%D8%A7%D9%84%D8%A3%D8%B3%D9%81%D9%84%D8%AA,What is the wedding procession with music for the bride and groom in Egypt?,What is the celebratory procession with music for the bride and groom in Egypt?,wedding procession,Zaffa,,Abdelrahman Sadallah,Category: Celebrations and Traditional Events,AR,
235,Abdelrahman Sadallah,Arij Riabi,arz_arab,Egypt,بنسمي إيه الاحتفال السنوي بذكرى ميلاد ولي من أولياء الله الصالحين في مصر؟,مولد,https://ar.wikipedia.org/wiki/%D8%A7%D9%84%D9%85%D9%88%D8%A7%D9%84%D8%AF_%D9%81%D9%8A_%D9%85%D8%B5%D8%B1,What do we call the annual celebration of the birth anniversary of one of God's righteous saints in Egypt?,What is the annual celebration of the birth anniversary of one of the saints in Egypt called?,Generator,Mooled,,Abdelrahman Sadallah,Category: Celebrations and Traditional Events,AR,
236,Abdelrahman Sadallah,Arij Riabi,arz_arab,Egypt,بنحط البيبي ف ايه في السبوع في مصر؟,المنخل,https://ar.wikipedia.org/wiki/%D8%B3%D8%A8%D9%88%D8%B9,What do we put the baby in during the seventh-day celebration in Egypt?,"In the Soboo, the newborn is put in what in Egypt?",sieve,Ghorbal,,Abdelrahman Sadallah,Category: Celebrations and Traditional Events,AR,
237,Abdelrahman Sadallah,Arij Riabi,arz_arab,Egypt,بنسمي إيه الحاجات والمفروشات اللي بتجهز بيها العروسة في مصر؟,جهاز,https://ar.wikipedia.org/wiki/%D8%AC%D9%87%D8%A7%D8%B2_%D8%A7%D9%84%D8%B9%D8%B1%D9%88%D8%B3,What do we call the things and furnishings that a bride prepares for her wedding in Egypt?,What is the name of the set of tools and furnishings that a bride is prepared with in Egypt?,device,Gehaz,,Abdelrahman Sadallah,Category: Celebrations and Traditional Events,AR,
238,Abdelrahman Sadallah,Arij Riabi,arz_arab,Egypt,إيه هي الهدية الدهب اللي بيجيبها العريس للعروسة في الخطوبة في مصر؟,شبكة,https://ar.wikipedia.org/wiki/%D8%AE%D8%A7%D8%AA%D9%85_%D8%AE%D8%B7%D9%88%D8%A8%D8%A9,What is the gold gift that the groom brings to the bride during the engagement in Egypt?,What is the traditional gold gift that the groom gives to the bride during the engagement in Egypt?,network,Shabkka,,Abdelrahman Sadallah,Category: Celebrations and Traditional Events,AR,
239,Abdelrahman Sadallah,Arij Riabi,arz_arab,Egypt,إيه هو المبلغ المالي اللي بيدفعه العريس للعروسة في عقد الجواز في مصر؟,مهر,https://ar.wikipedia.org/wiki/%D8%B5%D8%AF%D8%A7%D9%82,What is the amount of money that the groom pays to the bride in the marriage contract in Egypt?,What is the amount of money that the groom pays to the bride under the marriage contract in Egypt?,dowry,Mahr,,Abdelrahman Sadallah,Category: Celebrations and Traditional Events,AR,
240,Abdelrahman Sadallah,Arij Riabi,arz_arab,Egypt,إيه هي الورقة اللي بيتكتب فيها عفش الزوجية عشان تضمن حق الزوجة  في مصر؟,قائمة,https://ar.wikipedia.org/wiki/%D8%A3%D9%86%D8%B8%D9%85%D8%A9_%D8%A7%D9%84%D9%85%D9%84%D9%83%D9%8A%D8%A9_%D8%A7%D9%84%D8%B2%D9%88%D8%AC%D9%8A%D8%A9,What is the document that lists the marital property in order to guarantee the wife's rights in Egypt?,What document should be used to list marital assets in order to guarantee the wife's rights in Egypt?,existing,Marital Asset List,,Abdelrahman Sadallah,Category: Celebrations and Traditional Events,AR,
241,Abdelrahman Sadallah,Arij Riabi,arz_arab,Egypt,بنسمي إيه المكسرات والفواكه المجففة اللي بتتاكل في رمضان في مصر؟,ياميش,https://ar.wikipedia.org/wiki/%D9%8A%D8%A7%D9%85%D9%8A%D8%B4,What do we call the nuts and dried fruits that are eaten during Ramadan in Egypt?,What are the nuts and dried fruits eaten during Ramadan in Egypt called?,Yamish,Yamish,,Abdelrahman Sadallah,Category: Celebrations and Traditional Events,AR,
242,Abdelrahman Sadallah,Arij Riabi,arz_arab,Egypt,إيه اسم الشخص اللي بيصحي الناس عشان تتسحر في رمضان في مصر؟,مسحراتي,https://ar.wikipedia.org/wiki/%D9%85%D8%B3%D8%AD%D8%B1%D8%A7%D8%AA%D9%8A,What is the name of the person who wakes people up for Suhoor (pre-dawn meal) during Ramadan in Egypt?,What is the name of the person who wakes people up for Suhoor (pre-dawn meal) during Ramadan in Egypt?,Ramadan drummer,Mesaharati,,Abdelrahman Sadallah,Category: Celebrations and Traditional Events,AR,
243,Abdelrahman Sadallah,Arij Riabi,arz_arab,Egypt,إيه هو فن عمايل القماش المزخرف الملون المرتبط بفرش الفراشة في الاحتفالات في مصر؟,خيامية,https://ar.wikipedia.org/wiki/%D8%AE%D9%8A%D8%A7%D9%85%D9%8A%D8%A9,What is the art of making colorful decorative fabrics associated with butterfly brushes in celebrations in Egypt?,What is the art of making colorful decorative fabrics associated with celebration tents in Egypt?,tent-making,Khayamiya,,Abdelrahman Sadallah,Category: Celebrations and Traditional Events,AR,
244,Abdelrahman Sadallah,Arij Riabi,arz_arab,Egypt,"إيه هو العيد المصري القديم اللي بنحتفل بيه في الربيع وبنلون فيه البيض؟




",شم النسيم ,https://ar.wikipedia.org/wiki/%D8%B4%D9%85_%D8%A7%D9%84%D9%86%D8%B3%D9%8A%D9%85,"What is the ancient Egyptian festival that we celebrate in the spring and where we color eggs?

",What is the ancient Egyptian festival that Egyptians celebrate in the spring and which is characterized by the tradition of coloring eggs?,Sham El Nessim,Sham El Nessim,,Abdelrahman Sadallah,Category: Celebrations and Traditional Events,AR,
245,Abdelrahman Sadallah,Arij Riabi,arz_arab,Egypt, بنسمي إيه الفلوس اللي بتتقدم كهدية أو مجاملة للعروسين في الأفراح المصرية؟,نقطة,https://magazine.rosaelyoussef.com/23276/%D8%A7%D9%84%D9%86%D8%A7%D8%B3-%D9%85%D9%82%D8%A7%D9%85%D8%A7%D8%AA-%D9%81%D9%89-%D8%A7%D9%84%D9%86%D9%82%D9%88%D8%B7-%D8%A3%D9%8A%D8%B6%D8%A7,What do we call the money that is given as a gift or courtesy to the bride and groom at Egyptian weddings?,What is the monetary amount given as a gift or courtesy to the bride and groom at Egyptian weddings called?,a point,Noota,,Abdelrahman Sadallah,Category: Celebrations and Traditional Events,AR,
246,Abdelrahman Sadallah,Arij Riabi,arz_arab,Egypt, إيه هي الموائد المجانية اللي بتتعمل في شوارع مصر في رمضان عشان تفطّر الصايمين؟,موائد الرحمن,https://ar.wikipedia.org/wiki/%D9%85%D8%A7%D8%A6%D8%AF%D8%A9_%D8%A7%D9%84%D8%B1%D8%AD%D9%85%D9%86,What are the free meals that are set up in the streets of Egypt during Ramadan to provide iftar for those fasting?,What are the free tables that are set up in the Egyptian streets during the month of Ramadan to provide iftar for those fasting?,Tables of Mercy,Mwaaed Al-Rahman,,Abdelrahman Sadallah,Category: Celebrations and Traditional Events,AR,
247,Abdelrahman Sadallah,Arij Riabi,arz_arab,Egypt,إيه هو العيد التاريخي اللي بيحتفل بيه المصريين بفيضان النيل، وكان مرتبط زمان بأسطورة رمي عروسة خشب فيه؟,وفاء النيل ,https://ar.wikipedia.org/wiki/%D8%B9%D9%8A%D8%AF_%D9%88%D9%81%D8%A7%D8%A1_%D8%A7%D9%84%D9%86%D9%8A%D9%84,#ERROR!,"What is the historical holiday that Egyptians celebrate in appreciation of the river flood, and which was associated in ancient times with the legend of throwing a wooden doll into it?",Nile Loyalty,Wafaa El-Nil,,Abdelrahman Sadallah,Category: Celebrations and Traditional Events,AR,
248,Abdelrahman Sadallah,Arij Riabi,arz_arab,Egypt, إيه هي العادة الشعبية اللي بنستخدم فيها أداة معدن ونخبط بيها جنب ودن الطفل الرضيع في السبوع في مصر؟,دق الهون,https://ar.wikipedia.org/wiki/%D8%B3%D8%A8%D9%88%D8%B9,"What is the historical holiday that Egyptians celebrate with the Nile flood, which was once associated with the legend of throwing a wooden doll into it?",What is the popular ritual performed using a metal instrument near the ear of a newborn baby during the Sebou' celebration in Egypt?,pound the mortar,Daq El-Houn,,Abdelrahman Sadallah,Category: Celebrations and Traditional Events,AR,
249,Abdelrahman Sadallah,Arij Riabi,arz_arab,Egypt, بنسمي إيه الزينة الورق اللي الجيران بيشتركوا ويعلقوها بين البلكونات في شوارع مصر عشان يحتفلوا برمضان؟,زينة رمضان,https://ar.wikipedia.org/wiki/%D8%B1%D9%85%D8%B6%D8%A7%D9%86_%D9%81%D9%8A_%D9%85%D8%B5%D8%B1,What do we call the paper decorations that neighbors share and hang between balconies in the streets of Egypt to celebrate Ramadan?,What are the paper decorations that neighbors share in hanging between the balconies of Egyptian streets to celebrate the arrival of the month of fasting called?,Ramadan decorations,Ramadan decorations,,Abdelrahman Sadallah,Category: Celebrations and Traditional Events,AR,
250,Abdelrahman Sadallah,Arij Riabi,arz_arab,Egypt,بنسمي إيه الزيارة أو الاحتفال الديني اللي بيتعمل في شهر رجب في مصر؟,رجبية,https://www.youm7.com/story/2026/5/4/%D8%A7%D9%84%D8%B7%D8%B1%D9%82-%D8%A7%D9%84%D8%B5%D9%88%D9%81%D9%8A%D8%A9-%D8%AA%D8%AD%D8%AA%D9%81%D9%84-%D8%A8%D8%B1%D8%AC%D8%A8%D9%8A%D8%A9-%D8%B4%D9%8A%D8%AE-%D8%A7%D9%84%D8%B9%D8%B1%D8%A8-%D8%A7%D9%84%D8%B3%D9%8A%D8%AF-%D8%A7%D9%84%D8%A8%D8%AF%D9%88%D9%8A-%D8%A8%D8%B7%D9%86%D8%B7%D8%A7-%D8%A7%D9%84%D8%A7%D8%AD%D8%AA%D9%81%D8%A7%D9%84%D8%A7%D8%AA/7400722,What do we call the religious visit or celebration that takes place in the month of Rajab in Egypt?,What is the name of the religious visit or celebration that takes place in the month of Rajab in Egypt?,Rajabiyah,Rajabiyah,,Abdelrahman Sadallah,Category: Celebrations and Traditional Events,AR,
251,Abdelrahman Sadallah,Arij Riabi,arz_arab,Egypt,"بنسمي إيه الاحتفال الشعبي التقليدي اللي العائلات المصرية بتعمله بمناسبة ختان الطفل الولد؟

",الطهور ,https://ar.wikipedia.org/wiki/%D8%AE%D8%AA%D8%A7%D9%86,"What do we call the traditional folk celebration that Egyptian families hold to mark the circumcision of a boy?


What is the name of the celebration?",What is the name of the traditional folk celebration that Egyptian families are keen to hold on the occasion of the circumcision of a male child?,purification,Tahoor,,Abdelrahman Sadallah,Category: Celebrations and Traditional Events,AR,
252,Abdelrahman Sadallah,Arij Riabi,arz_arab,Egypt," إيه هي المناسبة الدينية اللي بيحتفل بيها المصريين كل سنة وبيشتروا فيها حلاوة ويهادوا بعض بـ ""عروسة المولد"" و""الحصان""؟",المولد النبوي,https://ar.wikipedia.org/wiki/%D8%A7%D9%84%D9%85%D9%88%D9%84%D8%AF_%D8%A7%D9%84%D9%86%D8%A8%D9%88%D9%8A,"What is the religious occasion that Egyptians celebrate every year, during which they buy sweets and give each other gifts such as the ""Mawlid doll"" and the ""horse""?","What is the religious occasion that Egyptians celebrate annually by buying traditional sweets and giving gifts of the ""Mawlid doll"" and the ""horse""?",Prophet's Birthday,Mooled al nabawy,,Abdelrahman Sadallah,Category: Celebrations and Traditional Events,AR,
253,Abdelrahman Sadallah,Arij Riabi,arz_arab,Egypt,إيه هي المخبوزات المدورة المرشوشة سكر اللي بتتعمل احتفال بعيد الفطر في مصر؟,كحك,https://ar.wikipedia.org/wiki/%D9%83%D8%B9%D9%83_%D8%A7%D9%84%D8%B9%D9%8A%D8%AF,"What are the round, sugar-sprinkled pastries that are made to celebrate Eid al-Fitr in Egypt?","What are the round, sugar-coated pastries that are made to celebrate Eid al-Fitr in Egypt?",cake,Kahk,,Abdelrahman Sadallah,Category: Celebrations and Traditional Events,AR,
254,Abdelrahman Sadallah,Arij Riabi,arz_arab,Egypt,إيه هو الموكب التاريخي اللي كان بينقل كسوة الكعبة من مصر للحجاز؟,محمل,https://arz.wikipedia.org/wiki/%D8%A7%D9%84%D9%85%D8%AD%D9%85%D9%84_%D8%A7%D9%84%D9%85%D8%B5%D8%B1%D9%89,What was the historical procession that transported the Kaaba's covering from Egypt to the Hijaz?,What was the historical procession that used to transport the Kaaba's covering from Egypt to the Hijaz?,loader,Mahmal,,Abdelrahman Sadallah,Category: Celebrations and Traditional Events,,