ID,Author,Checked By,Language,Country/Region,Question,Answer,Evidence_url,Question Automatic Translation,Question Corrected Translation,Answer Automatic Translation,Answer Corrected Translation,Translation Corrected By,Notes,URL language (if different from target language),Domains,Domain,All domains,Checked Translation,Exclude,Author Statistics,,Reviewer Statistics,,Domain representation,
1,Orfeas Menis Mastromichalakis,Nikitas Theodoropoulos,ell_grek,Greece,Ποιος ηθοποιός έκανε τη φωνή του Ζάζου στην ελληνική μεταγλώττιση της ταινίας «Ο Βασιλιάς των Λιονταριών»;,Ο Σπύρος Μπιμπίλας,https://el.wikipedia.org/wiki/%CE%A3%CF%80%CF%8D%CF%81%CE%BF%CF%82_%CE%9C%CF%80%CE%B9%CE%BC%CF%80%CE%AF%CE%BB%CE%B1%CF%82,"Which actor voiced Zazu in the Greek dubbing of the movie ""The Lion King""?",,Spyros Bibilas,,,,,,Entertainment,,OK,,,,,,,
2,Orfeas Menis Mastromichalakis,Nikitas Theodoropoulos,ell_grek,Greece,Πώς ονομάζεται το μαλακό τυρί που παράγεται στη Χίο και συχνά ψήνεται στα κάρβουνα ή σερβίρεται ως σαγανάκι;,Μαστέλο Χίου,https://el.wikipedia.org/wiki/%CE%9C%CE%B1%CF%83%CF%84%CE%AD%CE%BB%CE%BF_%CE%A7%CE%AF%CE%BF%CF%85,What is the name of the soft cheese produced in Chios and often grilled or served as saganaki?,,"Mastelo, Chios",Mastelo of Chios,Orfeas Menis Mastromichalakis,,,Leisure,Cuisine,Entertainment,OK,,Author,Frequency,Reviewer,Frequency,Domain,IDs
3,Orfeas Menis Mastromichalakis,Nikitas Theodoropoulos,ell_grek,Greece,Ποια ηθοποιός υποδύθηκε την Ελένη Βλαχάκη στη δημοφιλή ελληνική τηλεοπτική σειρά «Κωνσταντίνου και Ελένης»;,Η Ελένη Ράντου,https://el.wikipedia.org/wiki/%CE%9A%CF%89%CE%BD%CF%83%CF%84%CE%B1%CE%BD%CF%84%CE%AF%CE%BD%CE%BF%CF%85_%CE%BA%CE%B1%CE%B9_%CE%95%CE%BB%CE%AD%CE%BD%CE%B7%CF%82,"Which actress played Eleni Vlachaki in the popular Greek television series ""Constantine and Helen""?","Which actress played Eleni Vlachaki in the popular Greek television series ""Konstantinou kai Elenis""?",Eleni Randou,,Nikitas Theodoropoulos,,,Entertainment,Entertainment,Cuisine,OK,,Anna Vacalopoulou,88,Antigoni Klimi,93,46,Entertainment
4,Orfeas Menis Mastromichalakis,Nikitas Theodoropoulos,ell_grek,Greece,Ποιος ηθοποιός υποδύθηκε τον Κωνσταντίνο Κατακουζηνό στη σειρά «Κωνσταντίνου και Ελένης»;,Ο Χάρης Ρώμας,https://el.wikipedia.org/wiki/%CE%9A%CF%89%CE%BD%CF%83%CF%84%CE%B1%CE%BD%CF%84%CE%AF%CE%BD%CE%BF%CF%85_%CE%BA%CE%B1%CE%B9_%CE%95%CE%BB%CE%AD%CE%BD%CE%B7%CF%82,"Which actor played Konstantinos Katakouzinos in the series ""Constantine and Helen""?","Which actor played Konstantinos Katakouzinos in the series ""Konstantinou kai Elenis""?",Harry Romas,Harris Romas,Nikitas Theodoropoulos,,,Entertainment,Entertainment,Tradition,OK,,Antigoni Klimi,68,Anna Vacalopoulou,71,61,Geography
5,Orfeas Menis Mastromichalakis,Nikitas Theodoropoulos,ell_grek,Greece,Πώς ονομαζόταν η διατριβή που προσπαθούσε να εκδώσει ο Κωνσταντίνος Κατακουζηνός στη σειρά «Κωνσταντίνου και Ελένης»;,Το αποχετευτικό σύστημα στο Βυζάντιο,https://el.wikipedia.org/wiki/%CE%9A%CF%89%CE%BD%CF%83%CF%84%CE%B1%CE%BD%CF%84%CE%AF%CE%BD%CE%BF%CF%85_%CE%BA%CE%B1%CE%B9_%CE%95%CE%BB%CE%AD%CE%BD%CE%B7%CF%82,"What was the name of the thesis that Konstantinos Katakouzinos was trying to publish in the ""Constantine and Helen"" series?","What was the name of the thesis that Konstaninos Katakouzinos was trying to publish in the series ""Konstantinou kai Elenis""?",The sewage system in Byzantium,,Nikitas Theodoropoulos,,,Entertainment,Entertainment,Sports,OK,,Dimitra Gkatzelaki,35,Nikitas Theodoropoulos,54,60,History and Politics
6,Orfeas Menis Mastromichalakis,Nikitas Theodoropoulos,ell_grek,Greece,Με ποιον παραδοσιακό ελληνικό χορό συνδέεται το τραγούδι «Η Συμπεθέρα»;,Ικαριώτικο,https://el.wikipedia.org/wiki/%CE%99%CE%BA%CE%B1%CF%81%CE%B9%CF%8E%CF%84%CE%B9%CE%BA%CE%BF%CF%82,"With which traditional Greek dance is the song ""Sympethera"" associated?",,Ikarian,Ikariotikos ,Orfeas Menis Mastromichalakis,,,Entertainment,Tradition,History,OK,,Nikitas Theodoropoulos,35,Orfeas Menis Mastromichalakis,38,57,Arts and Literature
7,Orfeas Menis Mastromichalakis,Nikitas Theodoropoulos,ell_grek,Greece,"Ποιος ποδοσφαιριστής είναι ο πρώτος στην ιστορία του ελληνικού ποδοσφαίρου που αγωνίστηκε επαγγελματικά και στις τρεις μεγάλες ομάδες της Αθήνας (Παναθηναϊκός, ΑΕΚ, Ολυμπιακός) και στις τρεις μεγάλες ομάδες της Θεσσαλονίκης (ΠΑΟΚ, Άρης, Ηρακλής);",Ο Λάζαρος Χριστοδουλόπουλος,https://el.wikipedia.org/wiki/%CE%9B%CE%AC%CE%B6%CE%B1%CF%81%CE%BF%CF%82_%CE%A7%CF%81%CE%B9%CF%83%CF%84%CE%BF%CE%B4%CE%BF%CF%85%CE%BB%CF%8C%CF%80%CE%BF%CF%85%CE%BB%CE%BF%CF%82,"Which football player is the first in the history of Greek football to play professionally for all three major teams in Athens (Panathinaikos, AEK, Olympiacos) and the three major teams in Thessaloniki (PAOK, Aris, Iraklis)?",,Lazaros Christodoulopoulos,,,,,Leisure,Sports,Music,OK,,Orfeas Menis Mastromichalakis,31,Prokopis Prokopidis,20,21,Science and Nature
8,Orfeas Menis Mastromichalakis,Nikitas Theodoropoulos,ell_grek,Greece,"Ποιος θρύλος του ελληνικού μπάσκετ μεταγράφηκε το 2010 από τον Παναθηναϊκό στον αιώνιο αντίπαλό του, τον Ολυμπιακό;",Ο Βασίλης Σπανούλης,https://el.wikipedia.org/wiki/%CE%92%CE%B1%CF%83%CE%AF%CE%BB%CE%B7%CF%82_%CE%A3%CF%80%CE%B1%CE%BD%CE%BF%CF%8D%CE%BB%CE%B7%CF%82,"Which Greek basketball legend was transferred in 2010 from Panathinaikos to its eternal rival, Olympiacos?",,Vasilis Spanoulis,,,,,Leisure,Sports,Pop Culture & Internet,OK,,Stelios Kasouridis,30,Dimitra Gkatzelaki,16,54,Leisure
9,Orfeas Menis Mastromichalakis,Nikitas Theodoropoulos,ell_grek,Greece,"Σε ποιο ομαδικό άθλημα κατέκτησε η Ελλάδα το πρώτο της ολυμπιακό μετάλλιο, με το ασημένιο μετάλλιο στους Ολυμπιακούς Αγώνες του Τόκιο το 2021;",Υδατοσφαίριση,https://el.wikipedia.org/wiki/%CE%95%CE%B8%CE%BD%CE%B9%CE%BA%CE%AE_%CE%95%CE%BB%CE%BB%CE%AC%CE%B4%CE%B1%CF%82_(%CF%85%CE%B4%CE%B1%CF%84%CE%BF%CF%83%CF%86%CE%B1%CE%AF%CF%81%CE%B9%CF%83%CE%B7_%CE%B1%CE%BD%CE%B4%CF%81%CF%8E%CE%BD),"In which team sport did Greece win its first Olympic medal, with the silver medal at the Tokyo Olympics in 2021?",,Water polo,,,,,Leisure,Sports,Art,OK,,Prokopis Prokopidis,13,,,,
10,Orfeas Menis Mastromichalakis,Nikitas Theodoropoulos,ell_grek,Greece,"Ποιος καλαθοσφαιριστής πέτυχε το καθοριστικό τρίποντο τρία δευτερόλεπτα πριν τη λήξη του ημιτελικού με τη Γαλλία στο Ευρωμπάσκετ 2005, στέλνοντας την Ελλάδα στον τελικό;",Ο Δημήτρης Διαμαντίδης,https://el.wikipedia.org/wiki/%CE%94%CE%B7%CE%BC%CE%AE%CF%84%CF%81%CE%B7%CF%82_%CE%94%CE%B9%CE%B1%CE%BC%CE%B1%CE%BD%CF%84%CE%AF%CE%B4%CE%B7%CF%82,"Which basketball player scored the decisive three-pointer three seconds before the end of the semi-final against France in EuroBasket 2005, sending Greece to the final?",,Dimitris Diamantidis,,,,,Leisure,Sports,Geography,OK,,,,,,,
11,Orfeas Menis Mastromichalakis,Nikitas Theodoropoulos,ell_grek,Greece,Ποια ελληνική ομάδα αποκαλείται και «Δικέφαλος του Βορρά»;,Ο Π.Α.Ο.Κ.,https://el.wikipedia.org/wiki/%CE%A0.%CE%91.%CE%9F.%CE%9A._(%CF%80%CE%BF%CE%B4%CF%8C%CF%83%CF%86%CE%B1%CE%B9%CF%81%CE%BF_%CE%B1%CE%BD%CE%B4%CF%81%CF%8E%CE%BD),"Which Greek team is also called the ""Two-Headed of the North""?","Which Greek team is also called the ""Double-headed Eagle of the North?""",PAOK,,Nikitas Theodoropoulos,,,Leisure,Sports,Sciences,OK,,,,,,,
12,Orfeas Menis Mastromichalakis,Nikitas Theodoropoulos,ell_grek,Greece,Ποιος έλληνας παίκτης πέτυχε το γκολ απέναντι στην Πορτογαλία στον τελικό του Euro 2004;,Ο Άγγελος Χαριστέας,https://el.wikipedia.org/wiki/%CE%86%CE%B3%CE%B3%CE%B5%CE%BB%CE%BF%CF%82_%CE%A7%CE%B1%CF%81%CE%B9%CF%83%CF%84%CE%AD%CE%B1%CF%82,Which Greek player scored the goal against Portugal in the Euro 2004 final?,,Angel Charisteas,Angelos Charisteas,Stelios Kasouridis,,,Leisure,Sports,,OK,,,,,,,
13,Orfeas Menis Mastromichalakis,Nikitas Theodoropoulos,ell_grek,Greece,Ποιος αγωνιστής της Εθνικής Αντίστασης κατέβασε μαζί με τον Λάκη Σάντα τη ναζιστική σημαία από την Ακρόπολη τη νύχτα της 30ής προς 31η Μαΐου 1941;,Ο Μανώλης Γλέζος,https://el.wikipedia.org/wiki/%CE%9C%CE%B1%CE%BD%CF%8E%CE%BB%CE%B7%CF%82_%CE%93%CE%BB%CE%AD%CE%B6%CE%BF%CF%82,"Which National Resistance fighter, together with Lakis Santas, took down the Nazi flag from the Acropolis on the night of May 30 to 31, 1941?",,Manolis Glezos,,,,,History and politics,History,Politics,OK,,,,,,,
14,Orfeas Menis Mastromichalakis,Nikitas Theodoropoulos,ell_grek,Greece,"Ποιο συγκρότημα της ελληνικής hip-hop σκηνής έγινε γνωστό τη δεκαετία του 2000 με τραγούδια όπως το «Brazil-Ημιζ 1-0», που περιλαμβάνει τον στίχο «Είσαι απ' τη Brazil, είμαι απ' τα Ημί»;",Ημισκούμπρια,https://lyricstranslate.com/en/Brasil-Brasil.html,"Which band from the Greek hip-hop scene became famous in the 2000s with songs like ""Brazil-Imiz 1-0"", which includes the lyric ""You are from Brazil, I am from Imi""?",,Half-squid,Imiskoumbria,Nikitas Theodoropoulos,,,Entertainment,Music,Religion,OK,,,,,,,
15,Orfeas Menis Mastromichalakis,Nikitas Theodoropoulos,ell_grek,Greece,Ποιος Έλληνας συνθέτης μελοποίησε το «Άξιον Εστί» του Οδυσσέα Ελύτη;,Ο Μίκης Θεοδωράκης,https://el.wikipedia.org/wiki/%CE%9C%CE%AF%CE%BA%CE%B7%CF%82_%CE%98%CE%B5%CE%BF%CE%B4%CF%89%CF%81%CE%AC%CE%BA%CE%B7%CF%82,"Which Greek composer set ""Axion Esti"" by Odysseas Elytis to music?",,Mikis Theodorakis,,,,,Entertainment,Music,Cinema,OK,,,,,,,
16,Orfeas Menis Mastromichalakis,Nikitas Theodoropoulos,ell_grek,Greece,"Ποιος πολιτικός συνδέθηκε με τη viral φράση «Αλλά, αυτοί είστε» που έγινε ιδιαίτερα δημοφιλής μέσω του luben.tv;",Ο Δημήτρης Κουτσούμπας,https://www.lifo.gr/lifoland/its-viral/aytoi-eiste-o-dimitris-koytsoympas-exigei-pos-bgike-i-viral-ataka,"Which politician was associated with the viral phrase ""But, they are you"" that became particularly popular through luben.tv?","Which politician was associated with the viral phrase ""But, this is who you are"" that became popularized particularly through luben.tv?",Dimitris Koutsoumbas,,Nikitas Theodoropoulos,,,Leisure,Pop Culture & Internet,sports,OK,,,,,,,
17,Orfeas Menis Mastromichalakis,Nikitas Theodoropoulos,ell_grek,Greece,Ποιος ήταν ο βασικός παρουσιαστής της εκπομπής φιλάθλων του Ολυμπιακού «Άντε Γεια»;,Ο Τάκης Τσουκαλάς,https://el.wikipedia.org/wiki/%CE%A4%CE%AC%CE%BA%CE%B7%CF%82_%CE%A4%CF%83%CE%BF%CF%85%CE%BA%CE%B1%CE%BB%CE%AC%CF%82,"Who was the main presenter of the Olympiacos fan show ""Ade Geia""?",,Takis Tsoukalas,,,,,Entertainment,Pop Culture & Internet,traditions_folklore,OK,,,,,,,
18,Nikitas Theodoropoulos,Orfeas Menis Mastromichalakis,ell_grek,Greece,"Ποιος άρτος φτιάχνεται παραδοσιακά στην Ελλάδα μόνο μια μέρα του χρόνου, την Καθαρά Δευτέρα;",Λαγάνα,https://el.wikipedia.org/wiki/%CE%9B%CE%B1%CE%B3%CE%AC%CE%BD%CE%B1,"Which bread is traditionally made in Greece only one day a year, on Clean Monday?",,Lagana,,,,,History and politics,Tradition,music_dance,OK,,,,,,,
19,Nikitas Theodoropoulos,Orfeas Menis Mastromichalakis,ell_grek,Greece,Ποια είναι η ελληνική Ορθόδοξη εορτή στην οποία παραδοσιακά πετάμε χαρταετό;,Η Καθαρή Δευτέρα,https://el.wikipedia.org/wiki/%CE%9A%CE%B1%CE%B8%CE%B1%CF%81%CE%AC_%CE%94%CE%B5%CF%85%CF%84%CE%AD%CF%81%CE%B1,What is the Greek Orthodox holiday on which we traditionally fly kites?,,Clean Monday,,,,,Leisure,Cuisine,politics_society,OK,,,,,,,
20,Nikitas Theodoropoulos,Orfeas Menis Mastromichalakis,ell_grek,Greece,Ποιος γνωστός έλληνας ηθοποιός φωνής έχει μεταγλωττίσει τον Γουίνι το Αρκουδάκι στα ελληνικά; ,Ακίνδυνος Γκίκας,https://el.wikipedia.org/wiki/%CE%91%CE%BA%CE%AF%CE%BD%CE%B4%CF%85%CE%BD%CE%BF%CF%82_%CE%93%CE%BA%CE%AF%CE%BA%CE%B1%CF%82,Which famous Greek voice actor has dubbed Winnie the Pooh into Greek?,,Harmless Ghikas,Akindynos Gkikas,Nikitas Theodoropoulos,,,Entertainment,Entertainment,television,OK,,,,,,,
21,Nikitas Theodoropoulos,Orfeas Menis Mastromichalakis,ell_grek,Greece,Ποιος είναι ο δημιουργός και συγγραφέας της επιτυχημένης ελληνικής σειράς «Στο Παρά 5»;,Ο Γιώργος Καπουτζίδης,https://el.wikipedia.org/wiki/%CE%A3%CF%84%CE%BF_%CE%A0%CE%B1%CF%81%CE%AC_5,"Who is the creator and writer of the successful Greek series ""Sto Para 5""?",,George Kapoutzidis,Giorgos Kapoutzidis,Nikitas Theodoropoulos,,,Entertainment,Entertainment,geography_places,OK,,,,,,,
22,Nikitas Theodoropoulos,Orfeas Menis Mastromichalakis,ell_grek,Greece,Σε ποιά ελληνική εθνική εορτή τρώμε παραδοσιακά μπακαλιάρο σκορδαλιά;,Την 25η Μαρτίου,https://www.ekriti.gr/afieromata/25i-martioy-giati-einai-ethimo-na-trome-mpakaliaro-skordalia,On which Greek national holiday do we traditionally eat cod with garlic?,On which Greek national holiday do we traditionally eat cod with skordalia?,On March 25th,,Orfeas Menis Mastromichalakis,,,Leisure,Tradition,history,OK,,,,,,,
23,Nikitas Theodoropoulos,Orfeas Menis Mastromichalakis,ell_grek,Greece,"Πώς λένε στην νότια Πελοπόννησο το ελληνικό πιάτο, που παραδοσιακά φτιάχνεται από ντομάτες, αυγά, αλάτι και πιπέρι;",Καγιανάς,https://el.wikipedia.org/wiki/%CE%A3%CF%84%CF%81%CE%B1%CF%80%CE%B1%CF%84%CF%83%CE%AC%CE%B4%CE%B1,"What is the Greek dish called in the southern Peloponnese, which is traditionally made from tomatoes, eggs, salt and pepper?","What do they call, in the southern Peloponnese, the Greek dish that is traditionally made with tomatoes, eggs, salt, and pepper?",Kayanas,,Orfeas Menis Mastromichalakis,,,Leisure,Tradition,popular_culture,OK,,,,,,,
24,Nikitas Theodoropoulos,Orfeas Menis Mastromichalakis,ell_grek,Greece,"Ποιος Έλληνας ιατρός, πανεπιστημιακός, με ειδικότητα ειδικού λοιμωξιολόγου, διατέλεσε επικεφαλής της ομάδας για την αντιμετώπιση της πανδημίας του κορωνοϊού στην Ελλάδα;",Ο Σωτήρης Τσιόδρας,https://el.wikipedia.org/wiki/%CE%A3%CF%89%CF%84%CE%AE%CF%81%CE%B7%CF%82_%CE%A4%CF%83%CE%B9%CF%8C%CE%B4%CF%81%CE%B1%CF%82,"Which Greek doctor, a university graduate, with a specialty in infectious disease, headed the team to deal with the coronavirus pandemic in Greece?","Which Greek doctor, a university professor, with a specialty in infectious disease, headed the team to deal with the coronavirus pandemic in Greece?",Sotiris Tsiodras,,Nikitas Theodoropoulos,,,History and politics,History,Literature,OK,,,,,,,
25,Nikitas Theodoropoulos,Orfeas Menis Mastromichalakis,ell_grek,Greece,"Ποιος Έλληνας πιανίστας και συνθέτης, μελοποίησε στίχους του Νίκου Καββαδία στον δίσκο του «Ο Σταυρός του Νότου»;",Ο Θάνος Μικρούτσικος,https://el.wikipedia.org/wiki/%CE%98%CE%AC%CE%BD%CE%BF%CF%82_%CE%9C%CE%B9%CE%BA%CF%81%CE%BF%CF%8D%CF%84%CF%83%CE%B9%CE%BA%CE%BF%CF%82,"Which Greek pianist and composer set lyrics by Nikos Kavvadias to music on his album ""The Cross of the South""?","Which Greek pianist and composer set lyrics by Nikos Kavvadias to music on his album ""Stavros tou Notou""?",Thanos Mikroutsikos,,Nikitas Theodoropoulos,,,Arts and Literature,Art,Visual Arts,OK,,,,,,,
26,Nikitas Theodoropoulos,Orfeas Menis Mastromichalakis,ell_grek,Greece,Ποιο γλύκισμα προσφέρεται παραδοσιακά σε κηδείες και μνημόσυνα στην Ελληνική Ορθόδοξη Εκκλησία;,Τα κόλλυβα,https://el.wikipedia.org/wiki/%CE%9A%CF%8C%CE%BB%CE%BB%CF%85%CE%B2%CE%B1,What sweet is traditionally offered at funerals and memorial services in the Greek Orthodox Church?,,The kolliva,Kollyva,Orfeas Menis Mastromichalakis,,,History and politics,Tradition,Economy,OK,,,,,,,
27,Orfeas Menis Mastromichalakis,Nikitas Theodoropoulos,ell_grek,Greece,"Πώς ονομαζόταν ο συγκάτοικος του Γρηγόρη στην ελληνική τηλεοπτική σειρά «Είσαι το Ταίρι Μου», τον οποίο υποδύθηκε ο Άρης Σερβετάλης;",Λάζαρος,https://el.wikipedia.org/wiki/%CE%95%CE%AF%CF%83%CE%B1%CE%B9_%CF%84%CE%BF_%CE%A4%CE%B1%CE%AF%CF%81%CE%B9_%CE%9C%CE%BF%CF%85,"What was the name of Grigoris' roommate in the Greek television series ""You Are My Match,"" played by Aris Servetalis?",,Lazarus,,,,,Entertainment,Entertainment,Mythology,OK,,,,,,,
28,Orfeas Menis Mastromichalakis,Nikitas Theodoropoulos,ell_grek,Greece,Ποια ημέρα τιμάται κάθε χρόνο στην Ελλάδα η επέτειος της Εξέγερσης του Πολυτεχνείου;,17 Νοεμβρίου,https://el.wikipedia.org/wiki/%CE%95%CE%BE%CE%AD%CE%B3%CE%B5%CF%81%CF%83%CE%B7_%CF%84%CE%BF%CF%85_%CE%A0%CE%BF%CE%BB%CF%85%CF%84%CE%B5%CF%87%CE%BD%CE%B5%CE%AF%CE%BF%CF%85,On which day is the anniversary of the Polytechnic University Uprising commemorated every year in Greece?,On which day is the anniversary of the Athens Polytechnic uprising commemorated every year in Greece?,November 17,,Nikitas Theodoropoulos,,,History and politics,History,Industry,OK,,,,,,,
29,Orfeas Menis Mastromichalakis,Nikitas Theodoropoulos,ell_grek,Greece,Με ποιο ψευδώνυμο ήταν γνωστός ο Δημήτρης Κουφοντίνας ως μέλος της οργάνωσης «17 Νοέμβρη»;,Λουκάς,https://el.wikipedia.org/wiki/%CE%95%CF%80%CE%B1%CE%BD%CE%B1%CF%83%CF%84%CE%B1%CF%84%CE%B9%CE%BA%CE%AE_%CE%9F%CF%81%CE%B3%CE%AC%CE%BD%CF%89%CF%83%CE%B7_17_%CE%9D%CE%BF%CE%AD%CE%BC%CE%B2%CF%81%CE%B7,"By what pseudonym was Dimitris Koufontinas known as a member of the ""November 17"" organization?",,Luke,,,,,History and politics,History,Language,ΟΚ,,,,,,,
30,Orfeas Menis Mastromichalakis,Nikitas Theodoropoulos,ell_grek,Greece,Ποιος Έλληνας αξιωματικός ηγήθηκε του στρατιωτικού πραξικοπήματος της 21ης Απριλίου 1967 που οδήγησε στην επιβολή της δικτατορίας στην Ελλάδα;,Ο Γεώργιος Παπαδόπουλος,https://el.wikipedia.org/wiki/%CE%93%CE%B5%CF%8E%CF%81%CE%B3%CE%B9%CE%BF%CF%82_%CE%A0%CE%B1%CF%80%CE%B1%CE%B4%CF%8C%CF%80%CE%BF%CF%85%CE%BB%CE%BF%CF%82,"Which Greek officer led the military coup of April 21, 1967, which led to the imposition of dictatorship in Greece?",,George Papadopoulos,,,,,History and politics,History,Science,ΟΚ,,,,,,,
31,Nikitas Theodoropoulos,Orfeas Menis Mastromichalakis,ell_grek,Greece,Ποιος Έλληνας συγγραφέας παιδικών βιβλίων και εγγκληματολόγος ειναι ο δημιουργός της σειράς κόμικ «Φρουτοπία»;,Ο Ευγένιος Τριβιζάς,https://el.wikipedia.org/wiki/%CE%95%CF%85%CE%B3%CE%AD%CE%BD%CE%B9%CE%BF%CF%82_%CE%A4%CF%81%CE%B9%CE%B2%CE%B9%CE%B6%CE%AC%CF%82,"Which Greek children's book author and criminologist is the creator of the comic book series ""Fruitopia""?",,Evgenios Trivizas,,,,,Entertainment,Entertainment,,ΟΚ,,,,,,,
32,Nikitas Theodoropoulos,Orfeas Menis Mastromichalakis,ell_grek,Greece,Ποιος Έλληνας πολιτικός είπε την φράση «Μαζί τα φάγαμε» σχετικά με τα αίτια της ελληνικής κρίσης;,Ο Θεόδωρος Πάγκαλος,https://el.wikipedia.org/wiki/%CE%98%CE%B5%CF%8C%CE%B4%CF%89%CF%81%CE%BF%CF%82_%CE%A0%CE%AC%CE%B3%CE%BA%CE%B1%CE%BB%CE%BF%CF%82_(%CF%80%CE%BF%CE%BB%CE%B9%CF%84%CE%B9%CE%BA%CF%8C%CF%82),"Which Greek politician said the phrase ""We ate it together"" regarding the causes of the Greek crisis?",,Theodoros Pangalos,,,,,History and politics,History,,ΟΚ,,,,,,,
33,Nikitas Theodoropoulos,Orfeas Menis Mastromichalakis,ell_grek,Greece,Τι στολιζόταν στην Ελλάδα κατά τη διάρκεια των χριστουγεννιάτικων εορτών πριν από την επικράτηση χριστουγεννιάτικου δέντρου;,Καράβι,https://el.wikipedia.org/wiki/%CE%98%CE%B5%CF%8C%CE%B4%CF%89%CF%81%CE%BF%CF%82_%CE%A0%CE%AC%CE%B3%CE%BA%CE%B1%CE%BB%CE%BF%CF%82_(%CF%80%CE%BF%CE%BB%CE%B9%CF%84%CE%B9%CE%BA%CF%8C%CF%82),What was decorated in Greece during the Christmas holidays before the prevalence of the Christmas tree?,,Boat,,,,,History and politics,Tradition,,ΟΚ,,,,,,,
34,Nikitas Theodoropoulos,Orfeas Menis Mastromichalakis,ell_grek,Greece,"Πώς ονομάζεται το γλυκό βανίλια ή μαστίχα, που σερβίρεται σε κουτάλι βυθισμένο στο νερό, σε ποτήρι;",Υποβρύχιο,https://el.wiktionary.org/wiki/%CF%85%CF%80%CE%BF%CE%B2%CF%81%CF%8D%CF%87%CE%B9%CE%BF,"What is the name of the vanilla or mastic dessert served on a spoon dipped in water, in a glass?",What is the name of the vanilla or mastic sweet served on a spoon immersed in a glass of water?,Submarine,Vanilla submarine,Antigoni Klimi,,,Leisure,Tradition,,OK,,,,,,,
35,Nikitas Theodoropoulos,Orfeas Menis Mastromichalakis,ell_grek,Greece,"Ποιος Έλληνας μαθητής δολοφονήθηκε στις 6 Δεκεμβρίου του 2008 απο ειδικό φρουρό της Ελληνικής Αστυνομίας, με αποτέλεσμα εκτεταμένες διαδηλώσεις, και διεξαγωγή πορείας εις μνήμης του κάθε χρόνο;",Ο Αλέξης Γρηγορόπουλος,https://el.wikipedia.org/wiki/%CE%94%CE%BF%CE%BB%CE%BF%CF%86%CE%BF%CE%BD%CE%AF%CE%B1_%CF%84%CE%BF%CF%85_%CE%91%CE%BB%CE%AD%CE%BE%CE%B1%CE%BD%CE%B4%CF%81%CE%BF%CF%85_%CE%93%CF%81%CE%B7%CE%B3%CE%BF%CF%81%CF%8C%CF%80%CE%BF%CF%85%CE%BB%CE%BF%CF%85,"Which Greek student was murdered on December 6, 2008, by a special guard of the Greek Police, resulting in widespread demonstrations and a march held in his memory every year?",,Alexis Grigoropoulos,,,,,History and politics,History,,OK,,,,,,,
36,Nikitas Theodoropoulos,Orfeas Menis Mastromichalakis,ell_grek,Greece,Ποιος Έλληνας μουσικός έγραψε τους στίχους για το τραγούδι «Εγώ κι εσύ μαζί» στην ελληνική μεταγλώττιση της ταινίας «Toy Story»;,Ο Τζίμης Πανούσης,https://el.wikipedia.org/wiki/You%27ve_Got_a_Friend_in_Me,"Which Greek musician wrote the lyrics for the song ""You and I"" in the Greek dub of the movie ""Toy Story""?","Which Greek musician wrote the lyrics for the song ""Ego Ki Esy Mazi"" in the Greek dub of the film Toy Story?",Jimmy Panousis,,Antigoni Klimi,,,Entertainment,Entertainment,,OK,,,,,,,
37,Nikitas Theodoropoulos,Orfeas Menis Mastromichalakis,ell_grek,Greece,"Ποιος είναι ο τίτλος της ελληνικής σατιρικής βραδινής τηλεοπτικής εκπομπής που ξεκίνησε να προβάλεται το 2008 στον ΑΝΤ1, με κεντρικούς παρουσιαστές τον Αντώνη Κανάκης και τον Γιάννη Σερβετά;",Ράδιο Αρβύλα,https://el.wikipedia.org/wiki/%CE%A1%CE%AC%CE%B4%CE%B9%CE%BF_%CE%91%CF%81%CE%B2%CF%8D%CE%BB%CE%B1_(%CE%B5%CE%BA%CF%80%CE%BF%CE%BC%CF%80%CE%AE),"What is the title of the Greek satirical evening television show that began airing in 2008 on ANT1, with main presenters Antonis Kanakis and Yannis Servetas?","Which Greek satirical late-night television show began airing in 2008 on ANT1, hosted, among others, by Antonis Kanakis and Yannis Servetas?",Radio Arbyla,Radio Arvila,Antigoni Klimi,,,Entertainment,Entertainment,,OK,,,,,,,
38,Nikitas Theodoropoulos,Orfeas Menis Mastromichalakis,ell_grek,Greece,"Ποιος Έλληνας κωμικός ηθοποιός παρουσιάζει το «Αλ Τσαντίρι Νιουζ», ζωντανή σατιρική εκπομπή με κέντρο την πολιτική επικαιρότητα;",Ο Λάκης Λαζόπουλος,https://el.wikipedia.org/wiki/%CE%91%CE%BB_%CE%A4%CF%83%CE%B1%CE%BD%CF%84%CE%AF%CF%81%CE%B9_%CE%9D%CE%B9%CE%BF%CF%85%CE%B6,"Which Greek comedian presents ""Al Tsantiri News"", a live satirical show centered on political current affairs?",,Lakis Lazopoulos,,,,,Entertainment,Entertainment,,ΟΚ,,,,,,,
39,Nikitas Theodoropoulos,Orfeas Menis Mastromichalakis,ell_grek,Greece,"Ποιο είναι το ψευδώνυμο δημοφιλούς Έλληνα σκιτσογράφου και συγγραφέα, που εμφανίστηκε στις αρχές της δεκαετίας του '80 δημοσιεύοντας τη σειρά «Ο Κόκκορας»;",Αρκάς,https://el.wikipedia.org/wiki/%CE%91%CF%81%CE%BA%CE%AC%CF%82,"What is the pseudonym of a popular Greek cartoonist and writer, who appeared in the early 1980s by publishing the series ""The Rooster""?",,Arkas,,,,,Entertainment,Entertainment,,ΟΚ,,,,,,,
40,Orfeas Menis Mastromichalakis,Nikitas Theodoropoulos,ell_grek,Greece,"Ποιος καθηγητής μαθηματικών δολοφονήθηκε στην Πάτρα το 1991 από τον δημοτικό σύμβουλο της Νέας Δημοκρατίας και πρόεδρο της τοπικής ΟΝΝΕΔ Γιάννη Καλαμπόκα, κατά τη διάρκεια των μαθητικών κινητοποιήσεων;",Ο Νίκος Τεμπονέρας,https://el.wikipedia.org/wiki/%CE%94%CE%BF%CE%BB%CE%BF%CF%86%CE%BF%CE%BD%CE%AF%CE%B1_%CF%84%CE%BF%CF%85_%CE%9D%CE%AF%CE%BA%CE%BF%CF%85_%CE%A4%CE%B5%CE%BC%CF%80%CE%BF%CE%BD%CE%AD%CF%81%CE%B1,"Which mathematics teacher was murdered in Patras in 1991 by the New Democracy municipal councilor and president of the local ONNED, Yannis Kalambokas, during student protests?","Which mathematics teacher was murdered in Patras in 1991 by the New Democracy municipal councilor and presided of the local Youth Organisation of New Democracy, Yiannis Kalambokas, during student protests?",Nikos Temboneras,,Nikitas Theodoropoulos,,,History and politics,History,,ΟΚ,,,,,,,
41,Orfeas Menis Mastromichalakis,Nikitas Theodoropoulos,ell_grek,Greece,Ποιο ελληνικό νησί είναι το μοναδικό μέρος στον κόσμο όπου καλλιεργείται συστηματικά ο μαστιχοφόρος σχίνος και παράγεται μαστίχα;,Η Χίος,https://el.wikipedia.org/wiki/%CE%9C%CE%B1%CF%83%CF%84%CE%AF%CF%87%CE%B1,Which Greek island is the only place in the world where the mastic tree is systematically cultivated and mastic is produced?,,Chios,,,,,Science and Nature,Geography,,ΟΚ,,,,,,,
42,Nikitas Theodoropoulos,Orfeas Menis Mastromichalakis,ell_grek,Greece,"Ποιος Έλληνας συνθέτης, συνέθεσε τη μουσική στο τραγούδι «Τα παιδιά του Πειραιά» που έγινε ιδιαίτερα γνωστό απο την ερμηνεία της Μελίνας Μερκούρη;",Ο Μάνος Χατζιδάκις,https://el.wikipedia.org/wiki/%CE%A4%CE%B1_%CE%A0%CE%B1%CE%B9%CE%B4%CE%B9%CE%AC_%CF%84%CE%BF%CF%85_%CE%A0%CE%B5%CE%B9%CF%81%CE%B1%CE%B9%CE%AC,"Which Greek composer composed the music for the song ""The Children of Piraeus"", which became particularly famous after the performance by Melina Mercouri?","Which Greek composer composed the music for the song ""The Children of Piraeus"", which became particularly famous through Melina Mercouri's performance?",Manos Hadjidakis,,Antigoni Klimi,,,Arts and Literature,Art,,OK,,,,,,,
43,Nikitas Theodoropoulos,Orfeas Menis Mastromichalakis,ell_grek,Greece,"Ποιος Έλληνας μουσικός, συνθέτης, οργανοπαίκτης και στιχουργός με καταγωγή απο την Σύρο, θεωρείται ο «Πατριάρχης» του ρεμπέτικου;",Ο Μάρκος Βαμβακάρης,https://el.wikipedia.org/wiki/%CE%9C%CE%AC%CF%81%CE%BA%CE%BF%CF%82_%CE%92%CE%B1%CE%BC%CE%B2%CE%B1%CE%BA%CE%AC%CF%81%CE%B7%CF%82,"Which Greek musician, composer, instrumentalist and lyricist originally from Syros is considered the ""Patriarch"" of rebetiko?","Which Greek musician, composer, instrumentalist and lyricist from Syros is considered the ""Patriarch"" of rebetiko?",Markos Vamvakaris,,Antigoni Klimi,,,Arts and Literature,Tradition,,OK,,,,,,,
44,Nikitas Theodoropoulos,Orfeas Menis Mastromichalakis,ell_grek,Greece,Πώς ονομάζεται η πίτα που παρασκευάζεται στην Ελλάδα παραμονή της Πρωτοχρονιάς και περιέχει ένα χρυσό φλουρί που σύμφωνα με την παράδοση φέρνει καλή τύχη σε αυτόν που θα το βρει;,Βασιλόπιτα,https://el.wikipedia.org/wiki/%CE%92%CE%B1%CF%83%CE%B9%CE%BB%CF%8C%CF%80%CE%B9%CF%84%CE%B1,"What is the name of the pie that is prepared in Greece on New Year's Eve and contains a gold coin that, according to tradition, brings good luck to whoever finds it?",,Vasilopita,,,,,Leisure,Tradition,,ΟΚ,,,,,,,
45,Nikitas Theodoropoulos,Orfeas Menis Mastromichalakis,ell_grek,Greece,"Ποιος Έλληνας λαϊκός τραγουδιστής έγινε γνωστός το 2010 μέσω της πλατφόρμας YouTube, γνωρίζοντας μεγάλη επιτυχία με τραγούδια όπως το «Δεν ταιριάζετε σου λέω», μέχρι τον θάνατο του σε τροχαίο δυστυχημα το 2016;",Ο Παντελής Παντελίδης,https://el.wikipedia.org/wiki/%CE%A0%CE%B1%CE%BD%CF%84%CE%B5%CE%BB%CE%AE%CF%82_%CE%A0%CE%B1%CE%BD%CF%84%CE%B5%CE%BB%CE%AF%CE%B4%CE%B7%CF%82,"Which Greek folk singer became famous in 2010 through the YouTube platform, experiencing great success with songs such as ""You Don't Fit In, I Tell You,"" until his death in a car accident in 2016?","Which Greek folk singer became famous in 2010 through YouTube, achieving great success with songs such as ""Den tairiazete sou leo"", until his death in a car accident in 2016?",Pantelis Pantelidis,,Antigoni Klimi,,,Entertainment,Entertainment,,ΟΚ,,,,,,,
46,Nikitas Theodoropoulos,Orfeas Menis Mastromichalakis,ell_grek,Greece,"Ποιο ποτάμι της Πελοποννήσου που βρίσκεται στα σύνορα των νομών Ηλείας και Μεσσηνίας, είναι απο τα λίγα ποτάμια στην Ελλάδα που έχει ονομασία θηλυκού γένους;


",Η Νέδα,https://el.wikipedia.org/wiki/%CE%9D%CE%AD%CE%B4%CE%B1_(%CF%80%CE%BF%CF%84%CE%B1%CE%BC%CF%8C%CF%82),"Which river in the Peloponnese, located on the border of the prefectures of Ilia and Messinia, is one of the few rivers in Greece that has a feminine name?

",,Neda,,,,,Geography,Geography,,OK,,,,,,,
47,Nikitas Theodoropoulos,Orfeas Menis Mastromichalakis,ell_grek,Greece,"Πώς ονομάζεται ο ελληνικής επινόησης κρύος αφρώδης καφές, με βασικά συστατικά τον στιγμιαίο καφέ και το νερό, που αποτελεί σύμβολο χαλαρότητας;",Φραπές,https://el.wikipedia.org/wiki/%CE%A6%CF%81%CE%B1%CF%80%CE%AD,"What is the name of the Greek-invented cold frothy coffee, with basic ingredients of instant coffee and water, which is a symbol of relaxation?","What is the name of the Greek-invented cold, frothy coffee made with instant coffee and water that has become a symbol of relaxation?",Frappe,,Antigoni Klimi,,,Leisure,Cuisine,,ΟΚ,,,,,,,
48,Nikitas Theodoropoulos,Orfeas Menis Mastromichalakis,ell_grek,Greece,"Ποιος έλληνας φιλόλογος, γλωσσολόγος, και καθηγητής πανεπιστημίου έγινε ιδιαίτερα γνωστός στο ευρύ κοινό λόγω του λεξικού της νέας ελληνικής γλώσσας που κυκλοφόρησε πρώτη φορά το 1998;",Ο Γεώργιος Μπαμπινιώτης,https://el.wikipedia.org/wiki/%CE%93%CE%B5%CF%8E%CF%81%CE%B3%CE%B9%CE%BF%CF%82_%CE%9C%CF%80%CE%B1%CE%BC%CF%80%CE%B9%CE%BD%CE%B9%CF%8E%CF%84%CE%B7%CF%82,"Which Greek philologist, linguist, and university professor became particularly well-known to the general public due to the dictionary of the modern Greek language that was first published in 1998?","Which Greek philologist, linguist, and university professor became particularly well-known to the general public because of the Dictionary of Modern Greek that was first published in 1998?",George Babiniotis,,Antigoni Klimi,,,Arts and Literature,Sciences,,OK,,,,,,,
49,Nikitas Theodoropoulos,Orfeas Menis Mastromichalakis,ell_grek,Greece,"Ποιο σύνθημα συνδέεται σήμερα με την λαϊκή δοξασία ότι οι εννέα συλλαβές του, συνδέονται με τον αριθμό των λωρίδων που υπάρχουν στην ελληνική σημαία;",Ελευθερία ή Θάνατος,https://el.wikipedia.org/wiki/%CE%95%CE%BB%CE%B5%CF%85%CE%B8%CE%B5%CF%81%CE%AF%CE%B1_%CE%AE_%CE%B8%CE%AC%CE%BD%CE%B1%CF%84%CE%BF%CF%82,Which motto is today associated with the popular belief that its nine syllables are linked to the number of stripes on the Greek flag?,,Freedom or Death,,Antigoni Klimi,,,History and politics,Tradition,,OK,,,,,,,
50,Nikitas Theodoropoulos,Orfeas Menis Mastromichalakis,ell_grek,Greece,Πώς ονομάζεται ή κεντρική Αθηναϊκή πλατεία της οποίας το όνομα λέγεται ότι προέκυψε απο το γεγονός ότι εκεί μαζεύονταν οι απολυμένοι δημόσιοι υπάλληλοι μετά από κάθε εκλογική αναμέτρηση για να διαμαρτυρηθούν για την απόλυσή τους με την αλλαγή της κυβέρνησης;,Πλατεία Κλαυθμώνος,https://el.wikipedia.org/wiki/%CE%A0%CE%BB%CE%B1%CF%84%CE%B5%CE%AF%CE%B1_%CE%9A%CE%BB%CE%B1%CF%85%CE%B8%CE%BC%CF%8E%CE%BD%CE%BF%CF%82,"What is the name of the central Athenian square, whose name is said to have arisen from the fact that dismissed civil servants gathered there after each election to protest their dismissal with the change of government?","What is the name of the central Athenian square, whose name is said to have originated from the fact that dismissed civil servants gathered there after each election to protest their dismissal following a change of government?",Klafthmonos Square,,Antigoni Klimi,,,History and politics,,,OK,,,,,,,
51,Nikitas Theodoropoulos,Orfeas Menis Mastromichalakis,ell_grek,Greece,Ποιος αγωνιστής και εμβληματική προσωπικότητα της Ελληνικής Επανάστασης του 1821 είναι γνωστός και με το προσωνύμιο «ο Γέρος του Μωριά»;,Ο Θεόδωρος Κολοκοτρώνης,https://el.wikipedia.org/wiki/%CE%98%CE%B5%CF%8C%CE%B4%CF%89%CF%81%CE%BF%CF%82_%CE%9A%CE%BF%CE%BB%CE%BF%CE%BA%CE%BF%CF%84%CF%81%CF%8E%CE%BD%CE%B7%CF%82,"Which fighter and emblematic figure of the Greek Revolution of 1821 is also known by the nickname ""the Old Man of Morea""?","Which fighter and iconic figure of the Greek War of Independence of 1821 is also known by the nickname ""the Old Man of the Morea""?",Theodoros Kolokotronis,,Antigoni Klimi,,,History and politics,History,,OK,,,,,,,
52,Nikitas Theodoropoulos,Orfeas Menis Mastromichalakis,ell_grek,Greece,"Ποιος είναι ο μεγαλύτερος ποταμός της Αττικής, με μήκος 27 χιλιόμετρα, του οποίου μεγάλο μήκος στις αρχές της δεκαετίας του 2000 μπαζώθηκε με σκοπό την αντιμετώπιση των συχνών πλυμμήρων και την κατασκευή αυτοκινητοδρόμου;",Κηφισός,https://el.wikipedia.org/wiki/%CE%9A%CE%B7%CF%86%CE%B9%CF%83%CF%8C%CF%82,"What is the largest river in Attica, with a length of 27 kilometers, a large section of which was dammed in the early 2000s in order to deal with frequent floods and build a motorway?","What is the largest river in Attica, measuring 27 kilometers in length, much of which was covered over in the early 2000s to prevent frequent flooding and make way for a highway?",Kifissos,,Nikitas Theodoropoulos,,,Geography,Geography,,OK,,,,,,,
53,Nikitas Theodoropoulos,Orfeas Menis Mastromichalakis,ell_grek,Greece,"Ποιο παραδοσιακό σιροπιαστό ελληνικό γλύκισμα αποτελεί, μαζί με τον κουραμπιέ, ένα από τα δύο πιο δημοφιλή και διαδεδομένα γλυκά που σερβίρονται την περίοδο των Χριστουγεννιάτικων εορτών;
",Μελομακάρονο,https://el.wikipedia.org/wiki/%CE%9C%CE%B5%CE%BB%CE%BF%CE%BC%CE%B1%CE%BA%CE%AC%CF%81%CE%BF%CE%BD%CE%BF,"Which traditional syrupy Greek dessert is, along with kourabie, one of the two most popular and widespread sweets served during the Christmas holiday season?
","Which traditional syrup-soaked Greek sweet is, along with kourabies, one of the two most popular and widely served sweets during Christmas?",Melomakarono,,Nikitas Theodoropoulos,,,Leisure,Cuisine,,OK,,,,,,,
54,Orfeas Menis Mastromichalakis,Nikitas Theodoropoulos,ell_grek,Greece,Ποιος τραγουδιστής και στιχουργός υπήρξε η χαρακτηριστική φωνή του ελληνικού ροκ συγκροτήματος «Τρύπες»;,Γιάννης Αγγελάκας,https://el.wikipedia.org/wiki/%CE%93%CE%B9%CE%AC%CE%BD%CE%BD%CE%B7%CF%82_%CE%91%CE%B3%CE%B3%CE%B5%CE%BB%CE%AC%CE%BA%CE%B1%CF%82,"Which singer and songwriter was the distinctive voice of the Greek rock band ""Trypes""?",,Yannis Angelakas,,,,,Entertainment,Music,,ΟΚ,,,,,,,
55,Orfeas Menis Mastromichalakis,Nikitas Theodoropoulos,ell_grek,Greece,"Ποιο ελληνικό ροκ συγκρότημα είναι γνωστό για το τραγούδι «Ταξιδιάρα Ψυχή», ένα από τα πιο χαρακτηριστικά τραγούδια της ελληνικής ροκ σκηνής της δεκαετίας του 1990;",Οι Τρύπες,https://el.wikipedia.org/wiki/%CE%A4%CF%81%CF%8D%CF%80%CE%B5%CF%82,"Which Greek rock band is known for the song ""Taxidiara Psyche"", one of the most characteristic songs of the Greek rock scene of the 1990s?",,The Holes,Trypes,Orfeas Menis Mastromichalakis,,,Entertainment,Music,,ΟΚ,,,,,,,
56,Nikitas Theodoropoulos,Orfeas Menis Mastromichalakis,ell_grek,Greece,"Ποιο ελληνικό πολιτικό κόμμα έχει ταυτιστεί με εποχές ευμάρειας και αφθονίας πριν την οικονομική κρίση του 2009, αίσθημα που αποτυπώνεται σε χαρακτηρισμούς όπως το «παλιό, καλό, ορθόδοξο» που έγιναν viral και ως meme στα μέσα κοινωνικής;
",ΠΑΣΟΚ,https://el.wikipedia.org/wiki/%CE%A0%CE%B1%CE%BD%CE%B5%CE%BB%CE%BB%CE%AE%CE%BD%CE%B9%CE%BF_%CE%A3%CE%BF%CF%83%CE%B9%CE%B1%CE%BB%CE%B9%CF%83%CF%84%CE%B9%CE%BA%CF%8C_%CE%9A%CE%AF%CE%BD%CE%B7%CE%BC%CE%B1#%CE%9B%CE%B1%CF%8A%CE%BA%CE%AE_%CE%BA%CE%BF%CF%85%CE%BB%CF%84%CE%BF%CF%8D%CF%81%CE%B1,"Which Greek political party has identified with times of prosperity and abundance before the 2009 financial crisis, a sentiment captured in characterizations such as “old, good, orthodox” that have gone viral and become memes on social media?
","Which Greek political party is associated with the prosperity and abundance before the 2009 financial crisis, an association reflected in expressions such as ""the old, good, orthodox"", which have gone viral as memes on social media?",PASOK,,Antigoni Klimi,,,History and politics,Politics,,OK,,,,,,,
57,Orfeas Menis Mastromichalakis,Nikitas Theodoropoulos,ell_grek,Greece,"Πώς αλλιώς είναι γνωστός ο Ψηλορείτης, το υψηλότερο βουνό της Κρήτης;",Ίδη,https://el.wikipedia.org/wiki/%CE%A8%CE%B7%CE%BB%CE%BF%CF%81%CE%B5%CE%AF%CF%84%CE%B7%CF%82,"How else is Psiloritis, the highest mountain in Crete, known?",,Ida,,,,,Geography,Geography,,OK,,,,,,,
58,Nikitas Theodoropoulos,Dimitra Gkatzelaki,ell_grek,Greece,"Ποιο ελληνικό γλυκό, συνδεδεμένο με την Πελοπόννησο, παρασκευάζεται απο λεπτή τηγανισμένη ζύμη εμποτισμένη με μέλι, στην οποία συχνά προστίθενται κανέλα και ψιλοκομμένο καρύδι;",Δίπλες,https://el.wikipedia.org/wiki/%CE%94%CE%AF%CF%80%CE%BB%CE%B5%CF%82,"Which Greek dessert, associated with the Peloponnese, is made from thin fried dough soaked in honey, to which cinnamon and chopped walnuts are often added?",,Doubles,Diples,Nikitas Theodoropoulos,,,Leisure,Cuisine,,OK,,,,,,,
59,Nikitas Theodoropoulos,Dimitra Gkatzelaki,ell_grek,Greece,"Σε ποιό νησί της Ελλάδος συναντάμε το παραδοσιακό πιάτο «χοχλιοί μπουρμπουριστοί», όπως αποκαλείται στην τοπική διάλεκτο, με κύριο συστατικό τα σαλιγκάρια;",Στην Κρήτη,https://el.wikipedia.org/wiki/%CE%A3%CE%B1%CE%BB%CE%B9%CE%B3%CE%BA%CE%AC%CF%81%CE%B9%CE%B1_(%CF%86%CE%B1%CE%B3%CE%B7%CF%84%CF%8C),"On which island in Greece do we find the traditional dish ""snails with scallions"", as it is called in the local dialect, with snails as its main ingredient?","On which island in Greece do we find the traditional dish ""Chochlioi boubouristoi"", as it is called in the local dialect, with snails as its main ingredient?",In Crete,,Nikitas Theodoropoulos,,,Leisure,Cuisine,,OK,,,,,,,
60,Dimitra Gkatzelaki,Prokopis Prokopidis,ell_grek,Greece,Σε ποιο νησί του Ιονίου συναντάμε Καρναβάλι εμπνευσμένο από τη Βενετία;,Κέρκυρα,https://www.infokerkyra.gr/corfu/culture/kerkyraiko-karnavali.html,On which Ionian island do we find a Carnival inspired by Venice?,,Corfu,,,,,Geography,Tradition,,OK,,,,,,,
61,Dimitra Gkatzelaki,Prokopis Prokopidis,ell_grek,Greece,"Ποιος άγιος είναι πολιούχος της Θεσσαλονίκης, της δεύτερης μεγαλύτερης πόλης της Ελλάδος;",Άγιος Δημήτριος,https://el.wikipedia.org/wiki/%CE%86%CE%B3%CE%B9%CE%BF%CF%82_%CE%94%CE%B7%CE%BC%CE%AE%CF%84%CF%81%CE%B9%CE%BF%CF%82,"Which saint is the patron saint of Thessaloniki, the second largest city in Greece?","Who is the patron saint of Thessaloniki, the second largest city in Greece?",Agios Dimitrios,Saint Demetrius,,,,Geography,Religion,,OK,,,,,,,
62,Dimitra Gkatzelaki,Antigoni Klimi,ell_grek,Greece,"Ποια τραγουδίστρια κατέκτησε την τρίτη θέση στη Eurovision το 2008, εκπροσωπώντας την Ελλάδα;",Η Καλομοίρα,https://el.wikipedia.org/wiki/%CE%9A%CE%B1%CE%BB%CE%BF%CE%BC%CE%BF%CE%AF%CF%81%CE%B1,"Which singer came in third place at Eurovision in 2008, representing Greece?",,Kalomoira,Kalomira,Antigoni Klimi,,,Entertainment,Entertainment,,OK,,,,,,,
63,Dimitra Gkatzelaki,Prokopis Prokopidis,ell_grek,Greece,Ποια χρονιά διαλύθηκε το συγκρότημα «Antique» που εκπροσώπησε την Ελλάδα στη Eurovision το 2001;,Το 2003,https://el.wikipedia.org/wiki/%CE%88%CE%BB%CE%B5%CE%BD%CE%B1_%CE%A0%CE%B1%CF%80%CE%B1%CF%81%CE%AF%CE%B6%CE%BF%CF%85,"In what year did the band ""Antique"", which represented Greece at Eurovision in 2001, disband?",,In 2003,,,,,Entertainment,Entertainment,,OK,,,,,,,
64,Dimitra Gkatzelaki,Anna Vacalopoulou,ell_grek,Greece,Ποιο γλυκό τρώγεται παραδοσιακά στην Ελλάδα την Καθαρά Δευτέρα;,Χαλβάς,https://el.wikipedia.org/wiki/%CE%9A%CE%B1%CE%B8%CE%B1%CF%81%CE%AC_%CE%94%CE%B5%CF%85%CF%84%CE%AD%CF%81%CE%B1,What sweet is traditionally eaten in Greece on Clean Monday?,,Halva,,,,,Leisure,Tradition,,OK,,,,,,,
65,Dimitra Gkatzelaki,Nikitas Theodoropoulos,ell_grek,Greece,Πώς ονομάζεται αλλιώς ο εορτασμός της Καθαράς Δευτέρας στην Ελλάδα;,Κούλουμα,https://el.wikipedia.org/wiki/%CE%9A%CE%BF%CF%8D%CE%BB%CE%BF%CF%85%CE%BC%CE%B1,What is the other name for the celebration of Clean Monday in Greece?,,Koulouma,,,,,Leisure,Tradition,,OK,,,,,,,
66,Dimitra Gkatzelaki,,ell_grek,Greece,Στη διάρκεια ποιας δεκαετίας συνεργάστηκαν πρώτη φορά ο Γιώργος Καπουτζίδης και η Μαρία Κοζάκου για τον σχολιασμό της Eurovision;,Του 2010,https://press.ert.gr/eurovision/maria-kozakoy-kai-giorgos-kapoytzidis-gia-dekati-fora-ston-scholiasmo-tis-eurovision-gia-tin-ert/,During which decade did Giorgos Kapoutzidis and Maria Kozakou first collaborate on Eurovision commentary?,,Of 2010,2010s,,,,Entertainment,Entertainment,,,,,,,,,
67,Dimitra Gkatzelaki,Antigoni Klimi,ell_grek,Greece,Ποιος γνωστός επιχειρηματίας διατέλεσε δήμαρχος της Θεσσαλονίκης από το 2011 μέχρι το 2019;,Ο Γιάννης Μπουτάρης,https://el.wikipedia.org/wiki/%CE%93%CE%B9%CE%AC%CE%BD%CE%BD%CE%B7%CF%82_%CE%9C%CF%80%CE%BF%CF%85%CF%84%CE%AC%CF%81%CE%B7%CF%82,Which well-known businessman served as mayor of Thessaloniki from 2011 to 2019?,Which well-known businessman served as the mayor of Thessaloniki from 2011 to 2019?,Yannis Boutaris,,Antigoni Klimi,,,History and politics,History,,OK,,,,,,,
68,Orfeas Menis Mastromichalakis,Dimitra Gkatzelaki,ell_grek,Greece,"Ποιος Έλληνας ληστής απέδρασε δύο φορές με ελικόπτερο από τις φυλακές Κορυδαλλού, μία το 2006 και μία το 2009;",Ο Βασίλης Παλαιοκώστας,https://el.wikipedia.org/wiki/%CE%92%CE%B1%CF%83%CE%AF%CE%BB%CE%B7%CF%82_%CE%A0%CE%B1%CE%BB%CE%B1%CE%B9%CE%BF%CE%BA%CF%8E%CF%83%CF%84%CE%B1%CF%82,"Which Greek robber escaped twice by helicopter from Korydallos prison, once in 2006 and once in 2009?",,Vasilis Paleokostas,Vassilis Palaiokostas,Nikitas Theodoropoulos,,,History and politics,History,,OK,,,,,,,
69,Orfeas Menis Mastromichalakis,Dimitra Gkatzelaki,ell_grek,Greece,"Πώς ονομαζόταν το ελληνικό ροκ συγκρότημα που ίδρυσαν οι Φίλιππος Πλιάτσικας, Μπάμπης Στόκας και Μάνος Ξυδούς;",Πυξ Λαξ,https://el.wikipedia.org/wiki/%CE%A0%CF%85%CE%BE_%CE%9B%CE%B1%CE%BE,"What was the name of the Greek rock band founded by Philippos Pliatsikas, Babis Stokas and Manos Xydous?",,Pix Lax,Pyx Lax,Nikitas Theodoropoulos,,,Entertainment,Music,,OK,,,,,,,
70,Orfeas Menis Mastromichalakis,Nikitas Theodoropoulos,ell_grek,Greece,Ποιος Ελληνοκύπριος σκηνοθέτης είναι γνωστός για τις ταινίες «Σπιρτόκουτο» και «Ψυχή στο Στόμα»;,Ο Γιάννης Οικονομίδης,https://el.wikipedia.org/wiki/%CE%93%CE%B9%CE%AC%CE%BD%CE%BD%CE%B7%CF%82_%CE%9F%CE%B9%CE%BA%CE%BF%CE%BD%CE%BF%CE%BC%CE%AF%CE%B4%CE%B7%CF%82,"Which Greek Cypriot director is known for the films ""Matchbox"" and ""Soul in the Mouth""?","Which Greek Cypriot director is known for the films ""Matchbox"" and ""Soul Kicking""?",Yannis Economides,,Nikitas Theodoropoulos,,,Entertainment,Cinema,,OK,,,,,,,
71,Stelios Kasouridis,Nikitas Theodoropoulos,ell_grek,Greece,Σε ποιον ελληνικό αθλητικό σύλλογο ανήκει το γήπεδο που φέρει το προσωνύμιο «Τάφος του Ινδού»;,Στον Παναθηναϊκό,https://el.wikipedia.org/wiki/%CE%9A%CE%BB%CE%B5%CE%B9%CF%83%CF%84%CF%8C_%CE%93%CF%85%CE%BC%CE%BD%CE%B1%CF%83%CF%84%CE%AE%CF%81%CE%B9%CE%BF_%CE%A0%CE%B1%CF%8D%CE%BB%CE%BF%CF%82_%CE%93%CE%B9%CE%B1%CE%BD%CE%BD%CE%B1%CE%BA%CF%8C%CF%80%CE%BF%CF%85%CE%BB%CE%BF%CF%82,"Which Greek sports club owns the stadium nicknamed ""Tomb of the Indus""?","Which sports club owns the basketball court nicknamed ""The Indian's Tomb""?",At Panathinaikos,Panathinaikos,Stelios Kasouridis,,,Leisure,sports,,OK,,,,,,,
72,Stelios Kasouridis,Nikitas Theodoropoulos,ell_grek,Greece,"Ποιο έτος διακρίθηκε η Ελλάδα στο Παγκόσμιο Κύπελλο ποδοσφαίρου, φτάνοντας μέχρι τη φάση των 16;",2014,https://el.wikipedia.org/wiki/%CE%A0%CE%B1%CE%B3%CE%BA%CF%8C%CF%83%CE%BC%CE%B9%CE%BF_%CE%9A%CF%8D%CF%80%CE%B5%CE%BB%CE%BB%CE%BF_%CE%A0%CE%BF%CE%B4%CE%BF%CF%83%CF%86%CE%B1%CE%AF%CF%81%CE%BF%CF%85_2014,"In which year did Greece excel in the World Cup, reaching the round of 16?","In which year did Greece excel in the football World Cup, reaching the round of 16?",2014,,Stelios Kasouridis,,,Leisure,sports,,OK,,,,,,,
73,Stelios Kasouridis,Nikitas Theodoropoulos,ell_grek,Greece,"Ποιο ελληνικό νησί είναι γνωστό και ως το «νησί των σφουγγαράδων», λόγω της μακρόχρονης παράδοσης των κατοίκων του στην σφουγγαλιεία;",Η Κάλυμνος,https://el.wikipedia.org/wiki/%CE%9A%CE%AC%CE%BB%CF%85%CE%BC%CE%BD%CE%BF%CF%82,"Which Greek island is also known as the ""island of sponge divers"", due to the long tradition of its inhabitants in sponge fishing?","Which Greek island is also known as the ""Sponge-divers' island"", due to the long tradition of its inhabitants in sponge diving?",Kalymnos,,Nikitas Theodoropoulos,,,Geography,traditions_folklore,,OK,,,,,,,
74,Stelios Kasouridis,Nikitas Theodoropoulos,ell_grek,Greece,Ποιο είναι το πραγματικό όνομα του δημοφιλούς τραγουδιστή Γιάννη Πλούταρχου;,Γιάννης Κακοσαίος,https://el.wikipedia.org/wiki/%CE%93%CE%B9%CE%AC%CE%BD%CE%BD%CE%B7%CF%82_%CE%A0%CE%BB%CE%BF%CF%8D%CF%84%CE%B1%CF%81%CF%87%CE%BF%CF%82,What is the real name of the popular singer Yannis Ploutarchos?,,Yannis Kakosios,Yannis Kakoseos,Stelios Kasouridis,,,Entertainment,music_dance,,OK,,,,,,,
75,Stelios Kasouridis,Prokopis Prokopidis,ell_grek,Greece,Ποιος πρόεδρος κόμματος της Αξιωματικής Αντιπολίτευσης στην Ελλάδα κηρύχθηκε έκπτωτος μετά από πρόταση μομφής των μελών στο συνέδριο του κόμματος το 2024;,Ο Στέφανος Κασσελάκης,https://el.wikipedia.org/wiki/%CE%A3%CF%84%CE%AD%CF%86%CE%B1%CE%BD%CE%BF%CF%82_%CE%9A%CE%B1%CF%83%CF%83%CE%B5%CE%BB%CE%AC%CE%BA%CE%B7%CF%82,Which party president of the Official Opposition in Greece was declared deposed after a motion of censure by members at the party's congress in 2024?,Which party president of the Parliamentary Opposition  in Greece was removed from office after a motion of censure by members at the party's congress in 2024?,Stefanos Kasselakis,,,,,History and politics,politics_society,,OK,,,,,,,
76,Stelios Kasouridis,Nikitas Theodoropoulos,ell_grek,Greece,Ποιος Έλληνας ποδοσφαιριστής είναι γνωστός με το προσωνύμιο «Νουρέγιεφ της μπάλας»;,Ο Βασίλης Χατζηπαναγής,https://el.wikipedia.org/wiki/%CE%92%CE%B1%CF%83%CE%AF%CE%BB%CE%B7%CF%82_%CE%A7%CE%B1%CF%84%CE%B6%CE%B7%CF%80%CE%B1%CE%BD%CE%B1%CE%B3%CE%AE%CF%82,"Which Greek football player is known by the nickname ""Nureyev of the ball""?","Which Greek football player is known by the nickname ""Nureyev of football""?",Vasilis Hatzipanagis,,Stelios Kasouridis,,,Leisure,sports,,OK,,,,,,,
77,Stelios Kasouridis,Nikitas Theodoropoulos,ell_grek,Greece,Ποια Ελληνίδα ηθοποιός υποδυόταν την αυστηρή Ελληνογερμανίδα στην ελληνική σειρά «Πίσω στο Σπίτι»;,Η Τζένη Θεωνά,https://el.wikipedia.org/wiki/%CE%A4%CE%B6%CE%AD%CE%BD%CE%B7_%CE%98%CE%B5%CF%89%CE%BD%CE%AC,"Which Greek actress played the strict Greek-German woman in the Greek series ""Back Home""?","Which Greek actress played the strict Greek-German woman in the Greek series ""Piso sto Spiti""?",Jenny Theona,,Stelios Kasouridis,,,Entertainment,television,,OK,,,,,,,
78,Stelios Kasouridis,Nikitas Theodoropoulos,ell_grek,Greece,Ποιες ελληνικές περιοχές συνδέονται απο τον Οδοντωτό Σιδηρόδρομο στην Πελοπόννησο;,Το Διακοπτό και τα Καλάβρυτα,https://el.wikipedia.org/wiki/%CE%9F%CE%B4%CE%BF%CE%BD%CF%84%CF%89%CF%84%CF%8C%CF%82_%CF%83%CE%B9%CE%B4%CE%B7%CF%81%CF%8C%CE%B4%CF%81%CE%BF%CE%BC%CE%BF%CF%82_%CE%94%CE%B9%CE%B1%CE%BA%CE%BF%CF%80%CF%84%CE%BF%CF%8D_-_%CE%9A%CE%B1%CE%BB%CE%B1%CE%B2%CF%81%CF%8D%CF%84%CF%89%CE%BD,Which Greek regions are connected by the Rack Railway in the Peloponnese?,Which Greek regions are connected by the historic gauge rack railway in the Peloponnese?,Diakopto and Kalavryta,,Nikitas Theodoropoulos,,,Geography,geography_places,,OK,,,,,,,
79,Stelios Kasouridis,Nikitas Theodoropoulos,ell_grek,Greece,"Τι είδος χορού είναι το τραγούδι «Πού 'ναι τα χρόνια» που ερμηνεύει ο Γιώργος Νταλάρας, σε μουσική του Σταύρου Κουγιουμτζή και στίχους του Άκου Δασκαλόπουλου;",Καρσιλαμάς,https://www.bouzouksis.com/tabs/view.php?tabid=1826,"What type of dance is the song ""Where Are the Years"" performed by Giorgos Dalaras, with music by Stavros Kougioumtzis and lyrics by Akos Daskalopoulos?","What type of dance is the song ""Pou 'ne ta Chronia"" performed by Giorglos Dalaras, with music composed by Stavros Kougioumtzis and lyrics written by Akos Daskalopoulos? ",Karsilamas,,Stelios Kasouridis,,,Arts and Literature,music_dance,,OK,,,,,,,
80,Stelios Kasouridis,Nikitas Theodoropoulos,eli_grek,Greece,Ποια ελληνική ποδοσφαιρική ομάδα έχει το προσωνύμιο «Άγιαξ της Ηπείρου»;,Ο ΠΑΣ Γιάννινα,https://el.wikipedia.org/wiki/%CE%A0.%CE%91.%CE%A3._%CE%93%CE%B9%CE%AC%CE%BD%CE%BD%CE%B9%CE%BD%CE%B1_(%CF%80%CE%BF%CE%B4%CF%8C%CF%83%CF%86%CE%B1%CE%B9%CF%81%CE%BF),"Which Greek football team has the nickname ""Ajax of Epirus""?",,PAS Giannina,,,,,Leisure,sports,,OK,,,,,,,
81,Stelios Kasouridis,Nikitas Theodoropoulos,ell_grek,Greece,Ποια ελληνίδα πολιτικός προσφωνούσε «Εδώ Πολυτεχνείο» από τον Ραδιοφωνικό Σταθμό του Πολυτεχνείου κατά τη διάρκεια του αντιδικτατορικού αγώνα το 1973;,Η Μαρία Δαμανάκη,https://el.wikipedia.org/wiki/%CE%9C%CE%B1%CF%81%CE%AF%CE%B1_%CE%94%CE%B1%CE%BC%CE%B1%CE%BD%CE%AC%CE%BA%CE%B7,"Which Greek politician shouted ""Here is Polytechnic University"" from the Polytechnic University Radio Station during the anti-dictatorship struggle in 1973?","Which Greek politician shouted ""Here is Polytechnic University"" from the Athens Polytechnic Radio Station during the anti-dictatorship struggle in 1973?",Maria Damanaki,,Stelios Kasouridis,,,History and politics,history,,OK,,,,,,,
82,Stelios Kasouridis,Orfeas Menis Mastromichalakis,ell_grek,Greece,"Ποιο όνομα έχει δοθεί στο μέτρο περιορισμού της κυκλοφορίας οχημάτων στο κέντρο της Αθήνας, που βασίζεται στην εκ περιτροπής κυκλοφορία των περισσότερων οχημάτων, με σκοπό τη μείωση του κυκλοφοριακού φόρτου και της ατμοσφαιρικής ρύπανσης;",Δακτύλιος,https://el.wikipedia.org/wiki/%CE%94%CE%B1%CE%BA%CF%84%CF%8D%CE%BB%CE%B9%CE%BF%CF%82_%CE%91%CE%B8%CE%B7%CE%BD%CF%8E%CE%BD,"What name has been given to the measure to restrict vehicle traffic in the center of Athens, which is based on the rotational movement of most vehicles, with the aim of reducing traffic congestion and air pollution?",,Ring,Daktylios,Stelios Kasouridis,,,History and politics,geography_places,,OK,,,,,,,
83,Stelios Kasouridis,Anna Vacalopoulou,ell_grek,Greece,Σε ποιο ελληνικό νησί είναι αρκετά συνηθισμένο το γυναικείο όνομα Τσαμπίκα;,Στη Ρόδο,https://el.wikipedia.org/wiki/%CE%A4%CF%83%CE%B1%CE%BC%CF%80%CE%AF%CE%BA%CE%B1_(%CF%8C%CE%BD%CE%BF%CE%BC%CE%B1),On which Greek island is the female name Tsambika quite common?,,In Rhodes,,,,,Geography,traditions_folklore,,OK,,,,,,,
84,Stelios Kasouridis,Nikitas Theodoropoulos,ell_grek,Greece,"Πώς ονομάζεται το ελληνικό χαρτοπαίγνιο στο οποίο 2 ή 4 παίκτες ρίχνουν χαρτιά με τη σειρά σε μία κοινή μπάζα, και μαζεύουν τη μπάζα αν ρίξουν το τελευταίο χαρτί που έπεσε ή βαλέ;",Ξερή,https://support.zoo.gr/122253-%CE%A0%CF%8E%CF%82-%CF%80%CE%B1%CE%AF%CE%B6%CE%B5%CF%84%CE%B1%CE%B9-%CE%B7-%CE%9E%CE%B5%CF%81%CE%AE,"What is the name of the Greek card game in which 2 or 4 players throw cards in turn into a common pile, and collect the pile if they throw the last card that fell or a jack?",,Dry,Xeri,Stelios Kasouridis,,,Leisure,traditions_folklore,,OK,,,,,,,
85,Stelios Kasouridis,Nikitas Theodoropoulos,ell_grek,Greece,Με ποια ονομασία ήταν παλαιότερα γνωστή η πόλη Νίκαια του νομού Αττικής;,Νέα Κοκκινιά,https://el.wikipedia.org/wiki/%CE%9D%CE%AF%CE%BA%CE%B1%CE%B9%CE%B1_%CE%91%CF%84%CF%84%CE%B9%CE%BA%CE%AE%CF%82,By what name was the city of Nicaea in the prefecture of Attica formerly known?,By what name was the city of Nikaia in the prefecture of Attica formerly known?,New Red,Nea Kokkinia,"Stelios Kasouridis, Nikitas Theodoropoulos",,,Geography,history,,OK,,,,,,,
86,Orfeas Menis Mastromichalakis,Prokopis Prokopidis,ell_grek,Greece,Ποιο ελληνικό νησί των Κυκλάδων είναι ιδιαίτερα γνωστό για την παραδοσιακή παραγωγή λουκουμιών;,Η Σύρος,https://el.wikipedia.org/wiki/%CE%9B%CE%BF%CF%85%CE%BA%CE%BF%CF%8D%CE%BC%CE%B9,Which Greek island in the Cyclades is particularly famous for its traditional production of Turkish delights?,Which Greek island in the Cyclades is particularly famous for its traditional production of loukoumia?,Syros,,Nikitas Theodoropoulos,,,Geography,Geography,,OK,,,,,,,
87,Stelios Kasouridis,Orfeas Menis Mastromichalakis,ell_grek,Greece,"Πώς λέγεται η ελληνική κωμική σειρά στην οποία ο ηθοποιός Τάσος Γιαννόπουλος, υποδυόμενος τον «Μάκη», χρησιμοποιούσε ευρέως την ατάκα «Φώτη, πίασε μια μπίρα»;",Ευτυχισμένοι Μαζί,https://www.onsports.gr/perierga/story/495066/foti-piase-mia-mpyra-videos,"What is the name of the Greek comedy series in which actor Tasos Giannopoulos, playing ""Makis"", widely used the line ""Fotis, grab a beer""?","What is the name of the Greek comedy series in which actor Tasos Giannopoulos, playing ""Makis"", widely used the line ""Fotis, get me a beer""?",Happy Together,Eftyhismenoi Mazi,Stelios Kasouridis,,,Entertainment,television,,OK,,,,,,,
88,Stelios Kasouridis,Dimitra Gkatzelaki,ell_grek,Greece,"Ποιος Έλληνας ποδοσφαιριστής, που θεωρείται από τους καλύτερους Έλληνες ποδοσφαιριστές όλων των εποχών, ερμηνεύει τον ύμνο της ΑΕΚ που χρησιμοποιείται από το 1971 και έπειτα;",Ο Μίμης Παπαιωάννου,https://el.wikipedia.org/wiki/%CE%8E%CE%BC%CE%BD%CE%BF%CF%82_%CF%84%CE%B7%CF%82_%CE%91%CE%95%CE%9A,"Which Greek footballer, considered one of the best Greek footballers of all time, performs the AEK anthem that has been used since 1971?",,Mimis Papaioannou,,,,,Leisure,sports,,OK,,,,,,,
89,Stelios Kasouridis,Dimitra Gkatzelaki,ell_grek,Greece,"Πώς λέγεται το δημοφιλές και πολυβραβευμένο ελληνικό μουσικό συγκρότημα που ιδρύθηκε το 2008, με τον Χρήστο Μάστορα στα φωνητικά;",Μέλισσες,https://el.wikipedia.org/wiki/Melisses,"What is the name of the popular and multi-award-winning Greek music band that was founded in 2008, with Christos Mastoras on vocals?",,Bees,Melisses,Stelios Kasouridis,,,Entertainment,music_dance,,OK,,,,,,,
90,Stelios Kasouridis,Dimitra Gkatzelaki,ell_grek,Greece,"Ποια πρώην αθλήτρια του στίβου είναι η πρώτη γυναίκα χρυσή Ολυμπιονίκης στην Ελλάδα, διάσημη για την φράση που χρησιμοποίησε μετά τη νίκη της, «Για την Ελλάδα, ρε γαμώτο!»;",Η Βούλα Πατουλίδου,https://el.wikipedia.org/wiki/%CE%92%CE%BF%CF%8D%CE%BB%CE%B1_%CE%A0%CE%B1%CF%84%CE%BF%CF%85%CE%BB%CE%AF%CE%B4%CE%BF%CF%85,"Which former track and field athlete is the first female Olympic gold medalist in Greece, famous for the phrase she used after her victory, ""For Greece, you bastard!""?","Which former track and field athlete is the first female Olympic gold medalist in Greece, famous for the phrase she used after her victory, ""For Greece, damn it!""?",Voula Patoulidou,,Stelios Kasouridis,,,Leisure,sports,,OK,,,,,,,
91,Stelios Kasouridis,Dimitra Gkatzelaki,ell_grek,Greece,"Ποιο ελληνικό μουσικό παιδικό συγκρότημα έγινε ιδιαίτερα δημοφιλές και διακρίθηκε με πλατινένιους δίσκους και πρώτα σε πωλήσεις DVD τη δεκαετία του 2000, με επιτυχίες όπως τα «Μιλάμε για τους αριθμούς», «Ακαντού»;",Τα Ζουζούνια,https://el.wikipedia.org/wiki/%CE%96%CE%BF%CF%85%CE%B6%CE%BF%CF%8D%CE%BD%CE%B9%CE%B1,"Which Greek children's musical group became particularly popular and distinguished itself with platinum records and first DVD sales in the 2000s, with hits such as ""We're Talking About Numbers"" and ""Akandou""?","Which Greek children's musical group became particularly popular and distinguished itself with platinum records and first in sales DVDs  in the 2000s, with hits such as ""We're Talking About Numbers"" and ""Akandou""?",The Zouzounia,Zouzounia,Nikitas Theodoropoulos,,,Entertainment,music_dance,,OK,,,,,,,
92,Stelios Kasouridis,Anna Vacalopoulou,ell_grek,Greece,"Πώς ονομαζόταν ο Έλληνας αρχιμάγειρας του 20ού αιώνα, που έγινε γνωστός για το περιοδικό «Οδηγός Μαγειρικής» το 1910, ενώ το όνομα του σήμερα στην Ελλάδα είναι συνώνυμο των οδηγών μαγειρικής;",Νικόλαος Τσελεμεντές,https://el.wikipedia.org/wiki/%CE%9D%CE%B9%CE%BA%CF%8C%CE%BB%CE%B1%CE%BF%CF%82_%CE%A4%CF%83%CE%B5%CE%BB%CE%B5%CE%BC%CE%B5%CE%BD%CF%84%CE%AD%CF%82,"What was the name of the 20th-century Greek chef, who became known for the magazine ""Cooking Guide"" in 1910, while his name today in Greece is synonymous with cooking guides?",,Nikolaos Tselementes,,,,,History and politics,history,,OK,,,,,,,
93,Stelios Kasouridis,Dimitra Gkatzelaki,ell_grek,Greece,Ποια σπουδαία Ελληνίδα λαϊκή τραγουδίστρια ερμηνεύει τις επιτυχίες «Μη Μιλάς» και «Θα Τα Βροντήξω»;,Η Πίτσα Παπαδοπούλου,https://el.wikipedia.org/wiki/%CE%A0%CE%AF%CF%84%CF%83%CE%B1_%CE%A0%CE%B1%CF%80%CE%B1%CE%B4%CE%BF%CF%80%CE%BF%CF%8D%CE%BB%CE%BF%CF%85,"Which great Greek folk singer performs the hits ""Mi Milas"" and ""Tha Ta Vrontixo""?",,Papadopoulou's Pizza,Pitsa Papadopoulou,Stelios Kasouridis,,,Entertainment,music_dance,,OK,,,,,,,
94,Stelios Kasouridis,Prokopis Prokopidis,ell_grek,Greece,"Ποιος Έλληνας πολιτικός και πρώην πρωθυπουργός είναι γνωστός για την φράση που είπε το 1893, «Δυστυχώς, επτωχεύσαμεν»;",Ο Χαρίλαος Τρικούπης,https://el.wikipedia.org/wiki/%CE%94%CF%85%CF%83%CF%84%CF%85%CF%87%CF%8E%CF%82_%CE%B5%CF%80%CF%84%CF%89%CF%87%CE%B5%CF%8D%CF%83%CE%B1%CE%BC%CE%B5%CE%BD,"Which Greek politician and former prime minister is known for the phrase he said in 1893, ""Unfortunately, we have gone bankrupt""?",,Charilaos Trikoupis,,,,,History and politics,history,,OK,,,,,,,
95,Stelios Kasouridis,Prokopis Prokopidis,eli_grek,Greece,"Ποια κωμόπολη της δυτικής Αττικής, στους νοτιοδυτικούς πρόποδες της Πάρνηθας, ονομαζόταν Χασιά πριν το 1915;",Η Φυλή,https://el.wikipedia.org/wiki/%CE%A6%CF%85%CE%BB%CE%AE_%CE%91%CF%84%CF%84%CE%B9%CE%BA%CE%AE%CF%82,"Which town in western Attica, at the southwestern foothills of Mount Parnitha, was called Hassia before 1915?",,The Tribe,Fyli,Stelios Kasouridis,,,History and politics,history,,OK,,,,,,,
96,Stelios Kasouridis,Dimitra Gkatzelaki,ell_grek,Greece,"Ποιο είναι το ψευδώνυμο του ηθοποιού, επιχειρηματία, και πρώην ποδοσφαιριστή Γιώργου Αγγελόπουλου, που έγινε ευρέως γνωστός από τη νίκη του στο τηλεοπτικό παιχνίδι επιβίωσης «Survivor» το 2017;",Ντάνος,https://www.ishow.gr/person/3595705/-giorgos-angelopoylos-survivor,"What is the pseudonym of actor, businessman, and former football player George Angelopoulos, who became widely known after his victory in the television survival game ""Survivor"" in 2017?",,Danos,,,,,Entertainment,popular_culture,,OK,,,,,,,
97,Stelios Kasouridis,Dimitra Gkatzelaki,ell_grek,Greece,Πώς ονομάζεται η οργάνωση της νεολαίας του ελληνικού πολιτικού κόμματος Νέα Δημοκρατία;,Ο.Ν.ΝΕ.Δ.,https://el.wikipedia.org/wiki/%CE%9F%CF%81%CE%B3%CE%AC%CE%BD%CF%89%CF%83%CE%B7_%CE%9D%CE%AD%CF%89%CE%BD_%CE%9D%CE%AD%CE%B1%CF%82_%CE%94%CE%B7%CE%BC%CE%BF%CE%BA%CF%81%CE%B1%CF%84%CE%AF%CE%B1%CF%82,What is the name of the youth organization of the Greek political party New Democracy?,,ONNE.D.,ONNED,Stelios Kasouridis,,,History and politics,politics_society,,OK,,,,,,,
98,Stelios Kasouridis,Prokopis Prokopidis,ell_grek,Greece,"Ποια ελληνική πόλη είναι γνωστή και ως η «πόλη των γουναράδων», λόγω της μεγάλης ιστορίας της στην παραγωγή και το εμπόριο γούνας;",Η Καστοριά,https://boardingpassport.com/kastoria-mia-vrocheri-mera-stin-poli-ton-gounaradon/,"Which Greek city is also known as the ""city of furriers"", due to its long history in fur production and trade?",,Kastoria,,,,,Geography,traditions_folklore,,OK,,,,,,,
99,Stelios Kasouridis,Prokopis Prokopidis,ell_grek,Greece,"Ποια πόλη, δυτικό προάστιο της Αθήνας, έχει τους σταθμούς μετρό «Άγιος Αντώνιος» και «Ανθούπολη»;",Το Περιστέρι,https://el.wikipedia.org/wiki/%CE%A0%CE%B5%CF%81%CE%B9%CF%83%CF%84%CE%AD%CF%81%CE%B9_%CE%91%CF%84%CF%84%CE%B9%CE%BA%CE%AE%CF%82,"Which city, a western suburb of Athens, has the metro stations ""Agios Antonios"" and ""Anthoupoli""?",,The Pigeon,Peristeri,Stelios Kasouridis,,,Geography,geography_places,,OK,,,,,,,
100,Stelios Kasouridis,Orfeas Menis Mastromichalakis,ell_grek,Greece,Ποια ελληνίδα ηθοποιός υποδυόταν το ρόλο της Ντάλιας στη δημοφιλή ελληνική σειρά «Στο Παρά 5»; ,Η Σμαράγδα Καρύδη,https://el.wikipedia.org/wiki/%CE%A3%CE%BC%CE%B1%CF%81%CE%AC%CE%B3%CE%B4%CE%B1_%CE%9A%CE%B1%CF%81%CF%8D%CE%B4%CE%B7,"Which Greek actress played the role of Dalia in the popular Greek series ""Sto Para 5""?",,The Emerald Coconut,Smaragda Karydi,Stelios Kasouridis,,,Entertainment,Entertainment,,OK,,,,,,,
101,Stelios Kasouridis,Orfeas Menis Mastromichalakis,ell_grek,Greece,Σε ποιο ελληνικό νησί βρίσκεται ο ξακουστός ναός της Παναγίας Εκατονταπυλιανής;,Στην Πάρο,https://el.wikipedia.org/wiki/%CE%A0%CE%B1%CE%BD%CE%B1%CE%B3%CE%AF%CE%B1_%CE%B7_%CE%95%CE%BA%CE%B1%CF%84%CE%BF%CE%BD%CF%84%CE%B1%CF%80%CF%85%CE%BB%CE%B9%CE%B1%CE%BD%CE%AE,On which Greek island is the famous church of Panagia Ekatontapyliani located?,,In Paros,,,,,Geography,Geography,,OK,,,,,,,
102,Nikitas Theodoropoulos,Antigoni Klimi,ell_grek,Greece,Ποιος ελληνικός παραδοσιακός χορός έιναι γνωστός και ως «Κλέφτικος»;,Ο Τσάμικος,https://el.wikipedia.org/wiki/%CE%A4%CF%83%CE%AC%CE%BC%CE%B9%CE%BA%CE%BF%CF%82,"Which Greek traditional dance is also known as ""Kleftikos""?",,The Tsamikos,Tsamikos,Antigoni Klimi,,,Arts and Literature,Tradition,,OK,,,,,,,
103,Antigoni Klimi,Anna Vacalopoulou,ell_grek,Greece,Ποιο αρχαίο μαντείο της Ηπείρου θεωρείται το αρχαιότερο ελληνικό μαντείο;,Δωδώνη,https://el.wikipedia.org/wiki/Ήπειρος_(περιοχή),Which ancient oracle in Epirus is considered the oldest Greek oracle?,,Dodona,,,,,History and politics,History,,OK,,,,,,,
104,Antigoni Klimi,Anna Vacalopoulou,ell_grek,Greece,Ποιος βασιλιάς της Ηπείρου έδωσε το όνομά του στον όρο «πύρρειος νίκη»;,Πύρρος,https://el.wikipedia.org/wiki/Ήπειρος_(περιοχή),"Which king of Epirus gave his name to the term ""Pyrrhic victory""?",,Pyrrhus,,,,,History and politics,History,,OK,,,,,,,
105,Antigoni Klimi,Anna Vacalopoulou,ell_grek,Greece,Με ποιο είδος δραματικής ποίησης ασχολείται κυρίως το σωζόμενο βιβλίο της «Ποιητικής» του Αριστοτέλη;,Την τραγωδία,https://el.wikipedia.org/wiki/Περί_ποιητικής_(Αριστοτέλης),"What type of dramatic poetry does the surviving book of Aristotle's ""Poetics"" mainly deal with?",,The tragedy,,,,,History and politics,Literature,,OK,,,,,,,
106,Antigoni Klimi,Anna Vacalopoulou,ell_grek,Greece,Ποιο ομαδικό άθλημα χάρισε στην Ελλάδα το Ευρωπαϊκό Πρωτάθλημα του 2004;,Ποδόσφαιρο,https://el.wikipedia.org/wiki/Αθλητισμός_στην_Ελλάδα,Which team sport gave Greece the 2004 European Championship?,,Football,,,,,Leisure,Sports,,OK,,,,,,,
107,Antigoni Klimi,Anna Vacalopoulou,ell_grek,Greece,"Ποιος μουσικός πρόσθεσε την τέταρτη χορδή στο μπουζούκι το 1953, συμβάλλοντας στη μετάβαση από το ρεμπέτικο στο λαϊκό τραγούδι;",Μανώλης Χιώτης,https://el.wikipedia.org/wiki/Ελληνική_μουσική#Η_αστική_λαϊκή_μουσική,"Which musician added the fourth string to the bouzouki in 1953, contributing to the transition from rebetiko to folk song?",,Manolis Chiotis,,,,,Arts and Literature,Music,,OK,,,,,,,
108,Antigoni Klimi,Anna Vacalopoulou,ell_grek,Greece,"Για ποια κινηματογραφική ταινία συνέθεσε ο Μίκης Θεοδωράκης το συρτάκι, τον πιο αναγνωρίσιμο ελληνικό ρυθμό διεθνώς;",Αλέξης Ζορμπάς,https://el.wikipedia.org/wiki/Μίκης_Θεοδωράκης,"For which film did Mikis Theodorakis compose the syrtaki, the most recognizable Greek rhythm internationally?",,Alexis Zorbas,,,,,Arts and Literature,Music,,OK,,,,,,,
109,Antigoni Klimi,Anna Vacalopoulou,ell_grek,Greece,Ποιος ηγεμόνας των Ιωαννίνων συγκρούστηκε με τους Σουλιώτες στις αρχές του 19ου αιώνα;,Αλή Πασάς,https://el.wikipedia.org/wiki/Ήπειρος_(περιοχή),Which ruler of Ioannina clashed with the people of Soulio in the early 19th century?,Which ruler of Ioannina clashed with the Souliotes in the early 19th century?,Ali Pasha,,,,,History and politics,History,,ΟΚ,,,,,,,
110,Antigoni Klimi,Anna Vacalopoulou,ell_grek,Greece,Ποιος ελληνικός νησιώτικος χορός χορεύεται συνήθως από ζευγάρια και περιλαμβάνει στοιχεία φλερτ;,Μπάλος,https://el.wikipedia.org/wiki/Μπάλος,Which Greek island dance is usually danced by couples and includes elements of flirting?,,Balos,,,,,Arts and Literature,Tradition,,ΟΚ,,,,,,,
111,Antigoni Klimi,Anna Vacalopoulou,ell_grek,Greece,Ποια πόλη υπήρξε η πρώτη πρωτεύουσα του νεότερου ελληνικού κράτους;,Ναύπλιο,https://el.wikipedia.org/wiki/Ναύπλιο,Which city was the first capital of the modern Greek state?,,Nafplio,,,,,Geography,History,,ΟΚ,,,,,,,
112,Antigoni Klimi,Anna Vacalopoulou,ell_grek,Greece,Πώς ονομάζεται το διάσημο ενετικό φρούριο που δεσπόζει πάνω από το Ναύπλιο;,Παλαμήδι,https://el.wikipedia.org/wiki/Ναύπλιο,What is the name of the famous Venetian fortress that dominates Nafplio?,What is the name of the famous Venetian fortress overlooking Nafplio?,Palamidi,,,,,Geography,Geography,,ΟΚ,,,,,,,
113,Antigoni Klimi,Anna Vacalopoulou,ell_grek,Greece,Ποιο ήταν το όνομα του αλόγου του Μεγάλου Αλεξάνδρου;,Βουκεφάλας,https://el.wikipedia.org/wiki/Αλέξανδρος_ο_Μέγας,What was the name of Alexander the Great's horse?,,Bucephalus,,,,,History and politics,History,,ΟΚ,,,,,,,
114,Antigoni Klimi,Anna Vacalopoulou,ell_grek,Greece,Ποια εταιρεία παραγωγής αναδείχθηκε στη μεγαλύτερη κινηματογραφική εταιρεία της Ελλάδας κατά τη Χρυσή Εποχή του ελληνικού κινηματογράφου;,Φίνος Φιλμ,https://el.wikipedia.org/wiki/Ελληνικός_κινηματογράφος,Which production company emerged as the largest film company in Greece during the Golden Age of Greek cinema?,What is the official name of the awards presented annually by the Hellenic Film Academy?,Fine Film,Finos Film,,,,Arts and Literature,Cinema,,ΟΚ,,,,,,,
115,Antigoni Klimi,Anna Vacalopoulou,ell_grek,Greece,Πώς ονομάζονται επίσημα τα βραβεία που απονέμει κάθε χρόνο η Ελληνική Ακαδημία Κινηματογράφου;,Βραβεία Ίρις,https://el.wikipedia.org/wiki/Βραβεία_Ελληνικής_Ακαδημίας_Κινηματογράφου,What are the official names of the awards presented each year by the Greek Film Academy?,,Iris Awards,,,,,Arts and Literature,Cinema,,ΟΚ,,,,,,,
116,Antigoni Klimi,Anna Vacalopoulou,ell_grek,Greece,Ποιο άθλημα έκανε ο Μίλτος Τεντόγλου πριν ξεκινήσει τον στίβο σε ηλικία 15 ετών;,Παρκούρ,https://el.wikipedia.org/wiki/Μίλτος_Τεντόγλου,What sport did Miltos Tentoglou play before starting track and field at the age of 15?,What sport did Miltiadis Tentoglou practice before taking up athletics at the age of 15?,Parkour,,,,,Leisure,Sports,,ΟΚ,,,,,,,
117,Antigoni Klimi,Anna Vacalopoulou,ell_grek,Greece,Ποιος Έλληνας λαϊκός ζωγράφος ήταν γνωστός για το ότι κυκλοφορούσε φορώντας φουστανέλα;,Θεόφιλος Χατζημιχαήλ,https://el.wikipedia.org/wiki/Θεόφιλος_Χατζημιχαήλ,Which Greek folk painter was known for wearing a frock?,,#VALUE!,,,,,Arts and Literature,Visual Arts,,ΟΚ,x,,,,,,
118,Antigoni Klimi,Anna Vacalopoulou,ell_grek,Greece,Ποιο ήταν το πρώτο τραγούδι που εκπροσώπησε την Ελλάδα στη Eurovision;,"Κρασί, θάλασσα και τ' αγόρι μου",https://el.wikipedia.org/wiki/Συμμετοχή_της_Ελλάδας_στη_Eurovision,What was the first song that represented Greece at Eurovision?,,"Wine, sea and my boy","Krasi, thalassa kai t'agori mou",,,,Entertainment,Music,,ΟΚ,,,,,,,
119,Antigoni Klimi,Anna Vacalopoulou,ell_grek,Greece,Ποια είναι η μεγαλύτερη πλατεία των Βαλκανίων που βρίσκεται στην πόλη της Κέρκυρας;,Σπιανάδα,https://el.wikipedia.org/wiki/Κέρκυρα,What is the largest square in the Balkans located in Corfu Town?,,Spianada,,,,,Geography,Geography,,ΟΚ,,,,,,,
120,Antigoni Klimi,Anna Vacalopoulou,ell_grek,Greece,Ποιος άγιος θεωρείται πολιούχος της πόλης της Κέρκυρας;,Άγιος Σπυρίδων,https://el.wikipedia.org/wiki/Κέρκυρα,Which saint is considered the patron saint of the city of Corfu?,,Saint Spyridon,,,,,Geography,Religion,,ΟΚ,,,,,,,
121,Antigoni Klimi,Anna Vacalopoulou,ell_grek,Greece,Ποιος κρητικός χορός πήρε το όνομά του από τα πέντε χορευτικά βήματα και τη λέξη «ζάλο»;,Πεντοζάλης,https://ebooks.edu.gr/ebooks/v/html/8547/2184/Fysiki-Agogi_E-ST-Dimotikou_html-empl/index7.html,"Which Cretan dance got its name from the five dance steps and the word ""zalo""?",,Pentozales,Pentozalis,,,,Arts and Literature,Tradition,,ΟΚ,,,,,,,
122,Antigoni Klimi,Anna Vacalopoulou,ell_grek,Greece,Ποιος Αθηναίος πολιτικός θεωρείται ο θεμελιωτής της πρώτης δημοκρατίας το 508 π.Χ.;,Κλεισθένης,https://el.wikipedia.org/wiki/Δημοκρατία,Which Athenian politician is considered the founder of the first democracy in 508 BC?,,Cleisthenes,,,,,History and politics,History,,ΟΚ,,,,,,,
123,Antigoni Klimi,Orfeas Menis Mastromichalakis,ell_grek,Greece,Ποια ηρωίδα της Ελληνικής Επανάστασης συνδέεται στενά με τις Σπέτσες;,Λασκαρίνα Μπουμπουλίνα,https://el.wikipedia.org/wiki/Σπέτσες,Which heroine of the Greek Revolution is closely associated with Spetses?,Which heroine of the Greek Revolution is closely associated with Spetses?,Laskarina Bouboulina,,,,,History and politics,History,,ΟΚ,,,,,,,
124,Antigoni Klimi,Nikitas Theodoropoulos,ell_grek,Greece,Ποιο είναι το κύριο εξαγωγικό προϊόν που συνέβαλε ιστορικά στην οικονομική ανάπτυξη της Σαντορίνης;,Κρασί,https://el.wikipedia.org/wiki/Σαντορίνη,What is the main export product that has historically contributed to the economic development of Santorini?,,Wine,,,,,Geography,Economy,,ΟΚ,,,,,,,
125,Antigoni Klimi,Anna Vacalopoulou,ell_grek,Greece,Ποιο παραδοσιακό ελληνικό κρασί αρωματίζεται με ρητίνη πεύκου;,Ρετσίνα,https://el.wikipedia.org/wiki/Ελληνικός_πολιτισμός,Which traditional Greek wine is flavored with pine resin?,,Retsina,,,,,Geography,Cuisine,,ΟΚ,,,,,,,
126,Antigoni Klimi,Anna Vacalopoulou,ell_grek,Greece,Ποιο έργο του Ρήγα Βελεστινλή αποτέλεσε σύμβολο των επαναστατικών ιδεών πριν το 1821;,Θούριος,https://el.wikipedia.org/wiki/Νεοελληνικός_Διαφωτισμός,Which work by Rigas Velestinlis was a symbol of revolutionary ideas before 1821?,,Thurios,,,,,Arts and Literature,Literature,,ΟΚ,,,,,,,
127,Antigoni Klimi,Anna Vacalopoulou,ell_grek,Greece,Ποια πολιτική επιδίωξη του 19ου αιώνα στόχευε στην ενσωμάτωση όλων των ελληνικών πληθυσμών σε ένα κράτος;,Μεγάλη Ιδέα,https://el.wikipedia.org/wiki/Ελλάδα,Which 19th century political pursuit aimed at integrating all Greek populations into one state?,,Big Idea,Megali Idea,,,,History and politics,History,,ΟΚ,,,,,,,
128,Antigoni Klimi,Anna Vacalopoulou,ell_grek,Greece,Ποιος άγιος θεωρείται πολιούχος της Ζακύνθου;,Άγιος Διονύσιος,https://el.wikipedia.org/wiki/Ζάκυνθος,Which saint is considered the patron saint of Zakynthos?,,Saint Dionysios,,,,,Geography,Religion,,ΟΚ,,,,,,,
129,Antigoni Klimi,Anna Vacalopoulou,ell_grek,Greece,Ποιο είδος τραγουδιών τραγουδούν παραδοσιακά οι Ζακυνθινοί στις παρέες τους;,Καντάδες,https://el.wikipedia.org/wiki/Ζάκυνθος,What kind of songs do Zakynthians traditionally sing in their groups?,What type of songs do Zakynthians traditionally sing at social gatherings?,Cantades,,,,,Entertainment,Music,,ΟΚ,,,,,,,
130,Antigoni Klimi,Anna Vacalopoulou,ell_grek,Greece,Πώς ονομάζεται η διάσημη θαλάσσια χελώνα που ωοτοκεί στον κόλπο του Λαγανά στη Ζάκυνθο;,Καρέτα καρέτα,https://el.wikipedia.org/wiki/Ζάκυνθος,What is the name of the famous sea turtle that lays its eggs in the bay of Laganas in Zakynthos?,,Loggerhead sea otter,Loggerhead sea turtle,,,,Geography,Geography,,ΟΚ,,,,,,,
131,Anna Vacalopoulou,Antigoni Klimi,ell_grek,Greece,Τι γεύση έχει ο καφές που προσφέρεται στο ξενύχτισμα του νεκρού παραδοσιακά στην Ελλάδα;,Πικρή,https://041.gr/paradosi/514-nekrika-kai-tafika-ethima,What does the coffee traditionally offered at the wake of the deceased in Greece taste like?,,Bitter,,,,,Leisure,,,ΟΚ,,,,,,,
132,Anna Vacalopoulou,Antigoni Klimi,ell_grek,Greece,Πώς λέγονται τα Σάββατα κατά τα οποία γίνονται συχνά μνημόσυνα στην ορθόδοξη ελληνική παράδοση;,Ψυχοσάββατα,https://041.gr/paradosi/514-nekrika-kai-tafika-ethima,What are the Saturdays on which memorial services are often held in the Greek Orthodox tradition called?,,Psycho Saturdays,,Psyhosavata,,,History and politics,,,ΟΚ,,,,,,,
133,Anna Vacalopoulou,Dimitra Gkatzelaki,ell_grek,Greece,Ποιο επιφώνημα επαναλαμβάνει τραγουδιστά ο Καραγκιόζης όταν εμφανίζεται;,"Όπα, όπα, όπα",http://www.karagkiozis.com/char_karag.htm,What exclamation does Karagiozis sing when he appears?,What does Karagiozis say in a singsong voice when he appears?,"Oops, oops, oops","Opa, opa, opa",,,,Arts and Literature,,,ΟΚ,,,,,,,
134,Anna Vacalopoulou,Antigoni Klimi,ell_grek,Greece,Πόσα παιδιά του Καραγκιόζη εμφανίζονται στο ελληνικό θέατρο σκιών;,Τρία,https://figoures.gr/%CE%BF%CE%B9-%CF%87%CE%B1%CF%81%CE%B1%CE%BA%CF%84%CE%AE%CF%81%CE%B5%CF%82-%CF%84%CE%BF%CF%85-%CE%B8%CE%B5%CE%AC%CF%84%CF%81%CE%BF%CF%85-%CF%83%CE%BA%CE%B9%CF%8E%CE%BD/,How many children of Karagiozis appear in Greek shadow theater?,How many of Karagiozis' children appear in Greek shadow theatre?,Three,,Antigoni Klimi,,,Arts and Literature,,,ΟΚ,,,,,,,
135,Anna Vacalopoulou,Antigoni Klimi,ell_grek,Greece,"Οι οπαδοί ποιου πρώην Έλληνα πρωθυπουργού και προέδρου της δημοκρατίας αναφέρονται σε αυτόν ως ""ο εθνάρχης"";",Κωνσταντίνος Καραμανλής,https://el.wikipedia.org/wiki/%CE%9A%CF%89%CE%BD%CF%83%CF%84%CE%B1%CE%BD%CF%84%CE%AF%CE%BD%CE%BF%CF%82_%CE%9A%CE%B1%CF%81%CE%B1%CE%BC%CE%B1%CE%BD%CE%BB%CE%AE%CF%82,"Followers of which former Greek prime minister and president of the republic refer to him as ""the national leader""?",,Konstantinos Karamanlis,,,,,History and politics,,,ΟΚ,,,,,,,
136,Anna Vacalopoulou,Antigoni Klimi,ell_grek,Greece,"Ποιος Έλληνας πολιτικός του 20ού αιώνα ήταν γνωστός ως ""Γέρος της Δημοκρατίας"";",Γεώργιος Παπανδρέου,https://el.wikipedia.org/wiki/%CE%93%CE%B5%CF%8E%CF%81%CE%B3%CE%B9%CE%BF%CF%82_%CE%A0%CE%B1%CF%80%CE%B1%CE%BD%CE%B4%CF%81%CE%AD%CE%BF%CF%85,"Which 20th-century Greek politician was known as the ""Old Man of Democracy""?",,George Papandreou,Georgios Papandreou,,,,History and politics,,,ΟΚ,,,,,,,
137,Anna Vacalopoulou,Nikitas Theodoropoulos,ell_grek,Greece,Από ποια ευρύτερη περιοχή προέρχονταν οι πρόσφυγες που ίδρυσαν τον οικισμό Αργυρούπολη της Αττικής δίνοντάς του το όνομα της πόλης τους;,Πόντος,https://el.wikipedia.org/wiki/%CE%91%CF%81%CE%B3%CF%85%CF%81%CE%BF%CF%8D%CF%80%CE%BF%CE%BB%CE%B7,"From which wider region did the refugees who founded the settlement of Argyroupoli in Attica come, giving it the name of their city?",,Pontus,,,,,History and politics,,,ΟΚ,,,,,,,
138,Anna Vacalopoulou,Antigoni Klimi,ell_grek,Greece,Σε ποιο γεωγραφικό διαμέρισμα βρίσκεται το ελληνικό χωριό Μεταξάδες;,Στη Θράκη,https://greece.terrabook.com/el/evros/page/metaksades/,In which geographical region is the Greek village of Metaxades located?,,In Thrace,Thrace,,,,Geography,,,ΟΚ,,,,,,,
139,Anna Vacalopoulou,Antigoni Klimi,ell_grek,Greece,Πώς λέγεται το λευκό αναψυκτικό από γαλάκτωμα αμυγδάλου που σερβίρεται παραδοσιακά σε ελληνικούς γάμους;,Σουμάδα,https://el.wikipedia.org/wiki/%CE%A3%CE%BF%CF%85%CE%BC%CE%AC%CE%B4%CE%B1,What is the name of the white almond milk soft drink traditionally served at Greek weddings?,,Orgeat,Soumada,,,,Leisure,,,ΟΚ,,,,,,,
140,Anna Vacalopoulou,Antigoni Klimi,ell_grek,Greece,Ποιον χορό συνοδεύει το μακεδονίτικο τραγούδι «Μήλο μου κόκκινο»;,Καλαματιανό,https://omilo.com/el/%CE%BA%CE%B1%CE%BB%CE%B1%CE%BC%CE%B1%CF%84%CE%B9%CE%B1%CE%BD%CF%8C%CF%82-%CE%AD%CE%BD%CE%B1%CF%82-%CE%B5%CE%BB%CE%BB%CE%B7%CE%BD%CE%B9%CE%BA%CF%8C%CF%82-%CF%80%CE%B1%CF%81%CE%B1%CE%B4%CE%BF%CF%83/,"Which dance accompanies the Macedonian song ""My Red Apple""?",,Kalamatiano,Kalamatianos,,,,Arts and Literature,,,ΟΚ,,,,,,,
141,Anna Vacalopoulou,Antigoni Klimi,ell_grek,Greece,Ποιο μυρωδικό μπαίνει παραδοσιακά στα ελληνικά σουτζουκάκια;,Κύμινο,https://www.google.com/url?q=https://omilo.com/el/delicious-greek-food-soutzoukakia/&sa=D&source=editors&ust=1784537165376256&usg=AOvVaw0BkGI2Y8KdqfT90nX4UwBi,What seasoning is traditionally added to Greek soutzoukakia?,Which herb is traditionally added to Greek soutzoukakia?,Cumin,,Antigoni Klimi,,,Leisure,,,ΟΚ,,,,,,,
142,Anna Vacalopoulou,Antigoni Klimi,ell_grek,Greece,Ποιο ήταν το πρώτο χρονολογικά ιδιωτικό τηλεοπτικό κανάλι που εξέπεμψε με πανελλαδική εμβέλεια το 1989;,Mega Channel,https://el.wikipedia.org/wiki/Mega_Channel,What was the first private television channel to broadcast nationwide in 1989?,,Mega Channel,,,,,Leisure,,,ΟΚ,,,,,,,
143,Anna Vacalopoulou,Antigoni Klimi,ell_grek,Greece,Ποιος Έλληνας θεατρικός σκηνοθέτης ίδρυσε το Θέατρο Τέχνης το 1942;,Κάρολος Κουν,https://el.wikipedia.org/wiki/%CE%9A%CE%AC%CF%81%CE%BF%CE%BB%CE%BF%CF%82_%CE%9A%CE%BF%CF%85%CE%BD,Which Greek theater director founded the Art Theater in 1942?,,Karolos Koun,,,,,Arts and Literature,,,ΟΚ,,,,,,,
144,Anna Vacalopoulou,Antigoni Klimi,ell_grek,Greece,Οι πατάτες ποιας περιοχής της Β. Ελλάδας θεωρούνται ανώτερης ποιότητας;,Νευροκοπίου,https://nevrokopi.gr/gnoriste-to-neyrokopi/patata-neyrokopioy/,Potatoes from which region of Northern Greece are considered of superior quality?,,Nevrokopiou,,,,,Geography,,,ΟΚ,,,,,,,
145,Anna Vacalopoulou,Antigoni Klimi,ell_grek,Greece,Ποια είναι η βορειότερη περιφερειακή ενότητα στη ζώνη ελαιοκαλλιέργειας της Ευρωπαϊκής Ένωσης;,Έβρου,https://www.minagric.gr/images/stories/docs/agrotis/POP-PGE/prodiagrafes_elaiolado_makris.pdf,What is the northernmost regional unit in the olive growing zone of the European Union?,,Evros,,,,,Geography,,,ΟΚ,,,,,,,
146,Anna Vacalopoulou,Antigoni Klimi,ell_grek,Greece,Τι χρώμα έχουν στην Ελλάδα οι κάδοι για την ανακύκλωση συσκευασιών;,Μπλε,https://www.siakandaris.gr/%CF%83%CF%85%CF%87%CE%BD%CE%B5%CF%83-%CE%B5%CF%81%CF%89%CF%84%CE%B7%CF%83%CE%B5%CE%B9%CF%83-%CE%B3%CE%B9%CE%B1-%CF%84%CE%BF%CE%BD-%CE%BC%CF%80%CE%BB%CE%B5-%CE%BA%CE%B1%CE%B4%CE%BF/,What color are the packaging recycling bins in Greece?,,Blue,,,,,Science and Nature,,,ΟΚ,,,,,,,
147,Anna Vacalopoulou,Antigoni Klimi,ell_grek,Greece,Μετά από ποια διαδικασία μπορεί να καταναλωθεί ως αφέψημα το χαμομήλι;,Ξήρανση,https://botanologia.gr/,After what process can chamomile be consumed as a decoction?,What must happen to fresh chamomile before it can be consumed as an herbal tea?,Drying,,,,,Science and Nature,,,ΟΚ,,,,,,,
148,Anna Vacalopoulou,Antigoni Klimi,ell_grek,Greece,Ποια ενέργεια πραγματοποιείται στα αυγά κατά το έθιμο των αυγομαχιών;,Τσούγκρισμα,https://mythotopia.eu/?p=poi&id=873,What action is performed on the eggs during the custom of egg fighting?,,Squeaking,Cracking,,,,Leisure,,,ΟΚ,,,,,,,
149,Anna Vacalopoulou,Antigoni Klimi,ell_grek,Greece,Ποιο νησί των Δωδεκανήσων αποτελεί ενεργό ηφαίστειο του ηφαιστειακού τόξου του Αιγαίου;,Νίσυρος,https://el.wikipedia.org/wiki/%CE%9D%CE%AF%CF%83%CF%85%CF%81%CE%BF%CF%82,Which island of the Dodecanese is an active volcano of the Aegean volcanic arc?,,Nisyros,,,,,Science and Nature,,,ΟΚ,,,,,,,
150,Anna Vacalopoulou,Antigoni Klimi,ell_grek,Greece,"Σε ποια πόλη του Έβρου βρίσκεται το Τζαμί Βαγιαζήτ, που χτίστηκε στα τέλη του 14ου αιώνα;",Διδυμότειχο,https://mythotopia.eu/?p=poi&id=58,"In which city in Evros is the Bayezid Mosque located, built at the end of the 14th century?",,Didymoteicho,,,,,Geography,,,OK,,,,,,,
151,Anna Vacalopoulou,Antigoni Klimi,ell_grek,Greece,Ποιος Έλληνας μουσικός διοργάνωσε ένα θρυλικό πάρτι στην παραλία της Βουλιαγμένης το καλοκαίρι του 1983;,Λουκιανός Κηλαηδόνης,https://www.mixanitouxronou.gr/to-protoporiako-parti-tou-loukianou-kilaidoni-mesa-stin-thalassa-sti-vouliagmeni-pou-apokalesan-elliniko-woodstock-o-kosmos-kolimpouse-ke-tragoudouse-mazi-me-tous-kallitechnes-pou-vriskontan-p/,Which Greek musician organized a legendary party on Vouliagmeni beach in the summer of 1983?,,Lucianos Kelaidonis,,,,,Leisure,,,ΟΚ,,,,,,,
152,Anna Vacalopoulou,Antigoni Klimi,ell_grek,Greece,Πώς λέγονται στην Ελλάδα οι βρώσιμες ζαρωμένες ελιές;,Θρούμπες,https://el.wikipedia.org/wiki/%CE%94%CF%81%CF%8D%CF%80%CE%B7,What are edible wrinkled olives called in Greece?,,Thrumbes,Throumbes,,,,Leisure,,,ΟΚ,,,,,,,
153,Anna Vacalopoulou,Nikitas Theodoropoulos,ell_grek,Greece,"Πώς λέγεται το ελληνικό παιχνίδι όπου οι παίκτες πετούν ο ένας στον άλλον την μπάλα, προσπαθώντας να μην την πάρει ένας συγκεκριμένος παίκτης;",Κορόιδο,https://fagottobooks.gr/blog/paradosiaka-paihnidia-geitonias-pareas/,"What is the name of the Greek game where players throw the ball to each other, trying not to let a specific player catch it?",,Sucker,Koroido,,,,Leisure,,,ΟΚ,,,,,,,
154,Anna Vacalopoulou,Antigoni Klimi,ell_grek,Greece,Ποιος Έλληνας λαϊκός τραγουδιστής τραγουδά μαζί με τον Λάκη Παπαδόπουλο το τραγούδι «Για να σ' εκδικηθώ»;,Δημήτρης Μητροπάνος,,"Which Greek folk singer sings the song ""To avenge you"" with Lakis Papadopoulos?","Which folk singer sings the song ""Gia Na S' Ekdikitho"" with Lakis Papadopoulos?",Dimitris Mitropanos,,,,,Leisure,,,ΟΚ,,,,,,,
155,Anna Vacalopoulou,Nikitas Theodoropoulos,ell_grek,Greece,Πώς λέγεται το πιο γνωστό τραγουδάκι με το οποίο τα παιδιά στην Ελλάδα καθόριζαν ποιος θα αρχίσει ένα παιχνίδι;,Α μπε μπα μπλομ,https://el.wikipedia.org/wiki/Λαχνίσματα,What is the name of the most famous song with which children in Greece determined who would start a game?,What is the name of the counting-out rhyme children used to determine who would start a game in Greece?,"Oh, my goodness.",A be ba blom,,,,Leisure,,,ΟΚ,,,,,,,
156,Anna Vacalopoulou,Prokopis Prokopidis,ell_grek,Greece,"Σε ποιο ελληνικό παιχνίδι ο ένας παίκτης στέκεται σκυφτός έχοντας κάτω από την αριστερή του μασχάλη το δεξί του χέρι, το οποίο χτυπούν οι άλλοι παίκτες;",Μπιζ,https://fagottobooks.gr/blog/paradosiaka-paihnidia-geitonias-pareas/,"In which Greek game does one player stand hunched over with his right hand under his left armpit, which the other players hit?",,Biz,,,,,Leisure,,,ΟΚ,,,,,,,
157,Anna Vacalopoulou,Antigoni Klimi,ell_grek,Greece,Σε ποιο ελληνικό παιχνίδι ένας παίκτης προσπαθεί να πιάσει τους άλλους έχοντας κλειστά τα μάτια;,Τυφλόμυγα,https://fagottobooks.gr/blog/paradosiaka-paihnidia-geitonias-pareas/,In which Greek game does one player try to catch the others while blindfolded?,,Blind fly,Blind man's buff,,,,Leisure,,,ΟΚ,,,,,,,
158,Anna Vacalopoulou,Antigoni Klimi,ell_grek,Greece,"Ποιο κόσμημα πρέπει να βρει κανείς μαντεύοντας σε ποιανού τα χέρια βρίσκεται, σε ένα γνωστό ελληνικό παιδικό παιχνίδι;",Δαχτυλίδι,https://fagottobooks.gr/blog/paradosiaka-paihnidia-geitonias-pareas/,"Which jewel must one find by guessing in whose hands it is, in a well-known Greek children's game?",,Ring,,,,,Leisure,,,ΟΚ,,,,,,,
159,Anna Vacalopoulou,Antigoni Klimi,ell_grek,Greece,"Ποιος ηθοποιός παίζει τον γιατρό στην παλιά ελληνική ταινία ""Η κυρά μας η μαμή"";",Ορέστης Μακρής,https://apotis4stis5.com/vintage/54581-i-kyra-mas-i-mami-me-polloys-gnostoys-ithopoioys,"Which actor plays the doctor in the old Greek film ""Our Lady the Midwife""?","Which actor plays the doctor in the old Greek film ""I kyrá mas i mamí""?",Orestis Makris,,,,,Arts and Literature,,,ΟΚ,,,,,,,
160,Anna Vacalopoulou,Antigoni Klimi,ell_grek,Greece,"Ποια ηθοποιός παίζει τη μαμή στην παλιά ελληνική ταινία ""Η κυρά μας η μαμή"";",Γεωργία Βασιλειάδου,https://apotis4stis5.com/vintage/54581-i-kyra-mas-i-mami-me-polloys-gnostoys-ithopoioys,"Which actress plays the midwife in the old Greek film ""Our Lady the Midwife""?","Which actress plays the midwife in the old Greek film ""I kyrá mas i mamí""?",Georgia Vasiliadou,,,,,Arts and Literature,,,ΟΚ,,,,,,,
161,Anna Vacalopoulou,,ell_grek,Greece,Με ποιο παρατσούκλι είναι ευρύτερα γνωστός ο Κρητικός λυράρης Αντώνης Ξυλούρης;,Ψαραντώνης,https://el.wikipedia.org/wiki/%CE%A8%CE%B1%CF%81%CE%B1%CE%BD%CF%84%CF%8E%CE%BD%CE%B7%CF%82,By what nickname is the Cretan lyre player Antonis Xylouris more widely known?,,Psarantonis,,,,,Arts and Literature,,,ΟΚ,,,,,,,
162,Anna Vacalopoulou,Antigoni Klimi,ell_grek,Greece,Τι ήταν ο Διγενής στα ελληνικά δημοτικά τραγούδια;,Ακρίτας,https://el.wikipedia.org/wiki/Ακριτικά τραγούδια,What was Digenis in Greek folk songs?,,Akritas,,,,,Arts and Literature,,,ΟΚ,,,,,,,
163,Anna Vacalopoulou,Dimitra Gkatzelaki,ell_grek,Greece,Ποιο είδος θρηνητικού δημοτικού τραγουδιού ήταν ιδιαίτερα δημοφιλές στη Μάνη;,Μοιρολόι,https://el.wikipedia.org/wiki/Μοιρολόγια,What type of mournful folk song was particularly popular in Mani?,,Dirge,Moiroloi,,,,Arts and Literature,,,,,,,,,,
164,Anna Vacalopoulou,Dimitra Gkatzelaki,ell_grek,Greece,Πώς λέγονται τα ελληνικά τραγούδια που αφηγούνταν τα κατορθώματα κλεφτών και αρματολών;,Κλέφτικα,https://el.wikipedia.org/wiki/Κλέφτικο τραγούδι,What are the names of the Greek songs that recounted the exploits of thieves and bandits?,What are the Greek songs that recounted the exploits of klephts and armatoloi called?,Kleftika,Klephtic songs,,,,Arts and Literature,,,ΟΚ,,,,,,,
165,Anna Vacalopoulou,Antigoni Klimi,ell_grek,Greece,Πώς λεγόταν η κόρη του Εμμανουήλ Μπενάκη που έγινε γνωστή στην Ελλάδα από τα ιστορικά της μυθιστορήματα για παιδιά;,Πηνελόπη Δέλτα,https://el.wikipedia.org/wiki/%CE%A0%CE%B7%CE%BD%CE%B5%CE%BB%CF%8C%CF%80%CE%B7_%CE%94%CE%AD%CE%BB%CF%84%CE%B1,What was the name of Emmanuel Benakis' daughter who became famous in Greece for her historical novels for children?,,Penelope Delta,,,,,Arts and Literature,,,ΟΚ,,,,,,,
166,Anna Vacalopoulou,Dimitra Gkatzelaki,ell_grek,Greece,Ποιου νησιού πρωτεύουσα είναι η Ερμούπολη;,Σύρος,https://syrosisland.gr/place/hermoupolis/,Which island's capital is Ermoupolis?,,Syros,,,,,Geography,,,ΟΚ,,,,,,,
167,Anna Vacalopoulou,Antigoni Klimi,ell_grek,Greece,Ποιο τραγούδι του Μάρκου Βαμβακάρη έχει σχέση με τη Σύρο;,Φραγκοσυριανή,https://www.e-kyklades.gr/showroom/tourism/MARKOS_VAMVAKARIS_MUSEUM?lang=el,Which song by Markos Vamvakaris is related to Syros?,,Frangossyriani,Fragosiriani,,,,Arts and Literature,,,ΟΚ,,,,,,,
168,Anna Vacalopoulou,Antigoni Klimi,ell_grek,Greece,Μέσω ποιου νησιού περνάει κανείς στην Αντίπαρο;,Πάρος,https://www.e-kyklades.gr/travel/tourism/antiparos?lang=el,Through which island does one pass to Antiparos?,,Paros,,,,,Geography,,,ΟΚ,,,,,,,
169,Anna Vacalopoulou,Antigoni Klimi,ell_grek,Greece,Πώς αλλιώς ονομάζεται το ελληνικό νησί Τζια;,Κέα,https://www.e-kyklades.gr/travel/tourism/kea?lang=el,What is the Greek island of Tzia called?,How else is the Greek island of Tzia called?,Kea,,,,,Geography,,,ΟΚ,,,,,,,
170,Anna Vacalopoulou,Antigoni Klimi,ell_grek,Greece,Κοντά σε ποιο μεγαλύτερο κυκλαδίτικο νησί βρίσκεται η Θηρασιά;,Σαντορίνη,https://www.e-kyklades.gr/travel/tourism/thirasia?lang=el,Near which largest Cycladic island is Thirasia located?,,Santorini,,,,,Geography,,,ΟΚ,,,,,,,
171,Anna Vacalopoulou,Antigoni Klimi,ell_grek,Greece,Σε ποιο νησί του Αιγαίου βρίσκονται οι περιοχές Απολλωνία και Αρτεμώνας;,Σίφνος,https://www.e-kyklades.gr/travel/tourism/sifnos?lang=el,On which Aegean island are the regions of Apollonia and Artemonas located?,,Sifnos,,,,,Geography,,,ΟΚ,,,,,,,
172,Anna Vacalopoulou,Antigoni Klimi,ell_grek,Greece,Πώς λεγόταν το καταδρομικό που βύθισαν οι Ιταλοί το 1940 στο λιμάνι της Τήνου;,Έλλη,https://www.e-kyklades.gr/travel/tourism/tinos?lang=el,What was the name of the cruiser that the Italians sank in 1940 in the port of Tinos?,,Elli,,,,,History and politics,,,ΟΚ,,,,,,,
173,Anna Vacalopoulou,Antigoni Klimi,ell_grek,Greece,"Ποιος Έλληνας τραγουδιστής έγραψε και τραγούδισε το τραγούδι ""Μαντουμπάλα"", που βασίζεται πάνω σε μια ινδική μελωδία;",Στέλιος Καζαντζίδης,https://el.wikipedia.org/wiki/%CE%9C%CE%B1%CE%BD%CF%84%CE%BF%CF%85%CE%BC%CF%80%CE%AC%CE%BB%CE%B1,"Which Greek singer wrote and sang the song ""Madumbala"", which is based on an Indian melody?",,Stelios Kazantzidis,,,,,Leisure,,,ΟΚ,,,,,,,
174,Anna Vacalopoulou,Antigoni Klimi,ell_grek,Greece,Ποιος ήταν προπονητής της Εθνικής Ελλάδος στο ποδόσφαιρο τη σεζόν 2024-25;,Ο Ιβάν Γιοβάνοβιτς,https://www.epo.gr/el/ethniki-omada-andron/giobanobits-iban,Who was the coach of the Greek National Football Team in the 2024-25 season?,Who was the head coach of the Greece national football team during the 2024–25 season?,Ivan Jovanovic,,Antigoni Klimi,,,Leisure,,,ΟΚ,,,,,,,
175,Anna Vacalopoulou,Antigoni Klimi,ell_grek,Greece,Ποιας Ελληνίδας τραγουδίστριας το πραγματικό όνομα είναι Άλκηστις-Σεβαστή Αττικιουζέλογλου;,Άλκηστις Πρωτοψάλτη,https://el.wikipedia.org/wiki/%CE%86%CE%BB%CE%BA%CE%B7%CF%83%CF%84%CE%B9%CF%82_%CE%A0%CF%81%CF%89%CF%84%CE%BF%CF%88%CE%AC%CE%BB%CF%84%CE%B7,Which Greek singer's real name is Alkistis-Sevasti Attikiouzeloglou?,,Alkistis Protopsalti,,,,,Leisure,,,ΟΚ,,,,,,,
176,Anna Vacalopoulou,Antigoni Klimi,ell_grek,Greece,Σε ποιο μέρος της Ελλάδας παίζεται κυρίως το κρίκετ;,Κέρκυρα,https://el.wikipedia.org/wiki/%CE%9A%CF%81%CE%AF%CE%BA%CE%B5%CF%84_%CF%83%CF%84%CE%B7%CE%BD_%CE%95%CE%BB%CE%BB%CE%AC%CE%B4%CE%B1,In which part of Greece is cricket mainly played?,,Corfu,,,,,Leisure,,,ΟΚ,,,,,,,
177,Anna Vacalopoulou,Antigoni Klimi,ell_grek,Greece,Σε ποια πόλη της Ελλάδας βρίσκεται το Μουσείο Μαρία Κάλλας;,Αθήνα,https://mariacallasmuseum.gr/,In which city in Greece is the Maria Callas Museum located?,,Athens,,,,,Geography,,,ΟΚ,,,,,,,
178,Anna Vacalopoulou,Antigoni Klimi,ell_grek,Greece,Σε ποια οδό βρίσκονται τα κτήρια της νεοκλασικής Τριλογίας Αθηνών;,Πανεπιστημίου,https://el.wikipedia.org/wiki/Νεοκλασική_Τριλογία_Αθηνών,On which street are the buildings of the neoclassical Athens Trilogy located?,,University,Panepistimiou,,,,Geography,,,ΟΚ,,,,,,,
179,Anna Vacalopoulou,Antigoni Klimi,ell_grek,Greece,Σε ποια περιοχή βρίσκεται η Τεχνόπολη του Δήμου Αθηναίων;,Γκάζι,https://gasmuseum.gr/,In which area is the Technopolis of the Municipality of Athens located?,,Gas,Gazi,,,,Geography,,,ΟΚ,,,,,,,
180,Anna Vacalopoulou,Antigoni Klimi,ell_grek,Greece,Ποιος χώρος πρασίνου της Αθήνας ήταν κάποτε ο κήπος των ανακτόρων;,Εθνικός Κήπος,https://www.cityofathens.gr/who/ethnikos-kipos/,Which green space in Athens was once the palace garden?,,National Garden,,,,,Geography,,,ΟΚ,,,,,,,
181,Anna Vacalopoulou,Antigoni Klimi,ell_grek,Greece,Τι σημαίνει το ελληνικό ακρωνύμιο Κ.Ε.Π.;,Κέντρο Εξυπηρέτησης Πολιτών,https://www.kep.gov.gr/,What does the Greek acronym K.E.P. mean?,What does the acronym KEP stand for in Greek?,Citizen Service Center,,,,,Geography,,,ΟΚ,,,,,,,
182,Anna Vacalopoulou,Orfeas Menis Mastromichalakis,ell_grek,Greece,Σε ποια αθηναϊκή συνοικία βρίσκεται το γήπεδο Νήαρ Ηστ;,Στην Καισαριανή,https://el.wikipedia.org/wiki/%CE%91.%CE%9F._%CE%9D%CE%AE%CE%B1%CF%81_%CE%97%CF%83%CF%84_%CE%9A%CE%B1%CE%B9%CF%83%CE%B1%CF%81%CE%B9%CE%B1%CE%BD%CE%AE%CF%82,In which Athenian neighborhood is the Near East stadium located?,,In Kaisariani,,,,,History and politics,,,ΟΚ,,,,,,,
183,Anna Vacalopoulou,Antigoni Klimi,ell_grek,Greece,Ποια ελληνική ομάδα αγωνίζεται στο γήπεδο Αγιά Σοφιά;,ΑΕΚ,https://el.wikipedia.org/wiki/Γήπεδο_Αγιά_Σοφιά,Which Greek team plays at the Agia Sophia stadium?,,AEK,,,,,Leisure,,,ΟΚ,,,,,,,
184,Anna Vacalopoulou,Antigoni Klimi,ell_grek,Greece,Ποιο δάσος της περιοχής του Έβρου καταστράφηκε σε μεγάλο βαθμό από πυρκαγιά το 2023;,Δαδιά,https://www.kathimerini.gr/society/562586725/to-dasos-tis-dadias-den-tha-epanelthei/,Which forest in the Evros region was largely destroyed by fire in 2023?,,Dadia,,,,,Science and Nature,,,ΟΚ,,,,,,,
185,Antigoni Klimi,Dimitra Gkatzelaki,ell_grek,Greece,Ποια δυναστεία συνδέεται με τη λεγόμενη Μακεδονική Αναγέννηση στη βυζαντινή τέχνη;,Η Μακεδονική δυναστεία,https://el.wikipedia.org/wiki/Βυζαντινή_τέχνη,Which dynasty is associated with the so-called Macedonian Renaissance in Byzantine art?,,The Macedonian dynasty,,,,,Arts and Literature,Visual Arts,,ΟΚ,,,,,,,
186,Antigoni Klimi,Anna Vacalopoulou,ell_grek,Greece,"Ποια αυτοκράτειρα του Βυζαντίου αποκατέστησε οριστικά την προσκύνηση των εικόνων το 843, σηματοδοτώντας το τέλος της Εικονομαχίας;",Η Θεοδώρα,https://el.wikipedia.org/wiki/Βυζαντινή_τέχνη,"Which Byzantine empress definitively restored the veneration of icons in 843, marking the end of Iconoclasm?",,Theodora,,,,,Arts and Literature,Visual Arts,,ΟΚ,,,,,,,
187,Antigoni Klimi,Prokopis Prokopidis,ell_grek,Greece,Ποια είναι η πολιούχος της Σίφνου;,Παναγία Χρυσοπηγή,https://el.wikipedia.org/wiki/Σίφνος,Who is the patron saint of Sifnos?,,Panagia Chrysopigi,,,,,Geography,Religion,,ΟΚ,,,,,,,
188,Antigoni Klimi,Anna Vacalopoulou,ell_grek,Greece,Ποιο ελληνικό νησί είναι γνωστό για τη γραφική συνοικία «Μικρή Βενετία»;,Μύκονος,https://el.wikipedia.org/wiki/Μύκονος,"Which Greek island is known for its picturesque ""Little Venice"" district?",,Mykonos,,,,,Geography,Geography,,ΟΚ,,,,,,,
189,Antigoni Klimi,Anna Vacalopoulou,ell_grek,Greece,"Σε ποιο ελληνικό νησί βρίσκεται ένα από τα σημαντικότερα προσκυνήματα της Ορθοδοξίας στην Ελλάδα, ο Ιερός Ναός της Ευαγγελίστριας;",Τήνος,https://el.wikipedia.org/wiki/Τήνος,"On which Greek island is one of the most important Orthodox pilgrimage sites in Greece, the Church of the Annunciation, located?",,Tinos,,,,,Geography,Geography,,ΟΚ,,,,,,,
190,Antigoni Klimi,Anna Vacalopoulou,ell_grek,Greece,Ποιο διάσημο άγαλμα βρέθηκε στη Μήλο το 1820;,Η Αφροδίτη της Μήλου,https://el.wikipedia.org/wiki/Μήλος,Which famous statue was found on Milos in 1820?,,The Aphrodite of Milos,,,,,Arts and Literature,Visual Arts,,ΟΚ,,,,,,,
191,Antigoni Klimi,Anna Vacalopoulou,ell_grek,Greece,Ποιος Έλληνας συγγραφέας της Γενιάς του '30 έγραψε τα μυθιστορήματα «Γιούγκερμαν» και «Η Μεγάλη Χίμαιρα»;,Μ. Καραγάτσης,https://el.wikipedia.org/wiki/Μ._Καραγάτσης,"Which Greek writer of the Generation of the '30s wrote the novels ""Jügerman"" and ""The Great Chimera""?","Which Greek writer of the Generation of the '30s wrote the novels ""Junkermann"" and ""The Great Chimera""?",M. Karagatsis,,,,,Arts and Literature,Geography,,ΟΚ,,,,,,,
192,Antigoni Klimi,Anna Vacalopoulou,ell_grek,Greece,Σε ποιο μουσείο βρίσκεται σήμερα η Αφροδίτη της Μήλου;,Στο Μουσείο του Λούβρου,https://el.wikipedia.org/wiki/Μήλος,In which museum is the Aphrodite of Milos located today?,,At the Louvre Museum,,,,,Arts and Literature,Visual Arts,,ΟΚ,,,,,,,
193,Antigoni Klimi,Anna Vacalopoulou,ell_grek,Greece,Πώς ονομάζεται το γιγάντιο μαρμάρινο μνημείο στην είσοδο του λιμανιού της Νάξου;,Πορτάρα,https://el.wikipedia.org/wiki/Νάξος,What is the name of the giant marble monument at the entrance to the port of Naxos?,,Door,Portara,,,,Arts and Literature,Visual Arts,,ΟΚ,,,,,,,
194,Antigoni Klimi,Anna Vacalopoulou,ell_grek,Greece,Ποιο είναι το μικρότερο συγγενικό όργανο του μπουζουκιού που χρησιμοποιείται στη λαϊκή μουσική;,Μπαγλαμάς,https://el.wikipedia.org/wiki/Μπουζούκι,What is the smallest related instrument to the bouzouki used in folk music?,What is the smaller instrument related to the bouzouki used in folk music?,Baglamas,,,,,Entertainment,Music,,ΟΚ,,,,,,,
195,Antigoni Klimi,Anna Vacalopoulou,ell_grek,Greece,Ποιο είναι το πιο γνωστό ποιητικό έργο του Οδυσσέα Ελύτη που μελοποίησε ο Μίκης Θεοδωράκης;,Άξιον Εστί,https://el.wikipedia.org/wiki/Οδυσσέας_Ελύτης,What is the most famous poetic work by Odysseas Elytis that was set to music by Mikis Theodorakis?,,Is it worth it?,Axion Esti,,,,Arts and Literature,Literature,,ΟΚ,,,,,,,
196,Antigoni Klimi,Anna Vacalopoulou,ell_grek,Greece,Ποιος ήταν ο δεύτερος Έλληνας που τιμήθηκε με Νόμπελ Λογοτεχνίας;,Οδυσσέας Ελύτης,https://el.wikipedia.org/wiki/Οδυσσέας_Ελύτης,Who was the second Greek to be awarded the Nobel Prize in Literature?,,Odysseas Elytis,,,,,Arts and Literature,Literature,,ΟΚ,,,,,,,
197,Antigoni Klimi,,ell_grek,Greece,"Ποιο επικολυρικό ποίημα του Γεράσιμου Μαρκορά, δημοσιευμένο το 1875 και γραμμένο σε ομοιοκατάληκτα δεκαπεντασύλλαβα δίστιχα, αντλεί το θέμα του από την Κρητική Επανάσταση του 1866 και την ανατίναξη της Μονής Αρκαδίου;",Ο όρκος,https://www.greek-language.gr/digitalResources/literature/education/literature_history/search.html?details=61,"Which epic lyric poem by Gerasimos Markoras, published in 1875 and written in homorhyming fifteen-syllable couplets, draws its theme from the Cretan Revolution of 1866 and the blowing up of the Arkadi Monastery?",,The oath,,,,,Arts and Literature,Literature,,ΟΚ,,,,,,,
198,Antigoni Klimi,Nikitas Theodoropoulos,ell_grek,Greece,Ποιος Έλληνας ποιητής έγραψε τα έργα «Επιτάφιος» και «Ρωμιοσύνη»;,Γιάννης Ρίτσος,https://el.wikipedia.org/wiki/Γιάννης_Ρίτσος,"Which Greek poet wrote the works ""Epitaphios"" and ""Romiosini""?",,Yannis Ritsos,,,,,Arts and Literature,Literature,,ΟΚ,,,,,,,
199,Antigoni Klimi,,ell_grek,Greece,"Ποια ζωγράφος, η ζωή της οποίας ανασυντίθεται στο μυθιστόρημα της Ρέας Γαλανάκη «Ελένη ή ο Κανένας», παρουσιάζεται ως μορφή που κινείται ανάμεσα στον δημόσιο μύθο και στην προσωπική μυθιστορηματική ανασύστασή της;",Ελένη Αλταμούρα-Μπούκουρα,https://el.wikipedia.org/wiki/Ελένη_Μπούκουρα-Αλταμούρα,"Which painter, whose life is reconstructed in Rhea Galanaki's novel ""Eleni or Nobody"", is presented as a figure who moves between public myth and her personal fictional reconstruction?",,Eleni Altamura-Boukouras,Eleni Altamura Boukoura,,,,Arts and Literature,Mythology,,ΟΚ,,,,,,,
200,Antigoni Klimi,,ell_grek,Greece,"Ποιο έργο του νεότερου αδελφού του Αλέξανδρου Σούτσου θεωρείται το πρώτο μυθιστόρημα του νεοελληνικού κράτους, καθώς τα εμπόδια στην έκδοση του «Εξόριστου» του στέρησαν αυτή την πρωτιά;",Λέανδρος,https://el.wikipedia.org/wiki/Ο_Λέανδρος,"Which work by the younger brother of Alexandros Soutsos is considered the first novel of the modern Greek state, as the obstacles to the publication of ""Exoristos"" deprived him of this first place?",,Leander,Leandros,,,,Arts and Literature,Mythology,,ΟΚ,,,,,,,
201,Antigoni Klimi,Anna Vacalopoulou,ell_grek,Greece,Ποια πόλη της Χαλκιδικής είναι η γενέτειρα του Αριστοτέλη;,Στάγειρα,https://el.wikipedia.org/wiki/Χαλκιδική,Which city in Halkidiki is the birthplace of Aristotle?,Which town in Chalkidiki was the birthplace of Aristotle?,Stagira,,,,,History and politics,History,,ΟΚ,,,,,,,
202,Antigoni Klimi,Anna Vacalopoulou,ell_grek,Greece,"Ποια μορφή λαϊκής ποίησης συνοδεύει παραδοσιακά τους Κρητικούς σε γάμους, γλέντια και καντάδες;",Μαντινάδα,https://el.wikipedia.org/wiki/Μαντινάδα,"What form of folk poetry traditionally accompanies Cretans at weddings, feasts and cantatas?","What form of folk poetry traditionally accompanies Cretans at weddings, feasts and serenades?",Mantinada,,,,,Arts and Literature,Tradition,,ΟΚ,,,,,,,
203,Antigoni Klimi,Anna Vacalopoulou,ell_grek,Greece,Ποιο λογοτεχνικό έργο του Βιτσέντζου Κορνάρου θεωρείται κορυφαίο δημιούργημα της Κρητικής Αναγέννησης;,Ερωτόκριτος,https://el.wikipedia.org/wiki/Κρήτη,Which literary work by Vitsentzos Kornaros is considered the leading creation of the Cretan Renaissance?,,Erotokritos,,,,,Arts and Literature,Literature,,ΟΚ,,,,,,,
204,Antigoni Klimi,Anna Vacalopoulou,ell_grek,Greece,Ποιο μινωικό ανάκτορο ανέσκαψε συστηματικά ο Άρθουρ Έβανς στις αρχές του 20ού αιώνα;,Κνωσός,https://el.wikipedia.org/wiki/Κνωσός,Which Minoan palace did Arthur Evans systematically excavate in the early 20th century?,,Knossos,,,,,History and politics,History,,ΟΚ,,,,,,,
205,Antigoni Klimi,Anna Vacalopoulou,ell_grek,Greece,Ποιος γλύπτης θεωρείται υπεύθυνος για τον γλυπτό διάκοσμο του Παρθενώνα;,Φειδίας,https://el.wikipedia.org/wiki/Παρθενώνας,Which sculptor is considered responsible for the sculptural decoration of the Parthenon?,,Phidias,,,,,History and politics,History,,ΟΚ,,,,,,,
206,Antigoni Klimi,Anna Vacalopoulou,ell_grek,Greece,Ποιο ποτό παρασκευάστηκε για πρώτη φορά στην Ελλάδα από τα εργοστάσια που ίδρυσαν Βαυαροί τη δεκαετία του 1840;,Μπίρα,https://www.estiator.com/η-ιστορία-της-μπύρας-στην-ελλάδα/,Which drink was first produced in Greece by factories founded by Bavarians in the 1840s?,,Beer,,,,,History and politics,Industry,,ΟΚ,,,,,,,
207,Prokopis Prokopidis,Anna Vacalopoulou,ell_grek,Greece,"Το 1870 ιδρύεται στο Πλωμάρι της Λέσβου μια σαπωνοβιομηχανία που αργότερα έγινε γνωστή για το σαπούνι της με σήμα το ""καραβάκι"". Πώς ονομάζεται;",Παπουτσάνης,https://www.papoutsanis.gr/el/poioi-eimaste-2/istoria-mas_129035/,"In 1870, a soap factory was founded in Plomari, Lesvos, which later became known for its soap with the ""boat"" brand. What is it called?",,Papoutsanis,,,,,History and politics,,,ΟΚ,,,,,,,
208,Prokopis Prokopidis,Antigoni Klimi,ell_grek,Greece,Τη δεκαετία του 1870 η Ελλάδα βιώνει την πρώτη κατάρρευση μετοχών βιομηχανίας. Με ποιο όνομα έμεινε στην ιστορία το σκάνδαλο που ακολούθησε;,Λαυρεωτικά,https://el.wikipedia.org/wiki/Λαυρεωτικό_ζήτημα,"In the 1870s, Greece experienced its first industrial stock crash. What name did the scandal that followed go down in history?","In the 1870s, Greece experienced its first industrial stock crash. By what name did the scandal that followed go down in history?",Laureates,The Lavreotika,Antigoni Klimi,,,History and politics,,,ΟΚ,,,,,,,
209,Prokopis Prokopidis,Anna Vacalopoulou,ell_grek,Greece,Με ποια ονομασία έγινε διεθνώς γνωστή η κονιακοποιία που ιδρύθηκε στον Πειραιά το 1888;,METAXA,https://mlp-blo-g-spot.blogspot.com/2013/06/blog-post_14.html,By what name did the brandy factory founded in Piraeus in 1888 become internationally known?,,METAXA,,,,,History and politics,,,ΟΚ,,,,,,,
210,Prokopis Prokopidis,Anna Vacalopoulou,ell_grek,Greece,Το 2002 μια ελληνική πολυεθνική τσιμεντοβιομηχανία γιόρτασε τα 100 χρόνια από την ίδρυσή της. Πώς ονομάζεται;,TITAN,https://el.wikipedia.org/wiki/Τσιμέντα_ΤΙΤΑΝ,"In 2002, a Greek multinational cement company celebrated its 100th anniversary. What is its name?",,TITAN,,,,,History and politics,,,ΟΚ,,,,,,,
211,Prokopis Prokopidis,Anna Vacalopoulou,ell_grek,Greece,Τη δεκαετία του 1930 ξεκινά η παραγωγή μπισκότων πτι-μπερ στην Ελλάδα. Πώς ονομάζεται η βιομηχανία που τα κατασκεύασε;,Παπαδοπούλου,https://el.wikipedia.org/wiki/Παπαδόπουλος_Α.Ε.,The production of petit fours cookies began in Greece in the 1930s. What is the name of the industry that manufactured them?,"In the 1930s, the production of petit beurs began in Greece. What was the name of the industry that manufactured them?",Papadopoulou,,,,,History and politics,,,ΟΚ,,,,,,,
212,Prokopis Prokopidis,Antigoni Klimi,ell_grek,Greece,Με ποια λίμνη συνδέθηκε η Λίμνη Μαραθώνα το 1959 για να καλύψει τις ανάγκες υδροδότησης της Αθήνας;,Λίμνη Υλίκη,https://el.wikipedia.org/wiki/Λίμνη_Μαραθώνα,Which lake was Lake Marathon connected to in 1959 to meet the water supply needs of Athens?,,Lake Yliki,,,,,Geography,,,ΟΚ,,,,,,,
213,Prokopis Prokopidis,Nikitas Theodoropoulos,ell_grek,Greece,Πώς ονομάζεται ο οικισμός που δημιουργήθηκε τη δεκαετία του 1960 για τη στέγαση των εργαζομένων της Αλουμίνιον της Ελλάδος;,Άσπρα Σπίτια,https://el.wikipedia.org/wiki/Άσπρα_Σπίτια_Βοιωτίας,What is the name of the settlement that was created in the 1960s to house the workers of Aluminum of Greece?,What is the name of the settlement that was created in the 1960s to house the workers of Aluminium of Greece?,White Houses,Aspra Spitia,,,,Geography,,,ΟΚ,,,,,,,
214,Prokopis Prokopidis,Anna Vacalopoulou,ell_grek,Greece,Σε ποιο ερευνητικό κέντρο τέθηκε σε λειτουργία ο πρώτος πυρηνικός αντιδραστήρας της Ελλάδας;,ΕΚΕΦΕ Δημόκριτος,https://inrastes.demokritos.gr/el/laboratories/ergastirio-erevnitikou-pyrinikou-antidrastira/,At which research center was Greece's first nuclear reactor put into operation?,,NCSR Demokritos,,,,,History and politics,,,ΟΚ,,,,,,,
215,Prokopis Prokopidis,Anna Vacalopoulou,ell_grek,Greece,Πώς ονομαζόταν η πρώτη πιστωτική κάρτα που κυκλοφόρησε από ελληνική τράπεζα στις αρχές της δεκαετίας του 1970;,ΕΘΝΟΚΑΡΤΑ,https://publishing.gr/2019/09/17/ethniki-trapeza-mia-istoria-ena-onoma-mia-trapeza/,What was the name of the first credit card issued by a Greek bank in the early 1970s?,,ETHNOCARTA,,,,,History and politics,,,ΟΚ,,,,,,,
216,Prokopis Prokopidis,Antigoni Klimi,ell_grek,Greece,"Με τη λειτουργία της το 2004, η γέφυρα Χαρίλαος Τρικούπης συντόμευσε τη διαδρομή Αθήνα-Ιωάννινα κατά 3 ώρες τουλάχιστον. Τι τύπου γέφυρα είναι;",Καλωδιωτή,https://el.wikipedia.org/wiki/Γέφυρα_Ρίου-Αντιρρίου,"When it opened in 2004, the Charilaos Trikoupis Bridge shortened the Athens-Ioannina route by at least 3 hours. What type of bridge is it?",,Cableman,Cable-stayed,,,,Science and Nature,,,ΟΚ,,,,,,,
217,Prokopis Prokopidis,Antigoni Klimi,ell_grek,Greece,Τη δεκαετία του 1970 το εμφιαλωμένο κρασί Κουρτάκη ήταν συνώνυμο της ρετσίνας στην Αττική. Ποιο αντίστοιχο κρασί καταναλώνεται ως επί το πλείστον στη Μακεδονία;,Μαλαματίνα,https://en.wikipedia.org/wiki/Retsina,"In the 1970s, bottled Kourtakis wine was synonymous with retsina in Attica. What similar wine is mostly consumed in Macedonia?",,Malamatina,,,,,History and politics,,,ΟΚ,,,,,,,
218,Prokopis Prokopidis,Anna Vacalopoulou,ell_grek,Greece,"Ποιο οικονομικό σχέδιο συνέβαλε στην άνθηση της ελληνικής βιομηχανίας τη δεκαετία του 1950, παρέχοντας πόρους για ανανέωση εξοπλισμού και ίδρυση νέων μονάδων παραγωγής;",Σχέδιο Μάρσαλ,https://el.wikipedia.org/wiki/Σχέδιο_Μάρσαλ,"Which economic plan contributed to the boom of Greek industry in the 1950s, providing resources for equipment renewal and the establishment of new production units?",,Marshall Plan,,,,,History and politics,,,ΟΚ,,,,,,,
219,Prokopis Prokopidis,Anna Vacalopoulou,ell_grek,Greece,Ποιος Έλληνας πολιτικός ίδρυσε το Κόμμα Φιλελευθέρων το 1910;,Ελευθέριος Βενιζέλος,https://el.wikipedia.org/wiki/Ελευθέριος_Βενιζέλος,Which Greek politician founded the Liberal Party in 1910?,,Eleftherios Venizelos,,,,,History and politics,,,ΟΚ,,,,,,,
220,Antigoni Klimi,Nikitas Theodoropoulos,ell_grek,Greece,Ποιος βασιλιάς της Ελλάδας επέστρεψε στον θρόνο μετά το δημοψήφισμα του 1935;,Γεώργιος Β΄,https://el.wikipedia.org/wiki/Γεώργιος_Β΄_της_Ελλάδας,Which king of Greece returned to the throne after the 1935 referendum?,,George II,,,,,History and politics,History,,ΟΚ,,,,,,,
221,Antigoni Klimi,Anna Vacalopoulou,ell_grek,Greece,"Ποιος Έλληνας λογοτέχνης γεννήθηκε και έζησε στη Σκιάθο, όπου σήμερα λειτουργεί το σπίτι-μουσείο του;",Αλέξανδρος Παπαδιαμάντης,https://el.wikipedia.org/wiki/Σκιάθος,"Which Greek writer was born and lived in Skiathos, where his house-museum operates today?",,Alexandros Papadiamantis,,,,,Arts and Literature,Literature,,ΟΚ,,,,,,,
222,Antigoni Klimi,Anna Vacalopoulou,ell_grek,Greece,Ποιος Έλληνας ποιητής έγραψε τα ποιήματα «Ιθάκη» και «Περιμένοντας τους βαρβάρους»;,Κωνσταντίνος Καβάφης,https://el.wikipedia.org/wiki/Κωνσταντίνος_Καβάφης,"Which Greek poet wrote the poems ""Ithaca"" and ""Waiting for the Barbarians""?",,Constantine Cavafy,,,,,Arts and Literature,Literature,,ΟΚ,,,,,,,
223,Antigoni Klimi,Anna Vacalopoulou,ell_grek,Greece,Ποιος πορθμός χωρίζει την Κωνσταντινούπολη σε ευρωπαϊκό και ασιατικό τμήμα;,Βόσπορος,https://el.wikipedia.org/wiki/Κωνσταντινούπολη,Which strait divides Istanbul into European and Asian parts?,,Bosporus,,,,,Geography,Geography,,ΟΚ,,,,,,,
224,Antigoni Klimi,,ell_grek,Greece,"Ποιο έργο της Διδώς Σωτηρίου, μυθιστορηματική βιογραφία μιας αγωνίστριας, εκδόθηκε ανάμεσα στα μυθιστορήματα «Οι νεκροί περιμένουν» και «Ματωμένα Χώματα»;",Ηλέκτρα,https://www.greek-language.gr/digitalResources/literature/education/literature_history/search.html?details=80,"Which work by Dido Sotiriou, a fictional biography of a fighter, was published between the novels ""The Dead Are Waiting"" and ""Bloody Soils""?",,Electra,,,,,Arts and Literature,History,,ΟΚ,,,,,,,
225,Antigoni Klimi,Anna Vacalopoulou,ell_grek,Greece,Ποιος Έλληνας πολιτικός είχε οραματιστεί τη δημιουργία γέφυρας στο στενό Ρίου–Αντιρρίου ήδη από τον 19ο αιώνα;,Χαρίλαος Τρικούπης,https://el.wikipedia.org/wiki/Γέφυρα_Ρίου-Αντιρρίου,Which Greek politician had envisioned the creation of a bridge across the Rio-Antirio Strait as early as the 19th century?,,Charilaos Trikoupis,,,,,History and politics,History,,ΟΚ,,,,,,,
226,Antigoni Klimi,Anna Vacalopoulou,ell_grek,Greece,Ποιος αρχαιολόγος αποκάλυψε το ανάκτορο της Κνωσού στις αρχές του 20ού αιώνα;,Άρθουρ Έβανς,https://el.wikipedia.org/wiki/Κνωσός,Which archaeologist uncovered the palace of Knossos in the early 20th century?,,Arthur Evans,,,,,Geography,History,,ΟΚ,,,,,,,
227,Antigoni Klimi,Anna Vacalopoulou,ell_grek,Greece,Ποια συνοικία της Αθήνας είναι γνωστή με το προσωνύμιο «Συνοικία των Θεών»;,Πλάκα,https://el.wikipedia.org/wiki/Πλάκα,"Which district of Athens is known by the nickname ""Neighborhood of the Gods""?",,Plaka,,,,,Geography,Geography,,ΟΚ,,,,,,,
228,Antigoni Klimi,Nikitas Theodoropoulos,ell_grek,Greece,Ποια μοναστική κοινότητα της Ελλάδας αναγνωρίζεται ως η δεύτερη σημαντικότερη μετά το Άγιο Όρος;,Μετέωρα,https://el.wikipedia.org/wiki/Μετέωρα,Which monastic community in Greece is recognized as the second most important after Mount Athos?,,Meteora,,,,,Geography,Religion,,ΟΚ,,,,,,,
229,Antigoni Klimi,Anna Vacalopoulou,ell_grek,Greece,Σε ποιο ελληνικό νησί βρίσκεται ο ναύσταθμος της Σούδας;,Κρήτη,https://hellenicnavy.gr/dioikisi-dioikitikis-merimnas-ddmn/naystathmos-kritis/,On which Greek island is the Souda naval base located?,,Crete,,,,,Geography,Geography,,ΟΚ,,,,,,,
230,Anna Vacalopoulou,Antigoni Klimi,ell_grek,Greece,"Σε ποιο νησί του νομού Έβρου βρίσκεται η Γριά Βάθρα, που μοιάζει με φυσική πισίνα;",Σαμοθράκη,https://mythotopia.eu/?p=poi&id=781,"On which island in the prefecture of Evros is Gria Vathra, which resembles a natural swimming pool?",,Samothrace,,,,,Geography,Geography,,ΟΚ,,,,,,,
231,Anna Vacalopoulou,Antigoni Klimi,ell_grek,Greece,"Πώς ονομαζόταν η αρχαία οδός που ξεκινούσε από την Ιλλυρία και, διασχίζοντας τη Μακεδονία και τη Θράκη, κατέληγε στην Κωνσταντινούπολη;",Εγνατία,https://mythotopia.eu/?p=poi&id=1293,"What was the name of the ancient road that started in Illyria and, crossing Macedonia and Thrace, ended in Constantinople?",,Egnatia,,,,,History and politics,,,ΟΚ,,,,,,,
232,Anna Vacalopoulou,Antigoni Klimi,ell_grek,Greece,Ποιο σημείο της Αθήνας είναι το μοναδικό μέρος στον κόσμο όπου φυτρώνει το αγριολούλουδο μικρομέρια;,Ακρόπολη,https://el.wikipedia.org/wiki/%CE%9C%CE%B9%CE%BA%CF%81%CE%BF%CE%BC%CE%AD%CF%81%CE%B9%CE%B1_%CF%84%CE%B7%CF%82_%CE%91%CE%BA%CF%81%CF%8C%CF%80%CE%BF%CE%BB%CE%B7%CF%82,Which part of Athens is the only place in the world where the wildflower micromeria grows?,,Acropolis,,,,,Science and Nature,,,ΟΚ,,,,,,,
233,Anna Vacalopoulou,Antigoni Klimi,ell_grek,Greece,Σε ποια νησιωτική πόλη της Ελλάδας βρίσκεται η Λίμνη Βουλισμένη;,Άγιος Νικόλαος,https://el.wikipedia.org/wiki/%CE%9B%CE%AF%CE%BC%CE%BD%CE%B7_%CE%92%CE%BF%CF%85%CE%BB%CE%B9%CF%83%CE%BC%CE%AD%CE%BD%CE%B7,In which island city in Greece is Lake Voulismeni located?,,Agios Nikolaos,,,,,Geography,,,ΟΚ,,,,,,,
234,Anna Vacalopoulou,Antigoni Klimi,ell_grek,Greece,"Ποιο ελληνικό φαγητό αποτελεί θέμα εννοιολογικής διαμάχης, έχοντας άλλη ονομασία στη βόρεια και άλλη στη νότια Ελλάδα;",Σουβλάκι,https://el.wikipedia.org/wiki/%CE%A3%CE%BF%CF%85%CE%B2%CE%BB%CE%AC%CE%BA%CE%B9,"Which Greek food is a subject of conceptual controversy, having one name in northern and another in southern Greece?",,Souvlaki,,,,,Leisure,,,ΟΚ,,,,,,,
235,Anna Vacalopoulou,Antigoni Klimi,ell_grek,Greece,Με ποια ονομασία είναι γνωστό το αεροδρόμιο του Ηρακλείου στην Κρήτη;,Νίκος Καζαντζάκης,http://www.ypa.gr/our-airports/kratikos-aerolimenas-hrakleioy-n-kazantzakhs,What is the name of Heraklion airport in Crete?,,Nikos Kazantzakis,,,,,Geography,,,ΟΚ,,,,,,,
236,Anna Vacalopoulou,Antigoni Klimi,ell_grek,Greece,"Σε ποιον δρόμο της Αθήνας βρισκόταν η ιστορική Ελιά του Πλάτωνα που, σύμφωνα με τον θρύλο, ήταν ιδιοκτησία του αρχαίου φιλοσόφου;",Ιερά Οδός,https://el.wikipedia.org/wiki/%CE%95%CE%BB%CE%B9%CE%AC_%CF%84%CE%BF%CF%85_%CE%A0%CE%BB%CE%AC%CF%84%CF%89%CE%BD%CE%B1,"On which street in Athens was the historic Olive Tree of Plato located, which, according to legend, was the property of the ancient philosopher?",,Holy Street,Iera Odos,,,,Geography,,,ΟΚ,,,,,,,
237,Anna Vacalopoulou,Antigoni Klimi,ell_grek,Greece,Σε ποιο ελληνικό νησί βρίσκεται το μουσείο Καποδίστρια;,Κέρκυρα,https://www.capodistriasmuseum.gr/persons/ioannis-kapodistrias/,On which Greek island is the Kapodistrias Museum located?,,Corfu,,,,,Geography,,,ΟΚ,,,,,,,
238,Anna Vacalopoulou,Nikitas Theodoropoulos,ell_grek,Greece,Σε ποιον θεό ήταν αφιερωμένος ο αρχαίος ναός της Αθήνας που είναι γνωστός με το όνομα Θησείο;,Ήφαιστος,http://odysseus.culture.gr/h/2/gh251.jsp?obj_id=6621,To which god was the ancient temple of Athens known as Theseus dedicated?,To which god was the ancient temple of Athens known as Thiseio dedicated?,Hephaestus,,,,,Arts and Literature,,,ΟΚ,,,,,,,
239,Anna Vacalopoulou,Antigoni Klimi,ell_grek,Greece,"Σε ποια ελληνική επιχείρηση καφέ ανήκει το σλόγκαν ""Αυτός είναι καφές"";",Bravo,https://popaganda.gr/citylife/kafekoptio-mokka/,"Which Greek coffee company owns the slogan ""This is coffee""?",,Bravo,,,,,Leisure,,,ΟΚ,,,,,,,
240,Anna Vacalopoulou,Antigoni Klimi,ell_grek,Greece,"Από ποια χώρα ξεκινά ο ποταμός Νέστος, που εκβάλλει στο Θρακικό Πέλαγος;",Βουλγαρία,https://www.kathimerini.gr/k/travel/563912374/nestos-o-zontanos-potamos-tis-thrakis/,"In which country does the Nestos River begin, flowing into the Thracian Sea?",,Bulgaria,,,,,Geography,,,ΟΚ,,,,,,,
241,Anna Vacalopoulou,Nikitas Theodoropoulos,ell_grek,Greece,"Από ποιο πτηνό πήραν το όνομα ""αλκυονίδες"" οι ηλιόλουστες μέρες του Ιανουαρίου;",Αλκυόνη,https://mythotopia.eu/?p=poi&id=1102,"From which bird did the sunny days of January get their name ""halcyon""?",,Alcyone,Kingfisher,,,,Science and Nature,,,ΟΚ,,,,,,,
242,Anna Vacalopoulou,Nikitas Theodoropoulos,ell_grek,Greece,Σε ποιο ελληνικό θρησκευτικό έθιμο εκτελείται πυροβασία;,Αναστενάρια,https://mythotopia.eu/?p=poi&id=499,In which Greek religious custom is firewalking performed?,,Anastenaria,,,,,Arts and Literature,,,ΟΚ,,,,,,,
243,Anna Vacalopoulou,Antigoni Klimi,ell_grek,Greece,Από τι είναι φτιαγμένο το ρολόι που αποτελεί τοπόσημο της πόλης της Πάτρας;,Λουλούδια,https://e-patras.gr/el/anthise-kai-pali-anthino-roloi-toposimo-tis-plateias-trion-symmahon-tha-anthizei-olo-hrono,What is the clock that is a landmark of the city of Patras made of?,,Flowers,,,,,Geography,,,ΟΚ,,,,,,,
244,Anna Vacalopoulou,Prokopis Prokopidis,ell_grek,Greece,Ποιο δημόσιο ανώτατο εκπαιδευτικό ίδρυμα έχει εγκαταστάσεις στην πόλη της Μυτιλήνης;,Πανεπιστήμιο Αιγαίου,https://www.aegean.gr/,Which public higher education institution has facilities in the city of Mytilene?,,University of the Aegean,,,,,Geography,,,ΟΚ,,,,,,,
245,Anna Vacalopoulou,Prokopis Prokopidis,ell_grek,Greece,"Ποιος σκηνοθέτησε τη σπονδυλωτή ελληνική ταινία ""Όλα είναι δρόμος"" του 1998 με τον Θανάση Βέγγο και τον Γιώργο Αρμένη;",Παντελής Βούλγαρης,https://web.archive.org/web/20160427135742/http://www.tainiothiki.gr/v2/filmography/view/1/1656,"Who directed the modular Greek film ""Everything is a Road"" from 1998 starring Thanasis Vengos and Giorgos Armenis?","Who directed the modular Greek film ""It's a Long Road"" from 1998 starring Thanasis Vengos and Giorgos Armenis?",Pantelis Voulgaris,,,,,Arts and Literature,,,ΟΚ,,,,,,,
246,Antigoni Klimi,Anna Vacalopoulou,ell_grek,Greece,Ποιο ελληνικό έδεσμα αποτελείται συνήθως από τηγανητό ή ψητό τυρί και σερβίρεται ως μεζές;,Σαγανάκι,https://el.wikipedia.org/wiki/Σαγανάκι,Which Greek dish usually consists of fried or grilled cheese and is served as an appetizer?,,Saganaki,,,,,Leisure,Cuisine,,ΟΚ,,,,,,,
247,Antigoni Klimi,Anna Vacalopoulou,ell_grek,Greece,Ποια παραδοσιακή κρητική σαλάτα παρασκευάζεται πάνω σε κριθαρένιο παξιμάδι;,Ντάκος,https://el.wikipedia.org/wiki/Ντάκος,Which traditional Cretan salad is prepared on barley rusk?,,Dakos,,,,,Leisure,Cuisine,,ΟΚ,,,,,,,
248,Antigoni Klimi,,ell_grek,Greece,Ποιο είναι το πρώτο σωζόμενο έργο του Δομήνικου Θεοτοκόπουλου που φέρει την υπογραφή του;,Η κοίμηση της Θεοτόκου,https://el.wikipedia.org/wiki/Δομήνικος_Θεοτοκόπουλος,What is the first surviving work by Domenikos Theotokopoulos that bears his signature?,,The Assumption of the Virgin Mary,,,,,Arts and Literature,Language,,ΟΚ,,,,,,,
249,Antigoni Klimi,,ell_grek,Greece,Ποιος πίνακας του Νικόλαου Γύζη απεικονίζει μια γνωστή αφήγηση της ελληνικής ιστορίας της Τουρκοκρατίας;,Το κρυφό σχολειό,https://el.wikipedia.org/wiki/Νικόλαος_Γύζης,Which painting by Nikolaos Gyzis depicts a well-known narrative of Greek history during the Ottoman Empire?,,The secret school,,,,,Arts and Literature,Language,,ΟΚ,,,,,,,
250,Anna Vacalopoulou,Antigoni Klimi,ell_grek,Greece,"Ποιο δέντρο έχει αποτυπωθεί στην ελληνική παράδοση ως παράδειγμα πρόωρης άνθισης, καθώς βγάζει τα άνθη του μέσα στον χειμώνα;",Αμυγδαλιά,https://hellasjournal.com/2022/02/treli-amigdalia-p-anthizis-to-chimona-dila-dila-xana-proti-dini-ta-louloudia-tis/,"Which tree has been depicted in Greek tradition as an example of early flowering, as it produces its flowers in the middle of winter?",,Almond tree,,,,,Science and Nature,,,ΟΚ,,,,,,,
251,Anna Vacalopoulou,Antigoni Klimi,ell_grek,Greece,Ποια δεκαετία αποποινικοποιήθηκε η μοιχεία στην Ελλάδα;,1980,https://el.wikipedia.org/wiki/%CE%9C%CE%BF%CE%B9%CF%87%CE%B5%CE%AF%CE%B1,In which decade was adultery decriminalized in Greece?,,1980,,,,,History and politics,,,ΟΚ,,,,,,,
252,Anna Vacalopoulou,Antigoni Klimi,ell_grek,Greece,Ποιο νησί του Αργοσαρωνικού είναι γνωστό για την παραγωγή φιστικιών;,Αίγινα,https://www.greekgastronomyguide.gr/item/fistiki-aigina/,Which island in the Saronic Gulf is known for its pistachio production?,,Aegina,,,,,Geography,,,ΟΚ,,,,,,,
253,Anna Vacalopoulou,Antigoni Klimi,ell_grek,Greece,"Ποια περιοχή της Πελοποννήσου είναι γνωστή για το παστό χοιρινό κρέας που ονομάζεται ""σύγκλινο"";",Μάνη,https://www.greekgastronomyguide.gr/to-sygklino-tis-manis/,"Which region of the Peloponnese is known for the cured pork called ""syglino""?",,Mani,,,,,Geography,,,ΟΚ,,,,,,,
254,Anna Vacalopoulou,Antigoni Klimi,ell_grek,Greece,Ποιο νησί του Ιονίου Πελάγους είναι γνωστό για το σαλάμι του;,Λευκάδα,https://www.greekgastronomyguide.gr/item/salami-lefkados-lefkada/,Which island in the Ionian Sea is known for its salami?,,Lefkada,,,,,Geography,,,ΟΚ,,,,,,,
255,Anna Vacalopoulou,Antigoni Klimi,ell_grek,Greece,"Σε ποια αρχαία πόλη της Ανατολικής Μακεδονίας, που ανήκει διοικητικά στην Καβάλα, υπήρχε θέατρο που διατηρείται μέχρι τη σημερινή εποχή;",Φίλιπποι,https://mythotopia.eu/?p=poi&id=1406,"In which ancient city of Eastern Macedonia, which administratively belongs to Kavala, was there a theater that has survived to this day?",,Philippi,,,,,Geography,,,ΟΚ,,,,,,,
256,Nikitas Theodoropoulos,Orfeas Menis Mastromichalakis,ell_grek,Greece,"Ποιος διακεκριμένος Έλληνας γλύπτης με καταγωγή από την Τήνο, φιλοτέχνησε την Κοιμωμένη στο Α΄ Νεκροταφείο Αθηνών;
",Ο Γιαννούλης Χαλεπάς,https://el.wikipedia.org/wiki/%CE%93%CE%B9%CE%B1%CE%BD%CE%BD%CE%BF%CF%8D%CE%BB%CE%B7%CF%82_%CE%A7%CE%B1%CE%BB%CE%B5%CF%80%CE%AC%CF%82,"Which distinguished Greek sculptor, originally from Tinos, sculpted the Sleeping Beauty in the First Cemetery of Athens?
",,Giannoulis Chalepas,,,,,Arts and Literature,,,ΟΚ,,,,,,,
257,Dimitra Gkatzelaki,Prokopis Prokopidis,ell_grek,Greece,"Πώς λεγόταν το γλυπτό με το οποίο ο Κωνσταντίνος Δημητριάδης κατέκτησε το χρυσό μετάλλιο στους Ολυμπιακούς Αγώνες του 1924, στη γλυπτική;",Ο δισκοβόλος,https://el.wikipedia.org/wiki/%CE%9A%CF%89%CE%BD%CF%83%CF%84%CE%B1%CE%BD%CF%84%CE%AF%CE%BD%CE%BF%CF%82_%CE%94%CE%B7%CE%BC%CE%B7%CF%84%CF%81%CE%B9%CE%AC%CE%B4%CE%B7%CF%82_(%CE%B3%CE%BB%CF%8D%CF%80%CF%84%CE%B7%CF%82),What was the name of the sculpture with which Konstantinos Dimitriadis won the gold medal in sculpture at the 1924 Olympic Games?,,The discus thrower,,,,,Arts and Literature,Visual Arts,,ΟΚ,,,,,,,
258,Dimitra Gkatzelaki,Antigoni Klimi,ell_grek,Greece,"Ποιος Έλληνας αθλητής στίβου κέρδισε το χρυσό μετάλλιο στους Ολυμπιακούς Αγώνες του 2000, στο αγώνισμα των 200 μέτρων;",Ο Κώστας Κεντέρης,https://el.wikipedia.org/wiki/%CE%9A%CF%8E%CF%83%CF%84%CE%B1%CF%82_%CE%9A%CE%B5%CE%BD%CF%84%CE%AD%CF%81%CE%B7%CF%82,"Which Greek track and field athlete won the gold medal at the 2000 Olympic Games, in the 200-meter event?",,Kostas Kenteris,,,,,Leisure,Sports,,ΟΚ,,,,,,,
259,Dimitra Gkatzelaki,Antigoni Klimi,ell_grek,Greece,Ποια Ελληνίδα ηθοποιός έχει δώσει τη φωνή της σε ηρωίδες της Disney όπως η Σταχτοπούτα και η Γουέντυ;,Η Άριελ Κωνσταντινίδη,https://www.greekdubdb.com/person?id=49,Which Greek actress has given her voice to Disney heroines like Cinderella and Wendy?,,Ariel Konstantinidis,,,,,Entertainment,Cinema,,ΟΚ,,,,,,,
260,Dimitra Gkatzelaki,Prokopis Prokopidis,ell_grek,Greece,Ποια ελληνική λευκή ποικιλία κρασιού καλλιεργείται κυρίως στις Κυκλάδες;,Ασύρτικο,https://el.wikipedia.org/wiki/%CE%95%CE%BB%CE%BB%CE%B7%CE%BD%CE%B9%CE%BA%CF%8C%CF%82_%CE%BF%CE%AF%CE%BD%CE%BF%CF%82,Which Greek white wine variety is mainly grown in the Cyclades?,,Assyrtiko,,,,,Geography,Cuisine,,ΟΚ,,,,,,,
261,Dimitra Gkatzelaki,Nikitas Theodoropoulos,ell_grek,Greece,"Πώς ονομάζεται το παραδοσιακό γλυκό κρασί της Σαντορίνης, το οποίο έχει σκούρο μπρούτζινο χρώμα;",Βινσάντο Σαντορίνης,https://el.wikipedia.org/wiki/%CE%92%CE%B9%CE%BD%CF%83%CE%AC%CE%BD%CF%84%CE%BF_%CE%A3%CE%B1%CE%BD%CF%84%CE%BF%CF%81%CE%AF%CE%BD%CE%B7%CF%82,"What is the name of the traditional sweet wine of Santorini, which has a dark bronze color?",,Vinsanto Santorini,Vincento of Santorini,Dimitra Gkatzelaki,,,Geography,Cuisine,,ΟΚ,,,,,,,
262,Dimitra Gkatzelaki,Antigoni Klimi,ell_grek,Greece,"Τι είδους πτηνό ήταν ο Πέτρος, η μασκότ της Μυκόνου ως τον θάνατό του, το 1985;",Πελεκάνος,https://el.wikipedia.org/wiki/%CE%A0%CE%AD%CF%84%CF%81%CE%BF%CF%82_%CE%BF_%CF%80%CE%B5%CE%BB%CE%B5%CE%BA%CE%AC%CE%BD%CE%BF%CF%82,"What kind of bird was Petros, the mascot of Mykonos until his death in 1985?",,Pelican,,,,,Science and Nature,Tradition,,ΟΚ,,,,,,,
263,Dimitra Gkatzelaki,Prokopis Prokopidis,ell_grek,Greece,Ποιο αποτελεί το γνωστότερο έργο του Έλληνα λογοτέχνη Ανδρέα Καρκαβίτσα;,Ο ζητιάνος,https://el.wikipedia.org/wiki/%CE%91%CE%BD%CE%B4%CF%81%CE%AD%CE%B1%CF%82_%CE%9A%CE%B1%CF%81%CE%BA%CE%B1%CE%B2%CE%AF%CF%84%CF%83%CE%B1%CF%82,What is the most famous work of Greek writer Andreas Karkavits?,What is the most famous work of Greek writer Andreas Karkavitsas?,The beggar,,,,,Arts and Literature,Literature,,ΟΚ,,,,,,,
264,Dimitra Gkatzelaki,Antigoni Klimi,ell_grek,Greece,Σε ποια ελληνική τηλεοπτική σειρά του 2022 συναντάμε τον Χριστόφορο Παπακαλιάτη στον ρόλο του Ορέστη;,Μαέστρο,https://el.wikipedia.org/wiki/Maestro_(%CF%84%CE%B7%CE%BB%CE%B5%CE%BF%CF%80%CF%84%CE%B9%CE%BA%CE%AE_%CF%83%CE%B5%CE%B9%CF%81%CE%AC),In which Greek television series of 2022 do we meet Christoforos Papakaliatis in the role of Orestes?,In which 2022 Greek TV series does Christoforos Papakaliatis play the role of Orestis?,Maestro,,Dimitra Gkatzelaki/ Antigoni Klimi,,,Entertainment,Entertainment,,ΟΚ,,,,,,,
265,Dimitra Gkatzelaki,Antigoni Klimi,ell_grek,Greece,Με ποια κινηματογραφική ταινία έγινε γνωστός ο Χριστόφορος Παπακαλιάτης στο ευρύ κοινό;,Αν,https://el.wikipedia.org/wiki/%CE%A7%CF%81%CE%B9%CF%83%CF%84%CF%8C%CF%86%CE%BF%CF%81%CE%BF%CF%82_%CE%A0%CE%B1%CF%80%CE%B1%CE%BA%CE%B1%CE%BB%CE%B9%CE%AC%CF%84%CE%B7%CF%82,With which film did Christoforos Papakaliatis become known to the general public?,,If,,,,,Entertainment,Cinema,,ΟΚ,,,,,,,
266,Dimitra Gkatzelaki,Prokopis Prokopidis,ell_grek,Greece,Ποιος Έλληνας ποιητής είναι γνωστός και ως «ο Αλεξανδρινός» επειδή γεννήθηκε και έζησε στην Αλεξάνδρεια στην Αίγυπτο;,Ο Κωνσταντίνος Καβάφης,https://el.wikipedia.org/wiki/%CE%9A%CF%89%CE%BD%CF%83%CF%84%CE%B1%CE%BD%CF%84%CE%AF%CE%BD%CE%BF%CF%82_%CE%9A%CE%B1%CE%B2%CE%AC%CF%86%CE%B7%CF%82,"Which Greek poet is also known as ""the Alexandrian"" because he was born and lived in Alexandria, Egypt?",,Constantine Cavafy,,,,,Arts and Literature,Literature,,ΟΚ,,,,,,,
267,Dimitra Gkatzelaki,Antigoni Klimi,ell_grek,Greece,"Πώς ονομάζεται το γνωστότερο ποιήμα του Κωνσταντίνου Καβάφη, που γράφτηκε το 1910;",Ιθάκη,https://www.hartismag.gr/hartis-68/dokimio/to-pio-ghnosto-poiima-toi-kavafi-kai-to-pio-pareksighimeno,"What is the name of the most famous poem by Constantine Cavafy, written in 1910?",,Ithaca,,,,,Arts and Literature,Literature,,ΟΚ,,,,,,,
268,Dimitra Gkatzelaki,Anna Vacalopoulou,ell_grek,Greece,Πώς ονομαζόταν πριν το 2026 το ξενοδοχείο απέναντι από το οποίο βρίσκεται μετά το 1994 «ο Δρομέας» του Κώστα Βαρώτσου;,Χίλτον,https://el.wikipedia.org/wiki/%CE%9F_%CE%94%CF%81%CE%BF%CE%BC%CE%AD%CE%B1%CF%82,"What was the name of the hotel before 2026, opposite which ""The Runner"" by Kostas Varotsos has been located since 1994?",,Hilton,,,,,Arts and Literature,Geography,,ΟΚ,,,,,,,
269,Dimitra Gkatzelaki,Antigoni Klimi,ell_grek,Greece,"Ποιος Έλληνας τραγουδιστής εκπροσώπησε την Ελλάδα στη Eurovision δύο φορές, κατακτώντας και τις δύο θέσεις στην πρώτη δεκάδα;",Ο Σάκης Ρουβάς,https://el.wikipedia.org/wiki/%CE%A3%CE%AC%CE%BA%CE%B7%CF%82_%CE%A1%CE%BF%CF%85%CE%B2%CE%AC%CF%82,"Which Greek singer represented Greece at Eurovision twice, reaching both places in the top ten?","Which Greek singer represented Greece at Eurovision twice, reaching both times places in the top ten?",Sakis Rouvas,,,,,Entertainment,Entertainment,,ΟΚ,,,,,,,
270,Dimitra Gkatzelaki,Nikitas Theodoropoulos,ell_grek,Greece,Πότε έλαβαν χώρα για πρώτη φορά τα MAD Video Music Awards;,Το 2004,https://el.wikipedia.org/wiki/Mad_Video_Music_Awards,When did the MAD Video Music Awards first take place?,,In 2004,2004,,,,Entertainment,Entertainment,,ΟΚ,,,,,,,
271,Dimitra Gkatzelaki,Anna Vacalopoulou,ell_grek,Greece,Πώς ονομάζεται το τραγούδι με το οποίο η Demy εκπροσώπησε την Ελλάδα στη Eurovision το 2017 στο Κίεβο;,This is Love,https://el.wikipedia.org/wiki/Demy,What is the name of the song with which Demy represented Greece at Eurovision in 2017 in Kiev?,,This is Love,,,,,Entertainment,Music,,ΟΚ,,,,,,,
272,Dimitra Gkatzelaki,Nikitas Theodoropoulos,ell_grek,Greece,"Ποιο ποτό που παράγεται αποκλειστικά στην Ελλάδα αρωματίζεται κυρίως με γλυκάνισο, που του δίνει και τη χαρακτηριστική του γεύση;",Το ούζο,https://el.wikipedia.org/wiki/%CE%9F%CF%8D%CE%B6%CE%BF,"Which drink produced exclusively in Greece is flavored mainly with anise, which gives it its characteristic flavor?",,Ouzo,,,,,Leisure,Cuisine,,ΟΚ,,,,,,,
273,Dimitra Gkatzelaki,Antigoni Klimi,ell_grek,Greece,Ποιος μετέπειτα γνωστός σεφ με έντονη τηλεοπτική παρουσία ήταν ο πρώτος νικητής του ελληνικού MasterChef;,Ο Άκης Πετρετζίκης,https://el.wikipedia.org/wiki/%CE%86%CE%BA%CE%B7%CF%82_%CE%A0%CE%B5%CF%84%CF%81%CE%B5%CF%84%CE%B6%CE%AF%CE%BA%CE%B7%CF%82,Which later famous chef with a strong television presence was the first winner of the Greek MasterChef?,,Akis Petretzikis,,,,,Geography,Entertainment,,ΟΚ,,,,,,,
274,Dimitra Gkatzelaki,Antigoni Klimi,ell_grek,Greece,"Ποια ηθοποιός έπαιξε τον ρόλο της Φραγκογιαννούς στην ταινία του 2023 «Η Φόνισσα», που βασίστηκε στο ομότιτλο μυθιστόρημα του Παπαδιαμάντη;",Η Καρυοφυλλιά Καραμπέτη,"https://el.wikipedia.org/wiki/%CE%A6%CF%8C%CE%BD%CE%B9%CF%83%CF%83%CE%B1_(%CF%84%CE%B1%CE%B9%CE%BD%CE%AF%CE%B1,_2023)","Which actress played the role of Frangogianna in the 2023 film ""The Murderer"", based on the novel of the same name by Papadiamantis?","Which actress played the role of Fragkogiannou in the 2023 film ""The Murderess"", based on the novel of the same name by Papadiamantis?",The Karabeti Walnut Tree,Kariofyllia Karabeti,Dimitra Gkatzelaki,,,Arts and Literature,Cinema,,ΟΚ,,,,,,,
275,Dimitra Gkatzelaki,Antigoni Klimi,ell_grek,Greece,"Ποιος παρουσίασε τους δύο πρώτους κύκλους του Survivor Greece, που προβλήθηκε την περίοδο 2003-2004;",Ο Γρηγόρης Αρναούτογλου,https://el.wikipedia.org/wiki/Survivor_%CE%95%CE%BB%CE%BB%CE%AC%CE%B4%CE%B1%CF%82,"Who presented the first two seasons of Survivor Greece, which aired in 2003-2004?",,Grigoris Arnaoutoglou,,,,,Entertainment,Entertainment,,ΟΚ,,,,,,,
276,Dimitra Gkatzelaki,Antigoni Klimi,ell_grek,Greece,Για την παρουσίαση ποιας εκπομπής στο κανάλι ΑΝΤ1 έγινε ευρέως γνωστός ο Σπύρος Σούλης;,Με το Δεξί,https://el.wikipedia.org/wiki/%CE%A3%CF%80%CF%8D%CF%81%CE%BF%CF%82_%CE%A3%CE%BF%CF%8D%CE%BB%CE%B7%CF%82,For presenting which show on ANT1 channel did Spyros Soulis become widely known?,For hosting which show on the ANT1 channel did Spyros Soulis become widely known?,With the Right,Me to Deksi,Dimitra Gkatzelaki,,,Entertainment,Entertainment,,ΟΚ,,,,,,,
277,Dimitra Gkatzelaki,Anna Vacalopoulou,ell_grek,Greece,Ποιο ελληνικό νησί είναι γνωστό για τη φάβα του που φτιάχνεται από λαθούρι;,Η Σαντορίνη,https://el.wikipedia.org/wiki/%CE%A6%CE%AC%CE%B2%CE%B1,Which Greek island is known for its fava beans made from lathouri?,Which Greek island is known for its fava made from lathouri?,Santorini,,,,,Geography,Cuisine,,ΟΚ,,,,,,,
278,Dimitra Gkatzelaki,Prokopis Prokopidis,ell_grek,Greece,"Ποιο μετάλλιο κατέκτησε η Κατερίνα Στεφανίδη στο άλμα επί κοντώ γυναικών στους Ολυμπιακούς Αγώνες του Ρίο, το 2016;",Χρυσό,https://el.wikipedia.org/wiki/%CE%A3%CF%85%CE%BC%CE%BC%CE%B5%CF%84%CE%BF%CF%87%CE%AE_%CF%84%CE%B7%CF%82_%CE%95%CE%BB%CE%BB%CE%AC%CE%B4%CE%B1%CF%82_%CF%83%CF%84%CE%BF%CF%85%CF%82_%CE%98%CE%B5%CF%81%CE%B9%CE%BD%CE%BF%CF%8D%CF%82_%CE%9F%CE%BB%CF%85%CE%BC%CF%80%CE%B9%CE%B1%CE%BA%CE%BF%CF%8D%CF%82_%CE%91%CE%B3%CF%8E%CE%BD%CE%B5%CF%82_2016,What medal did Katerina Stefanidi win in the women's pole vault at the Rio Olympics in 2016?,,Gold,,,,,Leisure,Sports,,ΟΚ,,,,,,,
279,Dimitra Gkatzelaki,Prokopis Prokopidis,ell_grek,Greece,Πόσα ολυμπιακά μετάλλια έχει κερδίσει συνολικά ο Λευτέρης Πετρούνιας;,Τρία,https://el.wikipedia.org/wiki/%CE%9B%CE%B5%CF%85%CF%84%CE%AD%CF%81%CE%B7%CF%82_%CE%A0%CE%B5%CF%84%CF%81%CE%BF%CF%8D%CE%BD%CE%B9%CE%B1%CF%82,How many Olympic medals has Lefteris Petrounias won in total?,,Three,,,,,Leisure,Sports,,ΟΚ,,,,,,,
280,Dimitra Gkatzelaki,Prokopis Prokopidis,ell_grek,Greece,"Σε ποιον Έλληνα ποιητή αποδίδεται ο εμβληματικός στίχος «για ένα πουκάμισο αδειανό, για μιαν Ελένη»;",Στον Γιώργο Σεφέρη,https://schoolpress.sch.gr/3gymelef/archives/160,"To which Greek poet is the emblematic verse ""for an empty shirt, for a Helen"" attributed?",,To George Seferis,,,,,Arts and Literature,Literature,,ΟΚ,,,,,,,
281,Dimitra Gkatzelaki,Antigoni Klimi,ell_grek,Greece,Ποια Ελληνίδα ηθοποιός φωνής βρίσκεται πίσω από τη φωνή της Barbie στις ελληνικές μεταγλωττίσεις των ταινιών και της σειράς κινουμένων σχεδίων;,Η Σία Κοσκινά,https://el.wikipedia.org/wiki/%CE%A3%CE%AF%CE%B1_%CE%9A%CE%BF%CF%83%CE%BA%CE%B9%CE%BD%CE%AC,Which Greek voice actress is behind the voice of Barbie in the Greek dubbings of the films and animated series?,,Sia Koskina,,,,,Entertainment,Cinema,,ΟΚ,,,,,,,
282,Dimitra Gkatzelaki,Anna Vacalopoulou,ell_grek,Greece,Ποιον χαρακτήρα υποδύεται η Ντίνα Κώνστα στη δημοφιλή κωμική σειρά «Δύο Ξένοι»;,Τη Ντένη Μαρκορά,https://el.wikipedia.org/wiki/%CE%94%CF%8D%CE%BF_%CE%BE%CE%AD%CE%BD%CE%BF%CE%B9,"Which character does Dina Konsta play in the popular comedy series ""Two Strangers""?",,Denise Markora,Denny Markora,,,,Entertainment,Entertainment,,ΟΚ,,,,,,,
283,Dimitra Gkatzelaki,Anna Vacalopoulou,ell_grek,Greece,Σε ποιον χαρακτήρα της σειράς «Δύο Ξένοι» αποδίδεται η εμβληματική ατάκα «Ντα Γκαζπαζά»;,Στη Μαρούσκα,https://el.wikipedia.org/wiki/%CE%94%CF%8D%CE%BF_%CE%BE%CE%AD%CE%BD%CE%BF%CE%B9,"To which character in the series ""Two Strangers"" is the iconic line ""Da Gazpaza"" attributed?",,In Marouska,To Marouska,,,,Entertainment,Entertainment,,ΟΚ,,,,,,,
284,Orfeas Menis Mastromichalakis,Antigoni Klimi,ell_grek,Greece,Ποιος Έλληνας διαστημικός επιστήμονας από τη Χίο συμμετείχε στις ιστορικές αποστολές Voyager της NASA;,Ο Σταμάτιος Κριμιζής,https://www.academyofathens.gr/el/personel/stamatios-krimizis,Which Greek space scientist from Chios participated in NASA's historic Voyager missions?,,Stamatios Krimizis,,,,,Science and Nature,Science,,ΟΚ,,,,,,,
285,Anna Vacalopoulou,Antigoni Klimi,ell_grek,Greece,Με ποιον Έλληνα λαϊκό συνθέτη και μουσικό τραγουδούσε συνήθως η Μαίρη Λίντα;,Με τον Μανώλη Χιώτη,https://el.wikipedia.org/wiki/%CE%9C%CE%B1%CE%AF%CF%81%CE%B7_%CE%9B%CE%AF%CE%BD%CF%84%CE%B1,Which Greek folk composer and musician did Mary Linda usually sing with?,,With Manolis Chiotis,,,,,Entertainment,,,ΟΚ,,,,,,,
286,Anna Vacalopoulou,Antigoni Klimi,ell_grek,Greece,Σε ποια πόλη της Μικράς Ασίας γεννήθηκε ο Έλληνας μεγιστάνας Αριστοτέλης Ωνάσης;,Στη Σμύρνη,https://www.onassis.org/el/people/aristotle-onassis,In which city in Asia Minor was Greek tycoon Aristotle Onassis born?,,In Izmir,,,,,History and politics,,,ΟΚ,,,,,,,
287,Anna Vacalopoulou,Antigoni Klimi,ell_grek,Greece,Σε ποια δεκαετία απέκτησαν οι Ελληνίδες πλήρη δικαιώματα ψήφου επί ίσοις όροις με τους άνδρες;,1950,https://odeth.eu/%CF%84%CE%BF-%CE%B4%CE%B9%CE%BA%CE%B1%CE%AF%CF%89%CE%BC%CE%B1-%CF%84%CF%89%CE%BD-%CE%B3%CF%85%CE%BD%CE%B1%CE%B9%CE%BA%CF%8E%CE%BD-%CF%84%CE%BF%CF%85-%CE%B5%CE%BA%CE%BB%CE%AD%CE%B3%CE%B5%CE%B9/,In which decade did Greek women gain full voting rights on equal terms with men?,,1950,1950s,,,,History and politics,,,ΟΚ,,,,,,,
288,Anna Vacalopoulou,Antigoni Klimi,ell_grek,Greece,Ποια σύζυγος μετέπειτα πρωθυπουργού της Ελλάδας ηγήθηκε το 1976 της Ένωσης Γυναικών Ελλάδος με στόχο την προάσπιση των γυναικείων δικαιωμάτων;,Μαργαρίτα Παπανδρέου,https://www.ege.gr/index.php/enhmerotheite-gia-emas,Which wife of a later Prime Minister of Greece led the Women's Union of Greece in 1976 with the aim of defending women's rights?,,Margarita Papandreou,,,,,History and politics,,,ΟΚ,,,,,,,
289,Anna Vacalopoulou,Antigoni Klimi,ell_grek,Greece,Πόσους βουλευτές έχει το Ελληνικό Κοινοβούλιο;,300,https://el.wikipedia.org/wiki/%CE%92%CE%BF%CF%85%CE%BB%CE%B5%CF%85%CF%84%CE%B9%CE%BA%CE%AE_%CE%AD%CE%B4%CF%81%CE%B1,How many members does the Greek Parliament have?,,300,,,,,History and politics,,,ΟΚ,,,,,,,
290,Anna Vacalopoulou,Antigoni Klimi,ell_grek,Greece,Ποιο αρχαίο θέατρο της Αθήνας φιλοξενεί κάθε χρόνο εκδηλώσεις του Φεστιβάλ Αθηνών Επιδαύρου;,Ηρώδειο,https://el.wikipedia.org/wiki/%CE%A6%CE%B5%CF%83%CF%84%CE%B9%CE%B2%CE%AC%CE%BB_%CE%91%CE%B8%CE%B7%CE%BD%CF%8E%CE%BD_%CE%95%CF%80%CE%B9%CE%B4%CE%B1%CF%8D%CF%81%CE%BF%CF%85,Which ancient theater in Athens hosts events of the Athens Epidaurus Festival every year?,,Herodion,,,,,Arts and Literature,,,ΟΚ,,,,,,,
291,Anna Vacalopoulou,Antigoni Klimi,ell_grek,Greece,Σε ποια χερσόνησο της Πελοποννήσου βρίσκεται ένα από τα ενεργά ηφαίστεια του ηφαιστειακού τόξου του Αιγαίου;,Μέθανα,https://el.wikipedia.org/wiki/%CE%9C%CE%AD%CE%B8%CE%B1%CE%BD%CE%B1,On which peninsula of the Peloponnese is one of the active volcanoes of the Aegean volcanic arc located?,,Methana,,,,,Science and Nature,,,ΟΚ,,,,,,,
292,Anna Vacalopoulou,Antigoni Klimi,ell_grek,Greece,Με ποια τοπική ονομασία είναι γνωστό το κρητικό τσάι του βουνού που πίνεται ως αφέψημα;,Μαλοτήρας,https://el.wikipedia.org/wiki/%CE%A4%CF%83%CE%AC%CE%B9_%CF%84%CE%BF%CF%85_%CE%B2%CE%BF%CF%85%CE%BD%CE%BF%CF%8D,"By what local name is Cretan mountain tea, which is drunk as a decoction, known?","By what local name is Cretan mountain tea, which is cosumed hot, known?",Malotiras,,,,,Science and Nature,,,ΟΚ,,,,,,,
293,Anna Vacalopoulou,Antigoni Klimi,ell_grek,Greece,Ποιος Έλληνας μαθηματικός και εφευρέτης της αρχαιότητας διατύπωσε μια αρχή που περιγράφει την άνωση;,Αρχιμήδης,https://el.wikipedia.org/wiki/%CE%91%CF%81%CF%87%CE%AE_%CF%84%CE%BF%CF%85_%CE%91%CF%81%CF%87%CE%B9%CE%BC%CE%AE%CE%B4%CE%B7,Which ancient Greek mathematician and inventor formulated a principle that describes buoyancy?,,Archimedes,,,,,Science and Nature,,,ΟΚ,,,,,,,
294,Anna Vacalopoulou,Antigoni Klimi,ell_grek,Greece,"Πώς είναι γνωστός ο σεισμός μεγέθους 6,0 βαθμών της κλίμακας Ρίχτερ που προκάλεσε τον θάνατο 143 ατόμων το 1999 στην Ελλάδα;",Σεισμός της Πάρνηθας,https://el.wikipedia.org/wiki/%CE%A3%CE%B5%CE%B9%CF%83%CE%BC%CF%8C%CF%82_%CF%84%CE%B7%CF%82_%CE%A0%CE%AC%CF%81%CE%BD%CE%B7%CE%B8%CE%B1%CF%82_%CF%84%CE%BF_1999,How is the 6.0 magnitude earthquake on the Richter scale known that killed 143 people in 1999 in Greece?,,Parnitha Earthquake,,,,,Science and Nature,,,ΟΚ,,,,,,,
295,Anna Vacalopoulou,Antigoni Klimi,ell_grek,Greece,"Ποια δεκαετία σημειώθηκε στην Καλαμάτα σεισμός 6,0 βαθμών της κλίμακας Ρίχτερ προκαλώντας τον θάνατο 20 ανθρώπων;",1980,https://el.wikipedia.org/wiki/%CE%A3%CE%B5%CE%B9%CF%83%CE%BC%CF%8C%CF%82_%CF%83%CF%84%CE%B7%CE%BD_%CE%9A%CE%B1%CE%BB%CE%B1%CE%BC%CE%AC%CF%84%CE%B1_%CF%84%CE%BF_1986,"In which decade did a 6.0 magnitude earthquake occur in Kalamata, killing 20 people?",,1980,1980s,,,,Science and Nature,,,ΟΚ,,,,,,,
296,Anna Vacalopoulou,Antigoni Klimi,ell_grek,Greece,Ποιος Έλληνας φιλόσοφος και επιστήμονας της αρχαιότητας είχε καταγωγή από τα Άβδηρα της Θράκης;,Ο Δημόκριτος,https://el.wikipedia.org/wiki/%CE%94%CE%B7%CE%BC%CF%8C%CE%BA%CF%81%CE%B9%CF%84%CE%BF%CF%82,Which Greek philosopher and scientist of antiquity was originally from Abdera in Thrace?,,Democritus,,,,,Science and Nature,,,ΟΚ,,,,,,,
297,Antigoni Klimi,Anna Vacalopoulou,ell_grek,Greece,Ποιος Έλληνας ιατρός ανέπτυξε το Τεστ Παπ;,Ο Γεώργιος Παπανικολάου,https://el.wikipedia.org/wiki/Γεώργιος_Παπανικολάου,Which Greek doctor developed the Pap test?,,Georgios Papanikolaou,,,,,Science and Nature,,,ΟΚ,,,,,,,
298,Antigoni Klimi,Anna Vacalopoulou,ell_grek,Greece,"Ποιο εθνικό πάρκο της Ελλάδας φιλοξενεί τον κρητικό αίγαγρο, γνωστό και ως κρι-κρι;",Φαράγγι Σαμαριάς,https://el.wikipedia.org/wiki/Φαράγγι_της_Σαμαριάς,"Which Greek national park is home to the Cretan wild goat, also known as kri-kri?",,Samaria Gorge,,,,,Science and Nature,,,ΟΚ,,,,,,,
299,Antigoni Klimi,Anna Vacalopoulou,ell_grek,Greece,Ποιο ελληνικό φυσικό μνημείο δημιουργήθηκε από έντονη ηφαιστειακή δραστηριότητα πριν από περίπου 20 εκατομμύρια χρόνια;,Απολιθωμένο Δάσος Λέσβου,https://el.wikipedia.org/wiki/Απολιθωμένο_δάσος_της_Λέσβου,Which Greek natural monument was formed by intense volcanic activity around 20 million years ago?,,Lesvos Petrified Forest,,,,,Science and Nature,,,ΟΚ,,,,,,,
300,Antigoni Klimi,Anna Vacalopoulou,ell_grek,Greece,"Ποιο ελληνικό ερευνητικό κέντρο δραστηριοποιείται στην αστρονομία, τη σεισμολογία, τη μετεωρολογία και την έρευνα για την κλιματική αλλαγή;",Εθνικό Αστεροσκοπείο Αθηνών,https://el.wikipedia.org/wiki/Εθνικό_Αστεροσκοπείο_Αθηνών,"Which Greek research center conducts research in astronomy, astrophysics, seismology, meteorology, geophysics, and climate change?",,The National Observatory of Athens,,,,,Science and Nature,,,OK,,,,,,,