ID,Author,Checked By,Language,Country/Region,Question,Answer,Evidence_url,Question Automatic Translation,Question Corrected Translation,Answer Automatic Translation,Answer Corrected Translation,Translation Corrected By,Notes,URL language (if different from target language),Exclude
1,pietro2617,Tommaso Cerruti,ita_latn,Italy,"Chi ha diretto il film ""Ed è subito sera""?",Claudio Insegno,https://it.wikipedia.org/wiki/Ed_%C3%A8_subito_sera_(film),"Who directed the film ""And Suddenly It Became Evening""?",,Claudio Insegno,,,,,
2,pietro2617,Tommaso Cerruti,ita_latn,Italy,Come si chiama il casolare in cui visse Gabriele d'Annunzio nel 1889,Eremo dannunziano,https://it.wikipedia.org/wiki/Eremo_dannunziano,What is the name of the farmhouse where Gabriele d'Annunzio lived in 1889?,,D'Annunzio's Hermitage,,,,,
3,pietro2617,Tommaso Cerruti,ita_latn,Italy,Come si chiama il passo di montagna situato tra Pistoia e Lucca?,Foce di Campolino,https://it.wikipedia.org/wiki/Foce_di_Campolino,What is the name of the mountain pass between Pistoia and Lucca?,,Mouth of Campolino,Foce di Campolino,pietro2617,,,
4,pietro2617,Tommaso Cerruti,ita_latn,Italy,"Chi è l'autore della canzone ""Millefiori""?",Bruno Rosettani,https://it.wikipedia.org/wiki/Bruno_Rosettani,"Who wrote the song ""Millefiori""?",,Bruno Rosettani,,,,,
5,pietro2617,Tommaso Cerruti,ita_latn,Italy,"Quale celebre fumettista scrisse la serie ""Paninaro""?",Paolo Ghelardini,https://it.wikipedia.org/wiki/Paolo_Ghelardini,"Which famous cartoonist wrote the ""Paninaro"" series?",,Paul Ghelardini,Paolo Ghelardini,pietro2617,,,
6,pietro2617,Tommaso Cerruti,ita_latn,Italy,Come si chiama la legge che abolì l'indicizzazione dei salari in funzione dell'aumento dei prezzi?,Decreto di San Valentino,https://it.wikipedia.org/wiki/Decreto_di_San_Valentino,What was the name of the law that abolished wage indexation based on price increases?,,Valentine's Decree,,,,,
7,pietro2617,Tommaso Cerruti,ita_latn,Italy,Come si chiama il piccolo castello situato nel comune di San Vincenzo Valle Roveto?,Castello Piccolomini,Castello Piccolomini (Morrea) - Wikipedia,What is the name of the small castle located in the municipality of San Vincenzo Valle Roveto?,,Piccolomini Castle,,,,,
8,pietro2617,Tommaso Cerruti,ita_latn,Italy,In quale regione si trovava il parco dei Monti Sicani?,Sicilia,Parco dei Monti Sicani - Wikipedia,In which region was the Sicani Mountains park located?,,Sicily,,,,,
9,pietro2617,Tommaso Cerruti,ita_latn,Italy,Come si chiama la prima agenzia di viaggi nata in Italia?,Chiariva,Chiariva - Wikipedia,What is the name of the first travel agency founded in Italy?,,He clarified,Chiariva,pietro2617,,,
10,pietro2617,Tommaso Cerruti,ita_latn,Italy,In quale isola si trova la baia di Sorgeto?,Isola d'Ischia,Baia di Sorgeto - Wikipedia,On which island is Sorgeto Bay located?,,Island of Ischia,,,,,
11,pietro2617,Tommaso Cerruti,ita_latn,Italy,"Chi è l'autore del romanzo ""Il gabbiano di sale""?",Franco Scaglia,Il gabbiano di sale - Wikipedia,"Who is the author of the novel ""The Salt Seagull""?",,Franco Scaglia,,,,,
12,pietro2617,Tommaso Cerruti,ita_latn,Italy,Quale critico cinematografico italiano è noto per aver dato un enorme contributo ai saggi su Stanley Kubrick?,Roberto Lasagna,Roberto Lasagna (critico cinematografico) - Wikipedia,Which Italian film critic is known for having made an enormous contribution to the essays on Stanley Kubrick?,,Roberto Lasagna,,,,,x
13,pietro2617,Tommaso Cerruti,ita_latn,Italy,Dove si trova il museo interamente dedicato all'artista Amedeo Bocchi?,Parma,Museo Amedeo Bocchi - Wikipedia,Where is the museum entirely dedicated to the artist Amedeo Bocchi located?,,Parma,,,,,
14,pietro2617,Tommaso Cerruti,ita_latn,Italy,"A chi è attribuito il dipinto ""Icaro"" conservato a Palazzo Davanzati?",Andrea del Sarto,Opere di Andrea del Sarto - Wikipedia,"Who is attributed to the painting ""Icarus"" preserved in Palazzo Davanzati?",,Andrea del Sarto,,,,,
15,pietro2617,Tommaso Cerruti,ita_latn,Italy,Con quale storico evento si concluse la repubblica Romana?,terza guerra punica,Storia della Repubblica romana (264-146 a.C.) - Wikipedia,With what historic event did the Roman Republic end?,,Third Punic War,,,,,
16,pietro2617,Tommaso Cerruti,ita_latn,Italy,Come terminò la guerra tra lo stato pontificio e la Spagna nel 1557?,trattato di Cave,Guerra del sale (1556-1557) - Wikipedia,How did the war between the Papal States and Spain end in 1557?,,Treaty of Cave,,,,,x
17,pietro2617,Tommaso Cerruti,ita_latn,Italy,"Dove si trovava il teatro ""Tenda""?",Roma,Teatro Tenda - Wikipedia,"Where was the ""Tenda"" theater located?",,Rome,,,,,x
18,pietro2617,Tommaso Cerruti,ita_latn,Italy,"Chi è l'autore del saggio ""La scienza degli oggetti inesistenti""?",Domenico Gallo,Domenico Gallo (scrittore) - Wikipedia,"Who is the author of the essay ""The Science of Nonexistent Objects""?","Who is the author of the Italian essay ""The Science of Nonexistent Objects""?",Dominic Gallo,,Catherine Arnett,,,
19,pietro2617,Tommaso Cerruti,ita_latn,Italy,"Quale cantautore italiano ha scritto la canzone ""Generale""?",Francesco De Gregori,Discografia di Francesco De Gregori - Wikipedia,"Which Italian singer-songwriter wrote the song ""Generale""?","Which Italian singer-songwriter wrote the song ""Generale""?",Francesco De Gregori,,pietro2617,,,
20,pietro2617,Tommaso Cerruti,ita_latn,Italy,"Sulla riva di quale fiume si trova la città di ""Avella""?",Clanio,Castelli della provincia di Avellino - Wikipedia,"On the banks of which river is the city of ""Avella"" located?",On the banks of which river is the city of Avella located?,Clanio,,,,,
21,pietro2617,Tommaso Cerruti,ita_latn,Italy,In quale piazza di Milano si trova il monumento dedicato ad Alessandro manzoni?,San Fedele,Monumento ad Alessandro Manzoni (Milano) - Wikipedia,In which square in Milan is the monument dedicated to Alessandro Manzoni located?,,Saint Fidelis,,,,,
22,pietro2617,Tommaso Cerruti,ita_latn,Italy,In quale provincia si trova il monte Lingo?,Savona,Monte Lingo - Wikipedia,In which province is Mount Lingo located?,In which Italian province is Mount Lingo located?,Savona,,Catherine Arnett,,,
23,pietro2617,Tommaso Cerruti,ita_latn,Italy,In quale ambito viene assegnato il premio Settembrini?,Letteratura,Premio Settembrini - Wikipedia,In what field is the Settembrini Prize awarded?,,Literature,,,,,
24,pietro2617,Tommaso Cerruti,ita_latn,Italy,"Chi scrisse la poesia autobiografica ""Maia""?",Gabriele D'Annunzio,Maia (poesia) - Wikipedia,"Who wrote the autobiographical poem ""Maia""?","Who wrote the Italian autobiographical poem ""Maia""?",Gabriele D'Annunzio,,Catherine Arnett,,,
25,sarapapi,pietro2617,ita_latn,Italy,In quale squadra gioca la calciatrice Antonietta Castiello dal 2017?,Lazio,Antonietta Castiello - Wikipedia,Which team has soccer player Antonietta Castiello played for since 2017?,,Lazio,,,,,
26,sarapapi,pietro2617,ita_latn,Italy,Qual è stato il primo a ricevere la Medaglia d'oro al valor militare in Africa Orientale Italiana?,Dalmazio Birago,Dalmazio Birago - Wikipedia,Who was the first to receive the Gold Medal for Military Valor in Italian East Africa?,,Dalmatius Birago,Dalmazio Birago,sarapapi,,,
27,sarapapi,pietro2617,ita_latn,Italy,"In quale anno è stata pubblicata la prima edizione italiana di ""La confraternita dei mancini""?",2019,La confraternita dei mancini - Wikipedia,"In what year was the first Italian edition of ""The Brotherhood of Left-Handed Men"" published?",,2019,,,,,
28,sarapapi,pietro2617,ita_latn,Italy,Qual è la particolare struttura dei borghi della Lunigiana?,Borghi in galleria,Borghi in galleria della Lunigiana - Wikipedia,What is the particular structure of the villages of Lunigiana?,"What is the particular structure of the ""borghi"" of Lunigiana?",Villages in the tunnel,Borghi in galleria,sarapapi,,,x
29,sarapapi,pietro2617,ita_latn,Italy,Su quale lago si trova Cisano?,Lago di Garda,Cisano (Bardolino) - Wikipedia,On which lake is Cisano located?,On which lake is the Italian village of Cisano located?,Lake Garda,,Catherine Arnett,,,
30,pietro2617,Tommaso Cerruti,ita_latn,Italy,"Chi ha diretto il film ""Ari-cassamortari""?",Claudio Amendola,Ari-cassamortari - Wikipedia,"Who directed the film ""Ari-cassamortari""?","Who directed the Italian film ""Ari-cassamortari""?",Claudio Amendola,,Catherine Arnett,,,
31,pietro2617,Tommaso Cerruti,ita_latn,Italy,"In quale categoria rientra il film ""Dedalus""?","horror, thriller",Dedalus (film) - Wikipedia,"What category does the film ""Dedalus"" fall into?",,"horror, thriller",,,,,x
32,pietro2617,Tommaso Cerruti,ita_latn,Italy,In quale comune si trova la Grancia di San Lorenzo?,Sala Consilina,Grancia di San Lorenzo - Wikipedia,In which municipality is the Grancia di San Lorenzo located?,,Consilina Hall,Sala Consilina,Catherine Arnett,,,
33,pietro2617,Tommaso Cerruti,ita_latn,Italy,"Dove si trova la biblioteca ""Pietro de Nava"", una delle più antiche in calabria?",Reggio Calabria,"Biblioteca ""Pietro de Nava"" - Wikipedia","Where is the ""Pietro de Nava"" library, one of the oldest in Calabria, located?",,Reggio Calabria,,,,,x
34,pietro2617,Tommaso Cerruti,ita_latn,Italy,"Chi ha fondato la compagnia teatrale ""Teatro del Lemming""?",Massimo Munaro e Martino Ferrari,Teatro del Lemming - Wikipedia,"Who founded the theater company ""Teatro del Lemming""?",,Massimo Munaro and Martino Ferrari,,,,,
35,pietro2617,Tommaso Cerruti,ita_latn,Italy,"Dove si tiene ogni anno la manifestazione folkloristica ""Effetto Venezia""?",Livorno,Effetto Venezia - Wikipedia,"Where is the ""Effetto Venezia"" folk festival held every year?",,Livorno,,,,,x
36,pietro2617,Tommaso Cerruti,ita_latn,Italy,In quale periodo si svolse a Treviso l’Home Festival?,Dal 2010 al 2018,Home Festival - Wikipedia,When did the Home Festival take place in Treviso?,,From 2010 to 2018,,,,,x
37,pietro2617,Tommaso Cerruti,ita_latn,Italy,Chi ha fondato il premio Teramo per un racconto inedito?,Giammario Sgattoni,Premio Teramo per un racconto inedito - Wikipedia,Who founded the Teramo Prize for an unpublished story?,,Giammario Sgattoni,,,,,
38,pietro2617,Tommaso Cerruti,ita_latn,Italy,"Come si chiama l'esposizione di cimeli navali, situata a Taranto?",Mostra storica Arsenale,Mostra storica arsenale - Wikipedia,What is the name of the naval memorabilia exhibition located in Taranto?,,Historical exhibition Arsenale,Mostra Storica Arsenale,pietro2617,,,
39,pietro2617,Tommaso Cerruti,ita_latn,Italy,"A chi venne dedicato il Teatro Talia, situato a Tagliacozzo?",Ferdinando II,Teatro Talia (Tagliacozzo) - Wikipedia,"To whom was the Teatro Talia, located in Tagliacozzo, dedicated?",,Ferdinand II,,,,,x
40,pietro2617,Tommaso Cerruti,ita_latn,Italy,In cosa si è laureato lo scrittore Giacomo Agosti?,Storia dell'arte,Giacomo Agosti - Wikipedia,What did writer Giacomo Agosti graduate in?,What did writer Giacomo Agosti get a degree in in?,History of art,,Catherine Arnett,,,
41,pietro2617,Tommaso Cerruti,ita_latn,Italy,Chi ha scritto il romanzo Notre Tanz?,Anna Albertano,Anna Albertano - Wikipedia,Who wrote the novel Notre Tanz?,Who wrote the Italian novel Notre Tanz?,Anna Albertano,,Catherine Arnett,,,
42,pietro2617,Tommaso Cerruti,ita_latn,Italy,Come si chiama la band elettropop fondata da Ale Bavo?,Sushi,Ale Bavo - Wikipedia,What is the name of the electropop band founded by Ale Bavo?,What is the name of the Italian electropop band founded by Ale Bavo?,Sushi,,Catherine Arnett,,,
43,pietro2617,Tommaso Cerruti,ita_latn,Italy,Quali strumenti suona il musicista Dino Crocco?,Batteria e Fisarmonica,Dino Crocco - Wikipedia,What instruments does musician Dino Crocco play?,,Drums and Accordion,,,,,x
44,pietro2617,Tommaso Cerruti,ita_latn,Italy,Quale editrice italiana pubblicò il videogioco OloFight?,The Real Ologram,OloFight - Wikipedia,Which Italian publisher released the OloFight video game?,,The Real Hologram,,,,,
45,pietro2617,Tommaso Cerruti,ita_latn,Italy,Quale artigiano è considerato il fondatore del Museo della tappezzeria?,Vittorio Zironi,Vittorio Zironi - Wikipedia,Which craftsman is considered the founder of the Tapestry Museum?,Which Italian craftsman is considered the founder of the Tapestry Museum?,Vittorio Zironi,,,,,
46,pietro2617,Tommaso Cerruti,ita_latn,Italy,In che epoca venne costruita la città di Voghera?,Epoca Romana,Storia di Voghera - Wikipedia,In what era was the city of Voghera built?,In what era was the Italian city of Voghera built?,Roman Era,,Catherine Arnett,,,x
47,pietro2617,Tommaso Cerruti,ita_latn,Italy,In quale storico palazzo è situata l'università dell'Aquila?,Palazzo Camponeschi,Palazzo Camponeschi - Wikipedia,In which historic building is the University of L'Aquila located?,,Camponeschi Palace,,,,,
48,pietro2617,Tommaso Cerruti,ita_latn,Italy,Per quale sport è famoso Paolo Montagnani?,Pallavolo,Paolo Montagnani - Wikipedia,What sport is Paolo Montagnani famous for?,,Volleyball,,,,,
49,pietro2617,Tommaso Cerruti,ita_latn,Italy,Come si chiama il valico più alto dell'Appennino Tosco-Emiliano?,Foce a Giovo,Foce a Giovo - Wikipedia,What is the name of the highest pass in the Tuscan-Emilian Apennines?,,Mouth of the Giovo,Foce a Giovo,pietro2617,,,
50,pietro2617,Tommaso Cerruti,ita_latn,Italy,"Quale artista creò il dipinto ""Visioni del ciclista""?",Roberto Rebecchi,Roberto Rebecchi - Wikipedia,"Which artist created the painting ""Visions of the Cyclist""?",,Roberto Rebecchi,,,,,
51,pietro2617,Tommaso Cerruti,ita_latn,Italy,"Quale importante scrittore scrisse il racconto ""Il Malocchio""?",Italo Svevo,Il malocchio - Wikipedia,"Which important writer wrote the story ""The Evil Eye""?","Which important Italian writer wrote the story ""Malocchio""?",Italo Svevo,,"pietro2617, Catherine Arnett",,,
52,pietro2617,Tommaso Cerruti,ita_latn,Italy,In quale disciplina sportiva Enrico Perano è famoso per le sue innovazioni?,Pattinaggio freestyle,Enrico Perano - Wikipedia,In which sport is Enrico Perano famous for his innovations?,,Freestyle skating,,,,,
53,pietro2617,Tommaso Cerruti,ita_latn,Italy,"Chi era il cantante della canzone ""La Libertà""?",Giorgio Gaber,La libertà - Wikipedia,"Who was the singer of the song ""La Libertà""?",,Giorgio Gaber,,,,,
54,pietro2617,Tommaso Cerruti,ita_latn,Italy,"Come si chiama il più antico sentiero di Milano, costruito nel 1456?",Sentiero di Chiaravalle,Sentiero di Chiaravalle - Wikipedia,"What is the name of the oldest path in Milan, built in 1456?",,Chiaravalle Path,,,,,
55,pietro2617,Tommaso Cerruti,ita_latn,Italy,Qual'è la costruzione più alta di Firenze?,Cupola del Brunelleschi,Costruzioni di Firenze per altezza - Wikipedia,What is the tallest building in Florence?,,Brunelleschi's Dome,,,,,x
56,pietro2617,Tommaso Cerruti,ita_latn,Italy,Quale genere musicale è stato infuenzato dal compositore Mimmo Cafiero?,Jazz,Mimmo Cafiero - Wikipedia,What musical genre was influenced by composer Mimmo Cafiero?,,Jazz,,,,,
57,pietro2617,Tommaso Cerruti,ita_latn,Italy,"In quale città è stato istituito il premio letterario ""Fedeli""",Bologna,Premio Fedeli - Wikipedia,"In which city was the ""Fedeli"" literary prize established?","In which Italian city was the ""Fedeli"" literary prize established?",Bologna,,Catherine Arnett,,,
58,pietro2617,Tommaso Cerruti,ita_latn,Italy,"Quale cantautrice ha pubblicato l'album ""Danza""?",Mia Martini,Danza (Mia Martini) - Wikipedia,"Which singer-songwriter released the album ""Danza""?","Which Italian singer-songwriter released the album ""Danza""?",Mia Martini,,Catherine Arnett,,,
59,pietro2617,Tommaso Cerruti,ita_latn,Italy,Quale premio cinematografico ha ricevuto Manuela Ventura nel 2013?,Premio Ciak Sicilia,Manuela Ventura - Wikipedia,What film award did Manuela Ventura receive in 2013?,,Ciak Sicilia Award,,,,,
60,pietro2617,Tommaso Cerruti,ita_latn,Italy,"Chi ha scritto la commedia teatrale ""Cyrano""?",Riccardo Pazzaglia e Domenico Modugno,Cyrano (spettacolo teatrale) - Wikipedia,"Who wrote the play ""Cyrano""?","Who wrote the theater comedy ""Cyrano""?",Riccardo Pazzaglia and Domenico Modugno,,pietro2617,,,x
61,pietro2617,Tommaso Cerruti,ita_latn,Italy,"Dove si trova il torrente ""Fereggiano""?",Genova,Fereggiano - Wikipedia,"Where is the ""Fereggiano"" stream located?",,Genoa,,,,,
62,pietro2617,Tommaso Cerruti,ita_latn,Italy,Come si chiama la casa editrice di fumetti italiani fondata da Hugo Pratt?,Lizard,Rizzoli Lizard - Wikipedia,What is the name of the Italian comics publishing house founded by Hugo Pratt?,,Lizard,,,,,
63,pietro2617,Tommaso Cerruti,ita_latn,Italy,Quale romanzo ha vinto nel 2013 il premio come miglior giallo italiano?,L'odore del peccato,L'odore del peccato - Wikipedia,Which novel won the award for best Italian mystery novel in 2013?,,The smell of sin,The Smell of Sin,"pietro2617, Catherine Arnett",,,
64,pietro2617,Tommaso Cerruti,ita_latn,Italy,Con quale squadra esordisce in serie A il giocatore Giuseppe Carillo?,Ascoli,Giuseppe Carillo - Wikipedia,With which team did the player Giuseppe Carillo make his Serie A debut?,,Ascoli,,,,,
65,pietro2617,Tommaso Cerruti,ita_latn,Italy,Il pampapato ferrarese è un dolce natalizio tipico di quale città?,Ferrara,Cucina ferrarese - Wikipedia,Pampapato Ferrarese is a Christmas dessert typical of which city?,,Ferrara,,,,,
66,pietro2617,Tommaso Cerruti,ita_latn,Italy,Come si intitola l'ultimo romanzo pubblicato da Michele Prisco?,Gli altri,Gli altri - Wikipedia,What is the title of Michele Prisco's latest novel?,,The others,The Others,"pietro2617, Catherine Arnett",,,
67,pietro2617,Tommaso Cerruti,ita_latn,Italy,"Dove viene prodotto il vino DOP ""Valpolicella classico""?",Veneto,Valpolicella classico - Wikipedia,"Where is the ""Valpolicella Classico"" DOP wine produced?",,Veneto,,,,,
68,pietro2617,Tommaso Cerruti,ita_latn,Italy,Per cosa è famoso Salvatore De Riso?,Pasticciere,Salvatore De Riso - Wikipedia,What is Salvatore De Riso famous for?,,Pastry Chef,,,,,
69,pietro2617,Tommaso Cerruti,ita_latn,Italy,"Dove nasce il formaggio ""Caciotta al tartufo""?",Umbria,Caciotta al tartufo - Wikipedia,"Where does ""Caciotta al tartufo"" cheese originate?",,Umbria,,,,,
70,pietro2617,Tommaso Cerruti,ita_latn,Italy,"Come si chiama il vaso in ceramica decorato con volti umani, tipico della Sicilia?",Testa di moro,Testa di moro (vaso) - Wikipedia,"What is the name of the ceramic vase decorated with human faces, typical of Sicily?",,Moor's head,Testa di moro,pietro2617,,,
71,pietro2617,Tommaso Cerruti,ita_latn,Italy,Come si chiama la kermesse del cioccolato che si tiene ogni anno a Torino?,CioccolaTò,CioccolaTò - Wikipedia,What is the name of the chocolate festival held every year in Turin?,,Chocolate,CioccolaTò,pietro2617,,,
72,pietro2617,Tommaso Cerruti,ita_latn,Italy,"Qual è la sede della famosa orchestra musicale ""Ars Cantus""?",Varese,Ars Cantus - Wikipedia,"Where is the home of the famous musical orchestra ""Ars Cantus""?",,Varese,,,,,
73,pietro2617,Tommaso Cerruti,ita_latn,Italy,"A quali generi musicali appartiene la ""Perugia Big Band""?",Jazz e swing,Perugia Big Band - Wikipedia,"What musical genres does the ""Perugia Big Band"" belong to?",,Jazz and swing,,,,,
74,pietro2617,Tommaso Cerruti,ita_latn,Italy,Come si chiama il museo della città di Benevento dedicato alla figura delle streghe?,Janua,Strega - Wikipedia,What is the name of the museum in the city of Benevento dedicated to the figure of witches?,,Janua,,,,,
75,pietro2617,Tommaso Cerruti,ita_latn,Italy,Come si chiama il tipico dolce originario di Ivrea?,Torta 900,Torta 900 - Wikipedia,What is the name of the typical dessert from Ivrea?,,Cake 900,,,,,
76,pietro2617,Tommaso Cerruti,ita_latn,Italy,Come si chiama la birra italiana aromatizzata con mosto d'uva?,Italian Grape Ale,Italian Grape Ale - Wikipedia,What is the name of the Italian beer flavored with grape must?,,Italian Grape Ale,,,,,
77,pietro2617,Tommaso Cerruti,ita_latn,Italy,In che anno iniziano la carriera imprenditoriale nella moda le tre sorelle Fontana?,1947,Giovanna Fontana - Wikipedia,In what year did the three Fontana sisters begin their fashion entrepreneurial careers?,,1947,,,,,x
78,pietro2617,Tommaso Cerruti,ita_latn,Italy,Cosa produce la storica azienda Boffi?,arredamento,Boffi (azienda) - Wikipedia,What does the historic Boffi company produce?,,furniture,,,,,
79,pietro2617,Tommaso Cerruti,ita_latn,Italy,Come si chiama la tipica costruzione Siciliana usata per collegare due abitazioni con un arco?,Xanèa,Xanèa - Wikipedia,What is the name of the typical Sicilian construction used to connect two houses with an arch?,,Xanèa,,,,,
80,pietro2617,Tommaso Cerruti,ita_latn,Italy,"La ""Cicerata"" è un dolce natalizio tipico di quale regione?",Basilicata,Cicerata - Wikipedia,"""Cicerata"" is a Christmas dessert typical of which region?",,Basilicata,,,,,
81,pietro2617,Tommaso Cerruti,ita_latn,Italy,Quale premio ha ricevuto il comico Paolo Caiazzo?,premio Massimo Troisi,Paolo Caiazzo - Wikipedia,What award did comedian Paolo Caiazzo receive?,,Massimo Troisi Award,,,,,
82,pietro2617,Tommaso Cerruti,ita_latn,Italy,Con quale storico programma televisivo debutta l'attore Luca Avallone?,Melevisione,Luca Avallone - Wikipedia,Which historic television program did actor Luca Avallone make his debut on?,,Melevisione,,,,,
83,pietro2617,Tommaso Cerruti,ita_latn,Italy,In quale città campana si tiene la fiera dedicata alla nautica?,Napoli,Nauticsud - Wikipedia,In which Campania city is the nautical fair held?,,Naples,,,,,
84,pietro2617,Tommaso Cerruti,ita_latn,Italy,Come si chiama il festival letteriario che si tiene annualmente a Cuneo?,Scrittorincittà,Scrittorincittà - Wikipedia,What is the name of the literary festival held annually in Cuneo?,,Scrittorincittà,,,,,
85,pietro2617,Tommaso Cerruti,ita_latn,Italy,"Quale cantautore ha scritto la canzone ""In un tempo piccolo""?",Franco Califano,Un tempo piccolo - Wikipedia,"Which singer-songwriter wrote the song ""In un tempo piccolo""?",,Franco Califano,,,,,
86,pietro2617,Tommaso Cerruti,ita_latn,Italy,Qual'è il nome d'arte del rapper italiano Raffaello Canu?,Caneda,Caneda - Wikipedia,What is the stage name of Italian rapper Raffaello Canu?,,Caneda,,,,,
87,pietro2617,Tommaso Cerruti,ita_latn,Italy,"Dove si trova la piazza ""Piazza del Foro""?",Brescia,Piazza del Foro - Wikipedia,"Where is the ""Piazza del Foro"" square located?",,Brescia,,,,,
88,pietro2617,Tommaso Cerruti,ita_latn,Italy,Quando si tiene la giornata del cinema italiano?,20 gennaio,Giornata mondiale del cinema italiano - Wikipedia,When is Italian Cinema Day?,,January 20th,,,,,
89,pietro2617,Tommaso Cerruti,ita_latn,Italy,"A chi è ispirato la trama del film ""Le ali""?",Gianfranco Paglia,Le ali - Wikipedia,"Who inspired the plot of the film ""Wings""?","Who inspired the plot of the film ""Le ali""?",Gianfranco Paglia,,pietro2617,,,
90,pietro2617,Tommaso Cerruti,ita_latn,Italy,"Quale comici dirigero il film ""Area Paradiso""?",Diego Abatantuono e Armando Trivellini,Area Paradiso - Wikipedia,"Which comedian will direct the film ""Area Paradiso""?",,Diego Abatantuono and Armando Trivellini,,,,,
91,pietro2617,Tommaso Cerruti,ita_latn,Italy,Come si chiama il pane dolce tipico dell'isola d'Elba?,Ceremito,Ceremito - Wikipedia,What is the name of the sweet bread typical of the island of Elba?,,Ceremito,,,,,
92,pietro2617,Tommaso Cerruti,ita_latn,Italy,"Che aspetto assume il dolce ""Latte Brulè""?",Budino,Latte brulè - Wikipedia,"What does the sweet ""Brühl Milk"" look like?","What does the sweet ""Latte Brulè"" look like?",Pudding,,pietro2617,,,
93,pietro2617,Tommaso Cerruti,ita_latn,Italy,In quale ambito si è distinto Andrea Abati?,Fotografia,Andrea Abati - Wikipedia,In what field did Andrea Abati distinguish himself?,,Photograph,Photography,Tommaso Cerruti,,,
94,pietro2617,Tommaso Cerruti,ita_latn,Italy,Come si chiama la rivista fotografica fondata da Paolo Namias?,Zoom,Zoom (rivista) - Wikipedia,What is the name of the photography magazine founded by Paolo Namias?,,Zoom,,,,,
95,pietro2617,Tommaso Cerruti,ita_latn,Italy,Quale importante archivio raccoglie milioni di immagini sulla storia della Toscana?,Archivio Foto Locchi,Archivio Foto Locchi - Wikipedia,Which important archive collects millions of images on the history of Tuscany?,,Locchi Photo Archive,Foto Locchi Archive,pietro2617,,,
96,pietro2617,Tommaso Cerruti,ita_latn,Italy,"Chi ha inventato la coreografia musicale ""La boule de neige""?",Fabrizio Monteverde,La Boule de neige - Wikipedia,"Who invented the musical choreography ""La boule de neige""?",,Fabrizio Monteverde,,,,,
97,pietro2617,Tommaso Cerruti,ita_latn,Italy,"In quale importante occasione si tiene l'evento ""La Cavalchina""?",Carnevale di Venezia,Cavalchina - Wikipedia,"On what important occasion is the ""La Cavalchina"" event held?",,Venice Carnival,,,,,x
98,pietro2617,Tommaso Cerruti,ita_latn,Italy,L'azienda Crucianelli è famosa per produrre che tipo di prodotti?,Strumenti musicali,Crucianelli - Wikipedia,What kind of products is Crucianelli famous for?,,Musical instruments,,,,,x
99,pietro2617,Tommaso Cerruti,ita_latn,Italy,In che ruolo giocava il calciatore Giuseppe Angelini?,centrocampista,Giuseppe Angelini (calciatore) - Wikipedia,What position did the footballer Giuseppe Angelini play?,,midfielder,,,,,
100,pietro2617,Tommaso Cerruti,ita_latn,Italy,Come si chiama il piatto tipo della città di Levanto?,Gattafin,Levanto - Wikipedia,What is the name of the typical dish from the city of Levanto?,,Gattafin,,,,,
101,pietro2617,Tommaso Cerruti,ita_latn,Italy,Qual'è il nome d'arte del cantautore Stefano Bannò?,Anansi,Anansi (cantante) - Wikipedia,What is the stage name of singer-songwriter Stefano Bannò?,,Anansi,,,,,
102,pietro2617,Tommaso Cerruti,ita_latn,Italy,"Quale gruppo musicale ha pubblicato l'album ""Amen""?",Baustelle,Amen (Baustelle) - Wikipedia,"Which band released the album ""Amen""?",,Baustelle,,,,,
103,pietro2617,Tommaso Cerruti,ita_latn,Italy,"In quale città nasce il cantante ""Bianco""?",Torino,Bianco (cantante) - Wikipedia,"In which city was the singer ""Bianco"" born?",,Turin,,,,,
104,pietro2617,Tommaso Cerruti,ita_latn,Italy,Come si chiama il teatro situato a Campobasso?,Teatro Savoia,Teatro Savoia - Wikipedia,What is the name of the theater located in Campobasso?,,Savoy Theatre,,,,,
105,pietro2617,Tommaso Cerruti,ita_latn,Italy,Quale film di Brando Improta è stato girato nella città di Crotone?,Ed è subito commedia,Ed è subito commedia - Wikipedia,Which Brando Improta film was shot in the city of Crotone?,,And it's immediately a comedy,Ed è subito commedia,,,,
106,Tommaso Cerruti,pietro2617,ita_latn,Italy,Come si chiama il panino livornese farcito con torta di ceci?,5 e 5,5 e 5 - Wikipedia,What is the name of the Livorno sandwich filled with chickpea cake?,,5 and 5,5 e 5,Tommaso Cerruti,,,
107,Tommaso Cerruti,pietro2617,ita_latn,Italy,In quale città si disputa il Palio di San Ranieri il 17 giugno?,Pisa,Palio di San Ranieri - Wikipedia,In which city is the Palio di San Ranieri held on June 17?,,Pisa,,,,,
108,Tommaso Cerruti,pietro2617,ita_latn,Italy,Come si chiama il prodotto da forno romagnolo diffuso nell’area faentina-forlivese?,Bracciatello,Bracciatello - Wikipedia,What is the name of the Romagna baked product popular in the Faenza-Forlì area?,,Bracelet,Bracciatello,Tommaso Cerruti,,,
109,Tommaso Cerruti,pietro2617,ita_latn,Italy,Quale film italiano del 2017 è tratto dall’omonimo romanzo di Carlo D’Amicis?,La guerra dei cafoni,La guerra dei cafoni - Wikipedia,Which 2017 Italian film is based on the novel of the same name by Carlo D'Amicis?,,The war of the peasants,La guerra dei cafoni,Tommaso Cerruti,,,
110,Tommaso Cerruti,pietro2617,ita_latn,Italy,Come si chiamano gli involtini di carne tipici di Messina e provincia?,Braciole alla messinese,Braciole alla messinese - Wikipedia,What are the typical meat rolls from Messina and its province called?,,Messina-style chops,,,,,
111,Tommaso Cerruti,pietro2617,ita_latn,Italy,Quale gara podistica internazionale si svolge a Catania durante i festeggiamenti di Sant’Agata?,Trofeo Sant'Agata,Trofeo Sant'Agata - Wikipedia,Which international running race takes place in Catania during the celebrations for Saint Agatha?,,Sant'Agata Trophy,,,,,
112,Tommaso Cerruti,pietro2617,ita_latn,Italy,Come si chiama la pietanza salernitana detta anche ciambotta cilentana?,Cianfotta salernitana,Cianfotta salernitana - Wikipedia,What is the name of the Salerno dish also known as ciambotta cilentana?,,Salerno Cianfotta,,,,,
113,Tommaso Cerruti,pietro2617,ita_latn,Italy,Quale film del 2017 è scritto e diretto da Claudio Amendola?,Il permesso - 48 ore fuori,Il permesso 48 ore fuori - Wikipedia,Which 2017 film was written and directed by Claudio Amendola?,,The permit - 48 hours out,Il permesso - 48 ore fuori,Tommaso Cerruti,,,
114,Tommaso Cerruti,pietro2617,ita_latn,Italy,"Come si chiama la zuppa romagnola a base di fagioli, patate, lardo e castagne?",Buzéga,Buzéga - Wikipedia,"What is the name of the Romagna soup made with beans, potatoes, lard, and chestnuts?",,Buzéga,,,,,
115,Tommaso Cerruti,pietro2617,ita_latn,Italy,Quale giostra cavalleresca di Narni consiste nell’infilare un anello con la lancia?,Corsa all'anello,Corsa all'anello - Wikipedia,Which chivalric joust in Narni involves threading a ring with a lance?,,Race to the ring,,,,,
116,Tommaso Cerruti,pietro2617,ita_latn,Italy,Come si chiama il brodo piacentino usato tradizionalmente per cuocere gli anolini?,Brodo di quarta,Brodo di quarta - Wikipedia,What is the name of the Piacenza broth traditionally used to cook anolini?,,Fourth broth,Brodo di quarta,Tommaso Cerruti,,,
117,Tommaso Cerruti,pietro2617,ita_latn,Italy,Quale film del 2018 è ispirato alla vera storia del Coro Polifonico di Ruda?,Resina,Resina (film) - Wikipedia,Which 2018 film is inspired by the true story of the Ruda Polyphonic Choir?,,Resin,,,,,
118,Tommaso Cerruti,pietro2617,ita_latn,Italy,"Come si chiama il dolce turese di pasta di mandorle cotte, zucchero e amarene?",Faldacchea,Faldacchea - Wikipedia,"What is the name of the Turese dessert made with cooked almond paste, sugar, and black cherries?",,Faldacchea,,,,,
119,Tommaso Cerruti,pietro2617,ita_latn,Italy,"In quale città si tiene la Giostra dell’orso, rievocazione moderna dell’antico palio dei berberi?",Pistoia,Giostra dell'orso - Wikipedia,"In which city is the Giostra dell'Orso held, a modern reenactment of the ancient Berber Palio?",,Pistoia,,,,,
120,Tommaso Cerruti,pietro2617,ita_latn,Italy,"Come si chiama il dolce povero vicentino fatto con pane, latte, uova e miele?",Macafame,Macafame - Wikipedia,"What is the name of the poor man's dessert from Vicenza made with bread, milk, eggs, and honey?",,Macafame,,,,,
121,Tommaso Cerruti,pietro2617,ita_latn,Italy,Quale film del 2022 è un remake del film francese C’est la vie - Prendila come viene?,Il giorno più bello,Il giorno più bello (film) - Wikipedia,Which 2022 film is a remake of the French film C’est la vie?,,The most beautiful day,Il giorno più bello,Tommaso Cerruti,,,
122,Tommaso Cerruti,pietro2617,ita_latn,Italy,Come si chiama il dolce pasquale perugino rosso e ricoperto di meringa?,Ciaramicola,Ciaramicola - Wikipedia,"What is the name of the red, meringue-covered Easter cake from Perugia?",,Ciaramicola,,,,,
123,Tommaso Cerruti,pietro2617,ita_latn,Italy,Quale società sportiva milanese è storicamente legata al canottaggio?,Canottieri Milano,Canottieri Milano - Wikipedia,Which Milanese sports club is historically linked to rowing?,,Rowing Club Milan,Canottieri Milano,Tommaso Cerruti,,,
124,Tommaso Cerruti,pietro2617,ita_latn,Italy,Come si chiama il dolce bergamasco con pasta di mandorle gialla e uccelletti di cioccolato o marzapane?,Polenta e osei,Polenta e osei - Wikipedia,What is the name of the Bergamo dessert with yellow almond paste and chocolate or marzipan birds?,,Polenta and osei,,,,,x
125,Tommaso Cerruti,pietro2617,ita_latn,Italy,Quale film del 2017 di Valentina Pedicini racconta il progetto di pulizia etnica contro gli Jenisch in Svizzera?,Dove cadono le ombre,Dove cadono le ombre - Wikipedia,Which 2017 film by Valentina Pedicini depicts the ethnic cleansing project against the Yenish in Switzerland?,,Where the shadows fall,Dove cadono le ombre,Tommaso Cerruti,,,
126,Ivan Spada,"Francesca Grasso, Rachele Mignone",ita_latn,Italy,Quale animale è il simbolo del Parco del Gran Paradiso? ,Stambecco,https://it.wikipedia.org/wiki/Parco_nazionale_del_Gran_Paradiso,Which animal is the symbol of the Gran Paradiso National Park?,,Ibex,,,,,
127,Ivan Spada,"Francesca Grasso, Rachele Mignone",ita_latn,Italy,Quali edifici in pietra a forma di torre sono famosi in sardegna?,Nuraghe,https://it.wikipedia.org/wiki/Nuraghe,Which stone tower-shaped buildings are famous in Sardinia?,,Nuraghe,,,,,
128,Ivan Spada,"Francesca Grasso, Rachele Mignone",ita_latn,Italy,Come si chiama la famosa pasta ripiena bolognese tradizionalmente servita in brodo?,Tortellini,https://it.wikipedia.org/wiki/Tortellini,What is the name of the famous Bolognese stuffed pasta traditionally served in broth?,,Tortellini,,,,,
129,Ivan Spada,"Francesca Grasso, Rachele Mignone",ita_latn,Italy,Quale fu la prima capitale d'Italia?,Torino,https://it.wikipedia.org/wiki/Torino,What was the first capital of Italy?,,Turin,,,,,
130,Ivan Spada,"Francesca Grasso, Rachele Mignone",ita_latn,Italy,"Chi ha cantato ""La Solitudine"" al Festival di Sanremo nel 1993? ",Laura Pausini,https://it.wikipedia.org/wiki/Laura_Pausini,"Who sang ""La Solitudine"" at the Sanremo Music Festival in 1993?",,Laura Pausini,,,,,
131,Ivan Spada,"Francesca Grasso, Rachele Mignone",ita_latn,Italy,Come si chiama la località più a sud della Puglia?,Santa Maria di Leuca,https://it.wikipedia.org/wiki/Santa_Maria_di_Leuca,What is the name of the southernmost town in Puglia?,,Santa Maria di Leuca,,,,,
132,Ivan Spada,"Francesca Grasso, Rachele Mignone",ita_latn,Italy,Qual è il monumento simbolo del Piemonte?,Sacra di San Michele,https://it.wikipedia.org/wiki/Sacra_di_San_Michele ,What is the symbolic monument of Piedmont?,,Sacra di San Michele,,,,,
133,Ivan Spada,"Francesca Grasso, Rachele Mignone",ita_latn,Italy,Quale grande fiume attraversa la Pianura Padana?,Il Po,https://it.wikipedia.org/wiki/Fiumi_d%27Italia,Which major river crosses the Po Valley?,,The Po,,,,,
134,Ivan Spada,"Francesca Grasso, Rachele Mignone",ita_latn,Italy,Quale azienda italiana d'informatica è stata tra quelle più conosciute al mondo per le macchine da scrivere?,Olivetti,https://it.wikipedia.org/wiki/Olivetti,Which Italian computer company was among the most famous in the world for its typewriters?,,Olivetti,,,,,
135,Ivan Spada,"Francesca Grasso, Rachele Mignone",ita_latn,Italy,Quale città italiana è conosciuta per i Sassi?,Matera,https://it.wikipedia.org/wiki/Matera,Which Italian city is known for its Sassi?,,Matera,,,,,
136,Ivan Spada,"Francesca Grasso, Rachele Mignone",ita_latn,Italy,Come si chiama il famoso aperitivo di Bassano del Grappa?,Mezzoemezzo,https://www.nardini.it/product/19646690/mezzoemezzo-nardini?lang=it,What is the name of the famous aperitif from Bassano del Grappa?,,Half and a half,Mezzoemezzo,Ivan Spada,,,
137,Ivan Spada,"Francesca Grasso, Rachele Mignone",ita_latn,Italy,Qual è l'unica regione italiana a non avere contemporaneamente né sbocchi sul mare né confini internazionali?,Umbria,https://it.wikipedia.org/wiki/Umbria,What is the only Italian region that is simultaneously landlocked and without international borders?,,Umbria,,,,,
138,Ivan Spada,"Francesca Grasso, Rachele Mignone",ita_latn,Italy,Come si chiamava il festival musicale per bambini nato a fine anni 50'?,Zecchino d'Oro,https://it.wikipedia.org/wiki/Zecchino_d'Oro,What was the name of the children's music festival that started in the late 1950s?,,Zecchino d'Oro,,,,,
139,Ivan Spada,"Francesca Grasso, Rachele Mignone",ita_latn,Italy,Quale sistema di autenticazione viene usato in Italia per la pubblica amministrazione dal 2013?,SPID,https://it.wikipedia.org/wiki/SPID,Which authentication system has been used in Italy for public administration since 2013?,,SPID,,,,,
140,Ivan Spada,"Francesca Grasso, Rachele Mignone",ita_latn,Italy,Come si chiama l'azienda che gestisce le Ferrovie dello Stato Italiane?,Trenitalia,https://it.wikipedia.org/wiki/Trenitalia,What is the name of the company that runs the Italian State Railways?,,Trenitalia,,,,,
141,Ivan Spada,"Francesca Grasso, Rachele Mignone",ita_latn,Italy,Come si chiama l'esame conclusivo della scuola secondaria italiana?,Maturità,https://it.wikipedia.org/wiki/Esame_di_maturità ,What is the final exam of Italian secondary school called?,,Maturity,Maturità,Ivan Spada,,,
142,Ivan Spada,"Francesca Grasso, Rachele Mignone",ita_latn,Italy,Come si chiama il famoso pupazzo a forma di topolino della televisione italiana nato a fine anni 50'?,Topo Gigio,https://it.wikipedia.org/wiki/Topo_Gigio,What is the name of the famous Mickey Mouse puppet from Italian television created in the late 1950s?,,Topo Gigio,,,,,
143,Ivan Spada,"Francesca Grasso, Rachele Mignone",ita_latn,Italy,Quale ponte crollò nell'agosto del 2018 in Liguria?,Ponte Morandi,https://it.wikipedia.org/wiki/Crollo_del_viadotto_Polcevera,Which bridge collapsed in Liguria in August 2018?,,Morandi Bridge,,,,,
144,Ivan Spada,"Francesca Grasso, Rachele Mignone",ita_latn,Italy,In quale regione italiana si trova la Costa Smeralda?,Sardegna,https://it.wikipedia.org/wiki/Costa_Smeralda,In which Italian region is the Costa Smeralda located?,,Sardinia,,,,,
145,Ivan Spada,"Francesca Grasso, Rachele Mignone",ita_latn,Italy,Chi rappresenta la statua a Verona il cui seno è strofinato dai turisti per buona fortuna?,Giulietta,https://www.venetoinside.com/it/news-e-curiosita/la-statua-di-giulietta-a-verona,Who is represented by the statue in Verona whose breasts are rubbed by tourists for good luck?,,Juliet,,,,,
146,Ivan Spada,"Francesca Grasso, Rachele Mignone",ita_latn,Italy,Come si chiama la barriera che difende Venezia dalle maree?,MOSE,https://it.wikipedia.org/wiki/MOSE,What is the name of the barrier that protects Venice from the tides?,,MOSES,MOSE,Ivan Spada,,,
147,Ivan Spada,"Francesca Grasso, Rachele Mignone",ita_latn,Italy,"Quale acqua delle pubblicità italiane fa fare tanta ""plin plin""?",Rocchetta,https://www.rocchetta.it/parliamo-di-plin-plin-acqua-rocchetta-diuresi/,"Which water in Italian commercials makes you go ""plin plin"" so much?",,Rocchetta,,,,,
148,Ivan Spada,"Francesca Grasso, Rachele Mignone",ita_latn,Italy,"Chi è la conduttrice de ""La prova del cuoco""?",Antonella Clerici,https://it.wikipedia.org/wiki/La_prova_del_cuoco,"Who is the host of ""La prova del cuoco""?",,Antonella Clerici,,,,,
149,Ivan Spada,"Francesca Grasso, Rachele Mignone",ita_latn,Italy,Da quale località proviene il famoso pistacchio siciliano?,Bronte,https://it.wikipedia.org/wiki/Pistacchio_verde_di_Bronte,Where does the famous Sicilian pistachio come from?,,Bronte,,,,,
150,Ivan Spada,"Francesca Grasso, Rachele Mignone",ita_latn,Italy,"Come si chiama il pane piatto senza lievito, tipicamente farcito, proveniente dalla Romagna?",Piadina,https://it.wikipedia.org/wiki/Piadina_romagnola,"What is the name of the unleavened flatbread, typically filled, from Romagna?",,Piadina,,,,,
151,Ivan Spada,"Francesca Grasso, Rachele Mignone",ita_latn,Italy,Come si chiamano le famose maschere di carnevale sarde con una maschera nera e le grosse campane?,Mamuthones,https://it.wikipedia.org/wiki/Mamuthones,What are the famous Sardinian carnival masks with a black mask and large bells called?,,Mamuthones,,,,,
152,Ivan Spada,"Francesca Grasso, Rachele Mignone",ita_latn,Italy,Quale infrastruttura controversa tra la Calabria e la Sicilia è per anni oggetto di rivalutazioni?,Ponte ,https://it.wikipedia.org/wiki/Ponte_sullo_stretto_di_Messina,Which controversial infrastructure between Calabria and Sicily has been the subject of reevaluations for years?,,Bridge ,,,,,
153,Ivan Spada,"Francesca Grasso, Rachele Mignone",ita_latn,Italy,Come si chiama la prima politica italiana transgender?,Marcella Di Folco,https://it.wikipedia.org/wiki/Marcella_Di_Folco,What is the name of the first transgender Italian politician?,,Marcella Di Folco,,,,,
154,Ivan Spada,"Francesca Grasso, Rachele Mignone",ita_latn,Italy,Qual è l'unica regione italiana a non avere autostrade?,Sardegna,https://it.wikipedia.org/wiki/Trasporti_in_Sardegna,What is the only Italian region without highways?,,Sardinia,,,,,
155,Ivan Spada,"Francesca Grasso, Rachele Mignone",ita_latn,Italy,Qual è il cognome delle famose gemelle della televisione italiana negli anni 60'?,Kessler,https://www.ilpost.it/2025/11/17/gemelle-kessler-in-italia/,What was the last name of the famous twins of Italian television in the 1960s?,,Kessler,,,,,
156,Ivan Spada,"Francesca Grasso, Rachele Mignone",ita_latn,Italy,"Secondo un detto popolare, durante le pulizie cosa non bisogna strofinare sui piedi per potersi ancora sposare?",Scopa,https://www.corriere.it/tecnologia/cards/origini-10-superstizioni-popolari/passare-scopa-piedi-una-donna-single.shtml,"According to a popular saying, what should you avoid rubbing on your feet while cleaning to still be able to get married?",,Broom,,,,,
157,Ivan Spada,"Francesca Grasso, Rachele Mignone",ita_latn,Italy,"Quale uccello in un famoso detto popolare ""non fa primavera""?",Rondine,https://it.wikipedia.org/wiki/Una_rondine_non_fa_primavera,"Which bird in a famous popular saying ""doesn't make a spring""?",,Swallow,,,,,
158,Ivan Spada,"Francesca Grasso, Rachele Mignone",ita_latn,Italy,"Quale marchio italiano è conosciuto come casa automobilistica del ""Biscione""?",Alfa Romeo,https://it.wikipedia.org/wiki/Marchio_Alfa_Romeo,"Which Italian brand is known as the ""Biscione"" car manufacturer?",,Alfa Romeo,,,,,
159,Ivan Spada,"Francesca Grasso, Rachele Mignone",ita_latn,Italy,"Quale penisola viene chiamata ""tacco dell'Italia""?",Penisola Salentina,https://it.wikipedia.org/wiki/Salento,"Which peninsula is called the ""heel of Italy""?",,Salento Peninsula,,,,,
160,Ivan Spada,"Francesca Grasso, Rachele Mignone",ita_latn,Italy,"Quale politica italiana è diventata famosa per avere come slogan l'essere donna, madre e cristiana?",Giorgia Meloni,https://it.wikipedia.org/wiki/Giorgia_Meloni,"Which Italian politician became famous for having as her slogan ""being a woman, a mother, and a Christian""?",,Georgia Meloni,,,,,
161,Ivan Spada,"Francesca Grasso, Rachele Mignone",ita_latn,Italy,Come si chiama la diga in Friuli-Venezia Giulia conosciuta per un famoso disastro?,Diga del Vajont,https://it.wikipedia.org/wiki/Diga_del_Vajont,What is the name of the dam in Friuli-Venezia Giulia known for a famous disaster?,,Vajont Dam,,,,,
162,Ivan Spada,"Francesca Grasso, Rachele Mignone",ita_latn,Italy,Quale regione d'Italia ospita il monte più alto?,Valle d'Aosta,https://it.wikipedia.org/wiki/Vette_più_alte_per_regione_dell%27Italia,Which region of Italy is home to the highest mountain?,,Aosta Valley,,,,,
163,Ivan Spada,"Francesca Grasso, Rachele Mignone",ita_latn,Italy,Durante quale festività religiosa è tipico preparare la pastiera napoletana?,Pasqua,https://it.wikipedia.org/wiki/Pastiera_napoletana,During which religious holiday is it typical to prepare Neapolitan pastiera?,,Easter,,,,,
164,Ivan Spada,"Francesca Grasso, Rachele Mignone",ita_latn,Italy,Quale nave naufragò nel 2012 nei pressi dell'Isola del Giglio?,Costa Concordia,https://it.wikipedia.org/wiki/Naufragio_della_Costa_Concordia,Which ship sank near Giglio Island in 2012?,,Costa Concordia,,,,,
165,Rachele Mignone,"Francesca Grasso, Ivan Spada",ita_latn,Italy,"Quale dolce veronese è il ""rivale"" del panettone durante le festività natalizie? ",Pandoro,https://it.wikipedia.org/wiki/Pandoro,Which Veronese dessert rivals panettone during the Christmas holidays?,,Pandoro,,,,,
166,Rachele Mignone,"Francesca Grasso, Ivan Spada",ita_latn,Italy,Quale film rappresenta l'eordio cinematografico di Checco Zalone?,Cado Dalle Nubi,https://it.wikipedia.org/wiki/Cado_dalle_nubi,Which film marks Checco Zalone's cinematic debut?,,I Fall From the Clouds,Cado Dalle Nubi,Rachele Mignone,,,
167,Rachele Mignone,"Francesca Grasso, Ivan Spada",ita_latn,Italy,Come si chiama il lupo blu protagonista di una serie a fumetti di Silver?,Lupo Alberto,https://it.wikipedia.org/wiki/Lupo_Alberto,What is the name of the blue wolf who is the protagonist of a comic series by Silver?,,Wolf Alberto,Lupo Alberto,Rachele Mignone,,,
168,Rachele Mignone,"Francesca Grasso, Ivan Spada",ita_latn,Italy,Come si chiama il tipico pane sardo sottile e croccante?,Carasau,https://it.wikipedia.org/wiki/Pane_carasau,What is the name of the typical thin and crunchy Sardinian bread?,,Carasau,,,,,
169,Rachele Mignone,"Francesca Grasso, Ivan Spada",ita_latn,Italy,Con quale soprannome è conosciuta la nazionale di calcio italiana maschile?,Gli Azzurri,https://it.wikipedia.org/wiki/Nazionale_maschile_di_calcio_dell%27Italia,What nickname is the Italian men's national soccer team known by?,,The Azzurri,,,,,
170,Rachele Mignone,"Francesca Grasso, Ivan Spada",ita_latn,Italy,Come si chiama la stuatua dorata che svetta sulla guglia maggiore del Duomo di Milano? ,Madonnina,https://it.wikipedia.org/wiki/Madonnina,What is the name of the golden statue that stands atop the main spire of Milan Cathedral?,,Madonna,Madonnina,Rachele Mignone,,,
171,Rachele Mignone,"Francesca Grasso, Ivan Spada",ita_latn,Italy,Come si chiama il famoso veicolo a tre ruote della Piaggio?,Ape,https://it.wikipedia.org/wiki/Piaggio_Ape,What is the name of Piaggio's famous three-wheeled vehicle?,,Bee,Ape,Rachele Mignone,,,
172,Rachele Mignone,"Francesca Grasso, Ivan Spada",ita_latn,Italy,In quale precisa città piemontese è stata fondata ed ha la sua sede principale l'azienda dolciaria Ferrero?,Alba,https://it.wikipedia.org/wiki/Ferrero_(azienda),In which specific Piedmontese city was the Ferrero confectionery company founded and has its headquarters?,,Sunrise,Alba,Rachele Mignone,,,
173,Rachele Mignone,"Francesca Grasso, Ivan Spada",ita_latn,Italy,Per quale taglio di capelli è conosciuta Raffaella Carrà?,Caschetto,https://it.wikipedia.org/wiki/Raffaella_Carr%C3%A0,What haircut is Raffaella Carrà known for?,,Helmet,Bob cut,Rachele Mignone,,,
174,Rachele Mignone,"Francesca Grasso, Ivan Spada",ita_latn,Italy,"Chi è stato lo storico giornalista e divulgatore scientifico italiano, ideatore e conduttore del programma ""Superquark""?",Piero Angela,https://it.wikipedia.org/wiki/Superquark,"Who was the historic Italian journalist and science communicator, creator and host of the program ""Superquark""?",,Piero Angela,,,,,
175,Rachele Mignone,"Francesca Grasso, Ivan Spada",ita_latn,Italy,Quanti anni scolastici dura il ciclo completo della scuola primaria in Italia?,cinque,https://it.wikipedia.org/wiki/Scuola_primaria_in_Italia,How many school years does the complete primary school cycle last in Italy?,,five,,,,,
176,Rachele Mignone,"Francesca Grasso, Ivan Spada",ita_latn,Italy,"Quale catena di supermercati italiana è famosa per il logo con una grande lettera ""S"" allungata?",Esselunga,https://it.wikipedia.org/wiki/Esselunga,"Which Italian supermarket chain is famous for its logo featuring a large, elongated letter ""S""?",,Esselunga,,,,,
177,Rachele Mignone,"Francesca Grasso, Ivan Spada",ita_latn,Italy,Come si chiama il gelato su cui si posson leggere brevi vignette divertenti? ,Cucciolone,https://it.wikipedia.org/wiki/Cucciolone,What is the name of the ice cream that has funny short cartoons on it?,,Big puppy,Cucciolone,Rachele Mignone,,,
178,Rachele Mignone,"Francesca Grasso, Ivan Spada",ita_latn,Italy,"In quale gioco simile al bingo, ad ogni numero possono essere associati significati della Smorfia? ",Tombola,https://it.wikipedia.org/wiki/Tombola,In which bingo-like game can each number be associated with Smorfia meanings?,,Tombola,,,,,
179,Rachele Mignone,"Francesca Grasso, Ivan Spada",ita_latn,Italy,"A quale santo patrono di Napoli è associato il celebre rito religioso dell'attesa per la ""liquefazione del sangue""?",San Gennaro,https://it.wikipedia.org/wiki/Festa_di_San_Gennaro,"Which patron saint of Naples is associated with the famous religious rite of waiting for the ""liquefaction of the blood""?",,Saint Januarius,,,,,
180,Rachele Mignone,"Francesca Grasso, Ivan Spada",ita_latn,Italy,"In quale città italiana è ambientata la storica e longeva soap opera televisiva ""Un posto al sole""?",Napoli,https://it.wikipedia.org/wiki/Un_posto_al_sole_(soap_opera),"In which Italian city is the long-running and historic television soap opera ""Un Posto al Sole"" set?",,Naples,,,,,
181,Rachele Mignone,"Francesca Grasso, Ivan Spada",ita_latn,Italy,Di quale regione italiana sono tipici i cannoli?,Sicilia,https://it.wikipedia.org/wiki/Cannolo_siciliano,Which Italian region is home to cannoli?,,Sicily,,,,,
182,Rachele Mignone,"Francesca Grasso, Ivan Spada",ita_latn,Italy,Quale città italiana è conosciuta per la battaglia delle arance?,Ivrea,https://it.wikipedia.org/wiki/Carnevale_di_Ivrea#La_battaglia_delle_arance,Which Italian city is known for the Battle of the Oranges?,,Ivrea,,,,,
183,Rachele Mignone,"Francesca Grasso, Ivan Spada",ita_latn,Italy,"Quale formaggio cremoso, originario della Lombardia, è l'ingrediente caseario indispensabile per la crema del tiramisù?",Mascarpone,https://it.wikipedia.org/wiki/Mascarpone,"Which creamy cheese, originally from Lombardy, is the essential dairy ingredient for tiramisu cream?",,Mascarpone,,,,,
184,Rachele Mignone,"Francesca Grasso, Ivan Spada",ita_latn,Italy,Come si chiama il grande lago prealpino su cui si affacciano località come Sirmione e Desenzano?,Lago di Garda,https://it.wikipedia.org/wiki/Lago_di_Garda,What is the name of the large pre-Alpine lake that overlooks towns like Sirmione and Desenzano?,,Lake Garda,,,,,
185,Rachele Mignone,"Francesca Grasso, Ivan Spada",ita_latn,Italy,"Come si chiama il gioco di carte tradizionale italiano in cui l'obiettivo è ""catturare"" le carte sul tavolo, e che prevede punti speciali come le ""denari"" e la ""primiera""?",Scopa,https://it.wikipedia.org/wiki/Scopa_(gioco),"What is the name of the traditional Italian card game in which the goal is to ""capture"" the cards on the table, and which involves special points such as ""denari"" and ""primiera""?",,Broom,Scopa,Rachele Mignone,,,
186,Rachele Mignone,"Francesca Grasso, Ivan Spada",ita_latn,Italy,Con quale altro nome è conosciuta l'Enciclopedia Italiana? ,Treccani,https://it.wikipedia.org/wiki/Enciclopedia_Treccani,What other name is the Italian Encyclopedia known by?,,Treccani,,,,,
187,Rachele Mignone,"Francesca Grasso, Ivan Spada",ita_latn,Italy,Come si chiama il gelato al caffé della Nestlé venduto in una tazzina di plastica marrone? ,Coppa del Nonno,https://it.wikipedia.org/wiki/Coppa_del_nonno,What is the name of the Nestlé coffee ice cream sold in a brown plastic cup?,,Grandfather's Cup,Coppa del Nonno,Rachele Mignone,,,
188,Rachele Mignone,"Francesca Grasso, Ivan Spada",ita_latn,Italy,Come viene comunemente chiamata in italia la festa celebrata il lunedì di Pasqua?,Pasquetta,https://it.wikipedia.org/wiki/Luned%C3%AC_dell%27Angelo,What is the holiday celebrated on Easter Monday commonly called in Italy?,,Easter Monday,Pasquetta,Rachele Mignone,,,
189,Rachele Mignone,"Francesca Grasso, Ivan Spada",ita_latn,Italy,Come si chiama la famosa e storica corsa di cavalli che si tiene due volte l'anno in Piazza del Campo a Siena?,Palio di Siena,https://it.wikipedia.org/wiki/Palio_di_Siena,What is the name of the famous and historic horse race held twice a year in Siena's Piazza del Campo?,,Palio of Siena,,,,,
190,Rachele Mignone,"Francesca Grasso, Ivan Spada",ita_latn,Italy,"Quale programma televisivo satirico ha come mascotte un pupazzo rosso chiamato ""Gabibbo""?",Striscia la notizia,https://it.wikipedia.org/wiki/Gabibbo,"Which satirical TV show has a red puppet named ""Gabibbo"" as its mascot?",,Striscia la notizia,,,,,
191,Rachele Mignone,"Francesca Grasso, Ivan Spada",ita_latn,Italy,"Come si chiama la tipica caffettiera in alluminio, composta da tre pezzi, usata nelle case italiane per preparare il caffè sul fornello?",Moka,https://it.wikipedia.org/wiki/Moka,What is the name of the typical three-piece aluminum coffee maker used in Italian homes to make coffee on the stovetop?,,Moka,,,,,
192,Rachele Mignone,"Francesca Grasso, Ivan Spada",ita_latn,Italy,Come si chiama la festa nazionale che si celebra in Italia ogni anno il 25 aprile?,Festa della Liberazione,https://it.wikipedia.org/wiki/Anniversario_della_liberazione_d'Italia,What is the name of the national holiday celebrated in Italy every year on April 25th?,,Liberation Day,,,,,
193,Rachele Mignone,"Francesca Grasso, Ivan Spada",ita_latn,Italy,Come si chiama il famoso liquore italiano a base di carciofo?,Cynar,https://it.wikipedia.org/wiki/Cynar,What is the name of the famous Italian artichoke-based liqueur?,,Cynar,,,,,
194,Rachele Mignone,"Francesca Grasso, Ivan Spada",ita_latn,Italy,Che tipo di mezzo di trasporto è Italo?,Treno,https://it.wikipedia.org/wiki/Italo_-_Nuovo_Trasporto_Viaggiatori,What type of transport is Italo?,,Train,,,,,
195,Rachele Mignone,"Francesca Grasso, Ivan Spada",ita_latn,Italy,Come si chiama il palazzo sede del Governo italiano?,Palazzo Chigi,https://it.wikipedia.org/wiki/Palazzo_Chigi,What is the name of the building that houses the Italian government?,,Chigi Palace,,,,,
196,Rachele Mignone,"Francesca Grasso, Ivan Spada",ita_latn,Italy,Che pianta viene regalata solitamente l'8 marzo in occasione della festa della donna in italia?,Mimosa,https://it.wikipedia.org/wiki/Giornata_internazionale_della_donna,What plant is usually given as a gift on March 8th for Women's Day in Italy?,,Mimosa,,,,,
197,Rachele Mignone,"Francesca Grasso, Ivan Spada",ita_latn,Italy,"Quale formato di pasta, simile a piccole orecchie, è il simbolo indiscusso della tradizione gastronomica pugliese?",Orecchiette,https://it.wikipedia.org/wiki/Orecchiette,"Which pasta shape, resembling small ears, is the undisputed symbol of Puglia's gastronomic tradition?",,Orecchiette,,,,,
198,Rachele Mignone,"Francesca Grasso, Ivan Spada",ita_latn,Italy,"Come si chiama il salume tipico calabrese, morbido, spalmabile e notoriamente molto piccante?",`Nduja,https://it.wikipedia.org/wiki/%27Nduja,"What is the name of this typical Calabrian cured meat, soft, spreadable, and notoriously spicy?",,`Nduja,,,,,
199,Rachele Mignone,"Francesca Grasso, Ivan Spada",ita_latn,Italy,Come si chiama il teatro in cui si svolge il Festival della Canzone Italiana? ,Ariston,https://it.wikipedia.org/wiki/Festival_di_Sanremo,What is the name of the theater where the Italian Song Festival takes place?,,Ariston,,,,,
200,Rachele Mignone,"Francesca Grasso, Ivan Spada",ita_latn,Italy,Di quale città sono tipiche Carbonara e Gricia? ,Roma,https://it.wikipedia.org/wiki/Cucina_romana,Which city are Carbonara and Gricia typical of?,,Rome,,,,,
201,Rachele Mignone,"Francesca Grasso, Ivan Spada",ita_latn,Italy,Quale casa editrice italiana è famosa per la vendita di album di figurine di calciatori?,Panini,https://it.wikipedia.org/wiki/Panini_(azienda),Which Italian publishing house is famous for selling football sticker albums?,,Sandwiches,Panini,Rachele Mignone,,,
202,Rachele Mignone,"Francesca Grasso, Ivan Spada",ita_latn,Italy,In quale città dell'Emilia-Romagna si produce tradizionalmente il famoso Aceto Balsamico?,Modena,https://it.wikipedia.org/wiki/Aceto_Balsamico_di_Modena,In which city in Emilia-Romagna is the famous Balsamic Vinegar traditionally produced?,,Modena,,,,,
203,Rachele Mignone,"Francesca Grasso, Ivan Spada",ita_latn,Italy,In quale regione italiana si trovano le Langhe?,Piemonte,https://it.wikipedia.org/wiki/Langhe,In which Italian region are the Langhe located?,,Piedmont,,,,,
204,Rachele Mignone,"Francesca Grasso, Ivan Spada",ita_latn,Italy,Come si chiama il principale teatro lirico di Venezia? ,la Fenice,https://it.wikipedia.org/wiki/Gran_Teatro_La_Fenice,What is the name of Venice's main opera house?,,the Phoenix,la Fenice,Rachele Mignone,,,
205,Rachele Mignone,"Francesca Grasso, Ivan Spada",ita_latn,Italy,Quale fiore è tipicamente associato ai cimiteri in italia?,crisantemo,https://it.wikipedia.org/wiki/Chrysanthemum,Which flower is typically associated with cemeteries in Italy?,,chrysanthemum,,,,,
206,Rachele Mignone,"Francesca Grasso, Ivan Spada",ita_latn,Italy,Quale cibo si crede possa portare soldi se mangiato a capodanno?,Lenticchie,https://it.wikipedia.org/wiki/Capodanno,What food is believed to bring money if eaten on New Year's Eve?,,Lentils,,,,,
207,Francesca Grasso,"Rachele Mignone, Ivan Spada",ita_latn,Italy,"Quale squadra di calcio è anche chiamata ""la vecchia signora""?",Juventus,https://it.wikipedia.org/wiki/Juventus_Football_Club,"Which football team is also called ""the old lady""?",,Juventus,,,,,
208,Francesca Grasso,"Rachele Mignone, Ivan Spada",ita_latn,Italy,"Chi pronunciava la frase ""Allegria!"" in televisione?",Mike Bongiorno,https://it.wikipedia.org/wiki/Mike_Bongiorno,"Who was famous for saying the catchphrase ""Allegria!"" on Italian television?",,Mike Bongiorno,,,,,
209,Francesca Grasso,"Rachele Mignone, Ivan Spada",ita_latn,Italy,In quale regione si trovava la civiltà nuragica?,In Sardegna,https://it.wikipedia.org/wiki/Civilt%C3%A0_nuragica,In which region was the Nuragic civilization located?,,In Sardinia,,,,,
210,Francesca Grasso,"Rachele Mignone, Ivan Spada",ita_latn,Italy,"Qual è la marca italiana di budino al latte ""con le macchie""?",Cameo,https://www.cameo.it/prodotti/s/dessert/muu-muu,"What is the Italian brand of milk pudding ""with spots""?",,Cameo,,,,,
211,Francesca Grasso,"Rachele Mignone, Ivan Spada",ita_latn,Italy,"Chi è l'artista italiana che canta ""Milano, sushi & coca""?",Myss Keta,https://it.wikipedia.org/wiki/Myss_Keta,"Who is the Italian artist who sings ""Milan, sushi & coke""?","Who is the Italian artist who sings ""Milano, sushi & coca""?",Myss Keta,,Francesca Grasso,,,
212,Francesca Grasso,"Rachele Mignone, Ivan Spada",ita_latn,Italy,"Chi canta ""I bambini fanno Oh""?",Povia,https://it.wikipedia.org/wiki/I_bambini_fanno_%22ooh...%22,"Who sings ""Children Say Oh""?","Who sings ""I bambini fanno Oh""?",Povia,,Francesca Grasso,,,
213,Francesca Grasso,"Rachele Mignone, Ivan Spada",ita_latn,Italy,Chi ha vinto il premio Strega Deutschland nel 2026?,Alcide Pierantozzi,https://it.wikipedia.org/wiki/Alcide_Pierantozzi,Who won the Strega Prize Deutschland in 2026?,,Alcide Pierantozzi,,,,,
214,Francesca Grasso,"Rachele Mignone, Ivan Spada",ita_latn,Italy,Qual è il nome del ragazzo morto durante il G8 di Genova del 2001?,Carlo Giuliani,https://it.wikipedia.org/wiki/Carlo_Giuliani,What is the name of the boy who died during the G8 in Genoa in 2001?,,Carlo Giuliani,,,,,
215,Francesca Grasso,"Rachele Mignone, Ivan Spada",ita_latn,Italy,Qual è il brand del celebre spot ambientato in paradiso con Paolo Bonolis e Luca laurenti?,Lavazza,https://torino.repubblica.it/cronaca/2012/01/12/news/lavazza_saluta_bonolis_e_laurenti_addio_dopo_11_anni_di_spot-27990868/,What is the brand behind the famous commercial set in paradise with Paolo Bonolis and Luca Laurenti?,Which brand is featured in the famous commercial set in Heaven starring Paolo Bonolis and Luca Laurenti?,Lavazza,,Francesca Grasso,,,
216,Francesca Grasso,"Rachele Mignone, Ivan Spada",ita_latn,Italy,Quale animale è testimonial dello spot pubblicitario del Crodino?,Gorilla,https://www.engage.it/brand-e-aziende/crodino-torna-gorilla.aspx,Which animal is the testimonial of the Crodino commercial?,,Gorilla,,,,,
217,Francesca Grasso,"Rachele Mignone, Ivan Spada",ita_latn,Italy,"Come si chiama l'antropologo italiano autore del libro ""la terra del rimorso""?",Ernesto De Martino,https://it.wikipedia.org/wiki/La_terra_del_rimorso._Contributo_a_una_storia_religiosa_del_Sud,"What is the name of the Italian anthropologist who wrote the book ""The Land of Remorse""?","What is the name of the Italian anthropologist who wrote the book ""La terra del rimorso""?",Ernesto De Martino,,Francesca Grasso,,,
218,Francesca Grasso,"Rachele Mignone, Ivan Spada",ita_latn,Italy,"Come si chiama la famosa truffatrice televisiva italiana denominata ""regina delle televendite""?",Wanna Marchi,https://it.wikipedia.org/wiki/Wanna_Marchi,"What is the name of the famous Italian television scammer known as the ""Queen of Telesales""?",,Wanna Marchi,,,,,
219,Francesca Grasso,"Rachele Mignone, Ivan Spada",ita_latn,Italy,"Come si chiamava il gruppo comico italiano composto da Massimo Lopez, Anna Marchesini, e Tullio Solenghi?",Il Trio,https://it.wikipedia.org/wiki/Il_Trio,"What was the name of the Italian comedy group made up of Massimo Lopez, Anna Marchesini, and Tullio Solenghi?",,The Trio,,,,,
220,Francesca Grasso,"Rachele Mignone, Ivan Spada",ita_latn,Italy,"Come si chiama il conduttore del celebre programma televisivo italiano ""Blu Notte""?",Carlo Lucarelli,https://it.wikipedia.org/wiki/Blu_notte_-_Misteri_italiani,"What is the name of the host of the famous Italian television program ""Blu Notte""?",,Carlo Lucarelli,,,,,
221,Francesca Grasso,"Rachele Mignone, Ivan Spada",ita_latn,Italy,Come si chiamava il movimento politico fondato da Mario Adinolfi?,Il Popolo della Famiglia,https://it.wikipedia.org/wiki/Mario_Adinolfi,What was the name of the political movement founded by Mario Adinolfi?,,The People of the Family,Il Popolo della Famiglia,Francesca Grasso,,,
222,Francesca Grasso,"Rachele Mignone, Ivan Spada",ita_latn,Italy,Come si chiamava il disk jokey degli Eiffel 65?,Gabry Ponte,https://it.wikipedia.org/wiki/Eiffel_65,What was the name of the Eiffel 65 disk jockey?,,Gabry Ponte,,,,,
223,Francesca Grasso,"Rachele Mignone, Ivan Spada",ita_latn,Italy,Come si chiama la vecchina che tipicamente porta i doni durante l'Epifania?,Befana,https://it.wikipedia.org/wiki/Befana,What is the name of the old lady who typically brings gifts during Epiphany?,,Hag,Befana,Francesca Grasso,,,
224,Francesca Grasso,"Rachele Mignone, Ivan Spada",ita_latn,Italy,"In quale località venne pronunciata la famosa frase ""Non ce n'è Coviddi""?",Mondello,https://www.corriere.it/cronache/22_giugno_23/angela-mondello-nuovo-positiva-signora-non-c-coviddi-ospedale-5c98f338-f2df-11ec-970d-cecc1e4d6a45.shtml,"In which place was the famous phrase ""There is no Coviddi"" uttered?",,Mondello,,,,,
225,Francesca Grasso,"Rachele Mignone, Ivan Spada",ita_latn,Italy,"Qual è il cognome del violinista genovese famoso per la celebre frase ""[cognome] non ripete""?",Paganini,https://it.wikipedia.org/wiki/Niccol%C3%B2_Paganini,"What is the last name of the Genoese violinist famous for the famous phrase ""[surname] doesn't repeat""?",,Paganini,,,,,
226,Francesca Grasso,"Rachele Mignone, Ivan Spada",ita_latn,Italy,Qual è il nome della moglie di Giuseppe Garibaldi?,Anita,https://it.wikipedia.org/wiki/Giuseppe_Garibaldi,What is the name of Giuseppe Garibaldi's wife?,,Anita,,,,,
227,Francesca Grasso,"Rachele Mignone, Ivan Spada",ita_latn,Italy,"In quale località è stata girata la sitcom ""Don Matteo""?",Gubbio,https://it.wikipedia.org/wiki/Don_Matteo,"Where was the sitcom ""Don Matteo"" filmed?",,Gubbio,,,,,
228,Francesca Grasso,"Rachele Mignone, Ivan Spada",ita_latn,Italy,"Come si chiama la regista di ""La chimera""?",Alice Rohrwacher,https://it.wikipedia.org/wiki/La_chimera_(film),"What is the name of the director of ""La chimera""?",,Alice Rohrwacher,,,,,
229,Francesca Grasso,"Rachele Mignone, Ivan Spada",ita_latn,Italy,"Secondo la celebre canzone dello Zecchino d'Oro, chi sa come fa il coccodrillo?",Nessuno,https://it.wikipedia.org/wiki/Il_coccodrillo_come_fa%3F,"According to the famous Zecchino d'Oro song, who knows how the crocodile does it?",,Nobody,,,,,
230,Francesca Grasso,"Rachele Mignone, Ivan Spada",ita_latn,Italy,"Come si chiama il famoso vino aromatizzato tipico di Torino, utilizzato anche in cocktail come Negroni e Martini?",Vermouth,https://it.wikipedia.org/wiki/Vermut,"What is the name of the famous aromatized wine typical of Turin, also used in cocktails like Negroni and Martini?",,Vermouth,,,,,
231,Francesca Grasso,"Rachele Mignone, Ivan Spada",ita_latn,Italy,Chi era il cantante dei Lunapop?,Cesare Cremonini,https://it.wikipedia.org/wiki/L%C3%B9napop,Who was the singer of Lunapop?,,Cesare Cremonini,,,,,
232,Francesca Grasso,"Rachele Mignone, Ivan Spada",ita_latn,Italy,Qual era il modello di auto in cui fu trovato il corpo di Aldo Moro?,Renault 4,https://it.wikipedia.org/wiki/Caso_Moro,What model of car was Aldo Moro's body found in?,,Renault 4,,,,,
233,Francesca Grasso,"Rachele Mignone, Ivan Spada",ita_latn,Italy,Di che regione è originario Franco Battiato?,Sicilia,https://it.wikipedia.org/wiki/Franco_Battiato,What region is Franco Battiato from?,,Sicily,,,,,
234,Francesca Grasso,"Rachele Mignone, Ivan Spada",ita_latn,Italy,"Sulla falsariga del fantacalcio, come si chiama la raccolta dei momenti più iconici del festival della musica italiana?",Fantasanremo,https://it.wikipedia.org/wiki/FantaSanremo,"In the vein of fantasy football, what is the name of this collection of the most iconic moments from the Italian music festival?","Inspired by fantasy football (fantacalcio), what is the name of the collection of the most iconic moments from Italy's national music festival?",We'll fantasize,Fantasanremo,Francesca Grasso,,,
235,Francesca Grasso,"Rachele Mignone, Ivan Spada",ita_latn,Italy,Come si chiama l'opera di Manzoni che inizia menzionando il lago di Como?,I promessi sposi,https://it.wikipedia.org/wiki/I_promessi_sposi,What is the name of Manzoni's work that begins by mentioning Lake Como?,,The Betrothed,I Promessi Sposi,Francesca Grasso,,,
236,Francesca Grasso,"Rachele Mignone, Ivan Spada",ita_latn,Italy,Come si chiama il collettivo di cui fa parte il rapper Franco126?,Lovegang,https://it.wikipedia.org/wiki/Franco126,What is the name of the collective that rapper Franco126 is part of?,,Lovegang,,,,,
237,Francesca Grasso,"Rachele Mignone, Ivan Spada",ita_latn,Italy,"Chi conduce il programma televisovo ""Belve""?",Francesca Fagnani,https://it.wikipedia.org/wiki/Belve,"Who hosts the TV show ""Belve""?",,Francesca Fagnani,,,,,
238,Francesca Grasso,"Rachele Mignone, Ivan Spada",ita_latn,Italy,Come si chiama la bambina protagonista dei Caroselli Rai per i formaggini Invernizzi dagli anni '60 agli anni '70?,Susanna Tuttapanna,https://it.wikipedia.org/wiki/Susanna_Tuttapanna,What was the name of the little girl who starred in the Rai Carosello commercials for Invernizzi cheeses from the 1960s to the 1970s?,,Susanna Tuttapanna,,,,,
239,Francesca Grasso,"Rachele Mignone, Ivan Spada",ita_latn,Italy,"Come si chiama il cantante della band italiana ""I Cani""?",Niccolò Contessa,https://it.wikipedia.org/wiki/I_Cani,"What is the name of the singer of the Italian band ""I Cani""?",,Nicholas Countess,Niccolò Contessa,Francesca Grasso,,,
240,Francesca Grasso,"Rachele Mignone, Ivan Spada",ita_latn,Italy,"Quale prodotto era pubblicizzato dal tormentone ""Du gust is megl che uan""?",Maxibon Motta,https://lagazzettadelpubblicitario.it/rubriche/adv-history/du-gust-is-megl-che-uan/,"Which product was advertised with the catchphrase ""Du gust is megl che uan""?",,Maxibon Motta,,,,,
241,Francesca Grasso,"Rachele Mignone, Ivan Spada",ita_latn,Italy,Dove viene conservata la Sacra Sindone?,Duomo di Torino,https://it.wikipedia.org/wiki/Sindone_di_Torino,Where is the Holy Shroud kept?,,Turin Cathedral,,,,,
242,Francesca Grasso,"Rachele Mignone, Ivan Spada",ita_latn,Italy,"Come si dice tipicamente ""papà"" in Toscana?",babbo,https://it.wikipedia.org/wiki/Padre,"How do you typically say ""dad"" in Tuscany?",,dad,babbo,Francesca Grasso,,,
243,Francesca Grasso,"Rachele Mignone, Ivan Spada",ita_latn,Italy,Qual è l'animale presente nella novella di Boccaccio del Decameron che narra di Chichibio?,Una gru,https://it.wikisource.org/wiki/Decameron/Giornata_sesta/Novella_quarta,What animal is present in Boccaccio's tale of Chichibio from the Decameron?,,A crane,,,,,
244,Francesca Grasso,"Rachele Mignone, Ivan Spada",ita_latn,Italy,"Come si chiama il ""re dei paparazzi"" italiani sul quale hanno anche fatto una docuserie?",Fabrizio Corona,https://it.wikipedia.org/wiki/Fabrizio_Corona,"What's the name of the Italian ""king of the paparazzi"" who even made a docuseries about him?",,Fabrizio Corona,,,,,
245,Francesca Grasso,"Rachele Mignone, Ivan Spada",ita_latn,Italy,Da quale località ligure proviene la focaccia col formaggio?,Recco,https://it.wikipedia.org/wiki/Focaccia_con_il_formaggio,Where in Liguria does focaccia col formaggio come from?,,Recco,,,,,
246,Francesca Grasso,"Rachele Mignone, Ivan Spada",ita_latn,Italy,Come si chiama il pulcino nero protagonista della pubbblicità del detersivo Ava?,Calimero,https://it.wikipedia.org/wiki/Calimero,What is the name of the black chick in the Ava detergent commercial?,,Calimero,,,,,
247,Francesca Grasso,"Rachele Mignone, Ivan Spada",ita_latn,Italy,Come si chiama la tradizionale danza popolare del Salento?,Pizzica,https://it.wikipedia.org/wiki/Pizzica,What is the name of the traditional folk dance of Salento?,,Pinch,Pizzica,Francesca Grasso,,,
248,Francesca Grasso,"Rachele Mignone, Ivan Spada",ita_latn,Italy,"Come si chiama la località in cui si svolge il ""Festival dell'Alta Felicità""?",Venaus,https://www.altafelicita.org/,"What is the name of the place where the ""Festival dell'Alta Felicità"" takes place?",,Venaus,,,,,
249,Francesca Grasso,"Rachele Mignone, Ivan Spada",ita_latn,Italy,Quale cantante canta la maggior parte delle sigle italiane dei cartoni animati degli anni '80 e '90?,Cristina D'Avena,https://it.wikipedia.org/wiki/Cristina_D%27Avena,Which singer sings the most Italian cartoon theme songs from the 80s and 90s?,,Cristina D'Avena,,,,,
250,Francesca Grasso,"Rachele Mignone, Ivan Spada",ita_latn,Italy,"Quale cantante è conosciuto come lo ""Zio"" nella scena rap italiana?",J-Ax,https://www.iodonna.it/spettacoli/musica/2022/08/05/j-ax-lo-zio-del-rap-compie-50-anni/,"Which singer is known as ""Uncle"" in the Italian rap scene?",,J-Ax,,,,,
251,Lorenzo_Basile1,Diego_Doimo1,ita_latn,Italy,Come è denominato il periodo di tempo corrispondente agli ultimi sei mesi del mandato del Presidente della Repubblica Italiana?,Semestre bianco,https://it.wikipedia.org/wiki/Semestre_bianco,What is the name of the period corresponding to the last six months of the mandate of the President of the Italian Republic?,,White semester,Semestre bianco,Lorenzo_Basile1,,,
252,Alberto_Cazzaniga1,Lorenzo_Basile1,ita_latn,Italy,"Quale cantante napoletano che mantiene anonima la sua identità ha esordito nel 2017 con ""9 Maggio"" ?",Liberato,https://it.wikipedia.org/wiki/Liberato_%28cantante%29,"Which Neapolitan singer who keeps his identity anonymous made his debut in 2017 with ""9 Maggio""?",,Freed,Liberato,Alberto_Cazzaniga1,,,
253,Alberto_Cazzaniga1,Lorenzo_Basile1,ita_latn,Italy,"Quale espressione, resa celebre da Enrico Berlinguer, indica la denuncia della degenerazione etica dei partiti nella vita pubblica italiana?",Questione morale,https://it.wikipedia.org/wiki/Questione_morale,"What expression, made famous by Enrico Berlinguer, denounces the ethical degeneration of political parties in Italian public life?",,Moral question,Questione Morale,Diego_Doimo1,,,
254,Lorenzo_Basile1,Diego_Doimo1,ita_latn,Italy,"Secondo un noto proverbio italiano, a cosa non si guarda in bocca?",Caval donato,https://it.wikipedia.org/wiki/A_caval_donato_non_si_guarda_in_bocca,"According to a well-known Italian proverb, what shouldn't you look in the mouth?",,Gift horse,,,,,
255,Lorenzo_Basile1,Diego_Doimo1,ita_latn,Italy,Quale presidente della Repubblica è ricordato per una celebre partita a carte coi calciatori della nazionale italiana?,Sandro Pertini,https://it.wikipedia.org/wiki/Finale_del_campionato_mondiale_di_calcio_1982,Which President of the Republic is remembered for a famous card game with the Italian national football team?,,Sandro Pertini,,,,,
256,Lorenzo_Basile1,Diego_Doimo1,ita_latn,Italy,Quale politico italiano degli anni 2010 è noto col soprannome di 'rottamatore'?,Matteo Renzi,https://www.treccani.it/magazine/lingua_italiana/articoli/parole/Neopolitica21.html,Which Italian politician from the 2010s is known by the nickname 'scrap dealer'?,Which Italian politician from the 2010s is known by the nickname 'rottamatore'?,Matteo Renzi,,Lorenzo_Basile1,,,
257,Lorenzo_Basile1,Diego_Doimo1,ita_latn,Italy,Come si chiama il gioco trasmesso in prima serata da Rai 1 che coinvolge dei pacchi?,Affari Tuoi,https://it.wikipedia.org/wiki/Affari_tuoi,What is the name of the game broadcast on Rai 1 in prime time that involves packages?,,Your Business,Affari Tuoi,Lorenzo_Basile1,,,
258,Lorenzo_Basile1,Diego_Doimo1,ita_latn,Italy,"Quale presentatore televisivo italiano è stato coinvolto in un clamoroso caso giudiziario, a cui è risultato totalmente estraneo?",Enzo Tortora,https://it.wikipedia.org/wiki/Enzo_Tortora#Il_.22caso_Tortora.22,"Which Italian television presenter has been involved in a sensational legal case, in which he was completely innocent?",,Enzo Tortora,,,,,
259,Diego_Doimo1,Lorenzo_Basile1,ita_latn,Italy,"Completa il seguente modo di dire italiano: ""Tra il dire e il fare""",C'è di mezzo il mare,https://www.treccani.it/vocabolario/ricerca/Tra-il-dire-e-il-fare-c-%C3%A8-di-mezzo-il-mare/Sinonimi_e_Contrari/,"Complete the following Italian idiom: ""Between saying and doing""",,There's the sea in between,,,,,
260,Diego_Doimo1,Lorenzo_Basile1,ita_latn,Italy,Dove si tiene il più famoso festival della canzone popolare italiana?,Sanremo,https://it.wikipedia.org/wiki/Festival_di_Sanremo,Where is the most famous Italian folk song festival held?,,Sanremo,,,,,
261,Diego_Doimo1,Lorenzo_Basile1,ita_latn,Italy,Quanti anni dura la scuola elementare italiana?,5,https://it.wikipedia.org/wiki/Scuola_primaria_in_Italia,How long does Italian elementary school last?,How many years does Italian elementary school last?,5,,,,,
262,Diego_Doimo1,Lorenzo_Basile1,ita_latn,Italy,Qual è il nome usato per indicare le strade pedonali a Venezia?,Calli,https://it.wikipedia.org/wiki/Calle,What is the name used to indicate pedestrian streets in Venice?,,Calluses,Calli,Lorenzo_Basile1,,,
263,Diego_Doimo1,Lorenzo_Basile1,ita_latn,Italy,Quale montagna è nota come la regina delle Dolomiti?,Marmolada,https://it.wikipedia.org/wiki/Marmolada,Which mountain is known as the queen of the Dolomites?,,Marmolada,,,,,
264,Diego_Doimo1,Lorenzo_Basile1,ita_latn,Italy,"Qual è il nome comunemente usato per chiamare le chiacchiere, dolce tipico del periodo di carnevale, nel triveneto?",Crostoli,https://it.wikipedia.org/wiki/Chiacchiere,"What is the common name for chiacchiere, a typical Carnival dessert in the Tri-Veneto region?","What is the common name for chiacchiere, a typical Carnival dessert in the Italian Tri-Veneto region?",Crostoli,,,,,
265,Diego_Doimo1,Lorenzo_Basile1,ita_latn,Italy,"Quali sono il nome e il cognome del cantautore che ha cantato ""La guerra di Piero?""",Fabrizio De André,https://it.wikipedia.org/wiki/La_guerra_di_Piero,"What is the name and surname of the singer-songwriter who sang ""La guerra di Piero?""",,Fabrizio De André,,,,,
266,Diego_Doimo1,Lorenzo_Basile1,ita_latn,Italy,Qual è il soprannome di Fabrizio De André?,Faber,https://it.wikipedia.org/wiki/Fabrizio_De_Andr%C3%A9,What is Fabrizio De André's nickname?,,Faber,,,,,
267,Diego_Doimo1,Lorenzo_Basile1,ita_latn,Italy,Come si chiama la coppia di amanti più famosa della Divina Commedia?,Paolo e Francesca,https://it.wikipedia.org/wiki/Paolo_e_Francesca,What is the name of the most famous pair of lovers in the Divine Comedy?,,Paolo and Francesca,,,,,
268,Diego_Doimo1,Lorenzo_Basile1,ita_latn,Italy,Qual è il nome popolare dell'inchiesta che ha indagato lo scandalo di tangentopoli?,Mani Pulite,https://it.wikipedia.org/wiki/Mani_pulite,What is the popular name of the investigation that investigated the Tangentopoli scandal?,,Clean Hands,Mani Pulite,Lorenzo_Basile1,,,
269,Diego_Doimo1,Lorenzo_Basile1,ita_latn,Italy,"Come sono chiamati gli anni settanta italiani, in relazione al clima di estremizzazione politica e agli atti di terrorismo?",Anni di Piombo,https://it.wikipedia.org/wiki/Anni_di_piombo,"What are the Italian 1970s called, in relation to the climate of political extremism and acts of terrorism?",,Years of Lead,,,,,
270,Diego_Doimo1,Lorenzo_Basile1,ita_latn,Italy,"Quale presidente della Repubblica italiano pronunciò le famose parole: ""Io non ci sto""?",Oscar Luigi Scalfaro,https://it.wikipedia.org/wiki/Messaggio_straordinario_alla_Nazione_di_Oscar_Luigi_Scalfaro_(3_novembre_1993),"Which Italian President of the Republic uttered the famous words: ""I'm not in this""?",,Oscar Luigi Scalfaro,,,,,
271,Diego_Doimo1,Lorenzo_Basile1,ita_latn,Italy,Come si chiama il dolce che si mangia durante l'epifania nel triveneto?,Pinza,https://it.wikipedia.org/wiki/Torta_pinza,What is the name of the dessert eaten during Epiphany in the Tri-Veneto region?,What is the name of the dessert eaten during Epiphany in the Italian Tri-Veneto region?,Pliers,Pinza,Lorenzo_Basile1,,,
272,Diego_Doimo1,Lorenzo_Basile1,ita_latn,Italy,Con quale rituale goliardico si festeggia chi si laurea a Padova?,Papiro,https://it.wikipedia.org/wiki/Papiro_di_laurea,What's the usual celebratory ritual for graduating from Padua?,,Papyrus,Papiro,Lorenzo_Basile1,,,
273,Diego_Doimo1,Lorenzo_Basile1,ita_latn,Italy,Come si chiama il salone del Palazzo Montecitorio dove i giornalisti intervistano i politici durante le elezioni del presidente della repubblica?,Transatlantico,https://it.wikipedia.org/wiki/Palazzo_Montecitorio,What is the name of the hall in the Montecitorio Palace where journalists interview politicians during presidential elections?,,Transatlantic,Transatlantico,Lorenzo_Basile1,,,
274,Diego_Doimo1,Lorenzo_Basile1,ita_latn,Italy,Come si chiama il falò che si accende tradizionalmente durante l'epifania in Veneto?,Panevin,https://it.wikipedia.org/wiki/Fal%C3%B2_di_inizio_anno,What is the name of the bonfire traditionally lit during Epiphany in Veneto?,,Panevin,,,,,
275,Alessandro_Pietro_Serra,Lorenzo_Basile1,ita_latn,Italy,Come si chiama il ponte crollato nel 2018 a Genova?,Morandi,https://it.wikipedia.org/wiki/Crollo_del_viadotto_Polcevera,What is the name of the bridge that collapsed in Genoa in 2018?,,Morandi,,,,,
276,Alessandro_Pietro_Serra,Lorenzo_Basile1,ita_latn,Italy,Come si chiama il polo televisivo fondato da Silvio Berlusconi?,Mediaset,https://it.wikipedia.org/wiki/Mediaset,What is the name of the television company founded by Silvio Berlusconi?,,Mediaset,,,,,
277,Alessandro_Pietro_Serra,Lorenzo_Basile1,ita_latn,Italy,Qual è il nome degli agnolotti tipici della cucina piemontese?,Agnolotti del plin,https://it.wikipedia.org/wiki/Agnolotti_piemontesi,What is the name of the typical Piedmontese agnolotti?,,Agnolotti del plin,,,,,
278,Alessandro_Pietro_Serra,Lorenzo_Basile1,ita_latn,Italy,"Come si chiama lo storico capitano del Cagliari fra gli anni 60', 70' che guidò la squadra nella vittoria del primo e unico scudetto?",Gigi Riva,https://it.wikipedia.org/wiki/Gigi_Riva,What is the name of the historic Cagliari captain in the 1960s and 1970s who led the team to win their first and only Scudetto?,,Gigi Riva,,,,,
279,Alessandro_Pietro_Serra,Lorenzo_Basile1,ita_latn,Italy,"Chi ha scritto ""Natale in Casa Cupiello""?",Eduardo De Filippo,https://it.wikipedia.org/wiki/Natale_in_casa_Cupiello,"Who wrote ""Christmas at the Cupiello House""?","Who wrote ""Natale in Casa Cupiello""?",Eduardo De Filippo,,Alessandro_Pietro_Serra,,,
280,Alessandro_Pietro_Serra,Lorenzo_Basile1,ita_latn,Italy,Cosa si chiama colloquialmente il giorno dopo Pasqua in Italia?,Pasquetta,https://it.wikipedia.org/wiki/Luned%C3%AC_dell%27Angelo,What is the day after Easter colloquially called in Italy?,,Easter Monday,Pasquetta,Lorenzo_Basile1,,,
281,Alessandro_Pietro_Serra,Lorenzo_Basile1,ita_latn,Italy,Qual è l'emittente televisiva statale più importante in Italia?,Rai,https://it.wikipedia.org/wiki/Rai,What is the most important state television station in Italy?,,Rai,,,,,
282,Alessandro_Pietro_Serra,Lorenzo_Basile1,ita_latn,Italy,"Continua la seguente espressione idiomatica italiana: ""Avere il latte alle...""",Ginocchia,https://www.europassitalian.com/it/blog/modi-di-dire/,"The following Italian idiom continues: ""To have milk at...""",,Knees,,,,,x
283,Alessandro_Pietro_Serra,Lorenzo_Basile1,ita_latn,Italy,Qual è il giornale di enigmistica più famoso in italia?,La Settimana Enigmistica,https://it.wikipedia.org/wiki/La_Settimana_Enigmistica,What is the most famous puzzle magazine in Italy?,,The Puzzle Week,La Settimana Enigmistica ,Alessandro_Pietro_Serra,,,
284,Alessandro_Pietro_Serra,Lorenzo_Basile1,ita_latn,Italy,Come si chiama il celebre protagonista dei libri di avventura di Emilio Salgari?,Sandokan,https://it.wikipedia.org/wiki/Sandokan,What is the name of the famous protagonist of Emilio Salgari's adventure books?,,Sandokan,,,,,
285,Alessandro_Pietro_Serra,Lorenzo_Basile1,ita_latn,Italy,"Quale partito italiano è noto come ""partito del carroccio""?",Lega Nord,https://it.wikipedia.org/wiki/Lega_Nord,"Which Italian party is known as the ""Carroccio party""?",,Northern League,Lega Nord,Alessandro_Pietro_Serra,,,
286,Alessandro_Pietro_Serra,Lorenzo_Basile1,ita_latn,Italy,"Come si chiama la famosa bevanda torinese a base caffè, cioccolato e latte?",Bicerin,https://it.wikipedia.org/wiki/Bicerin,"What is the name of the famous Turin drink made with coffee, chocolate, and milk?",,Bicerin,,,,,
287,Alessandro_Pietro_Serra,Lorenzo_Basile1,ita_latn,Italy,Qual è il giornale di economia più famoso in Italia?,Il Sole 24 ore,https://it.wikipedia.org/wiki/Il_Sole_24_Ore,What is the most famous economics newspaper in Italy?,,Il Sole 24 ore,,,,,
288,Alessandro_Pietro_Serra,Lorenzo_Basile1,ita_latn,Italy,Come viene chiamata l'autostrada che collega Milano a Napoli?,Autostrada del Sole,https://it.wikipedia.org/wiki/Autostrada_A1_(Italia),What is the name of the highway connecting Milan to Naples?,,Highway of the Sun,Autostrada del Sole,Lorenzo_Basile1,,,
289,Alessandro_Pietro_Serra,Lorenzo_Basile1,ita_latn,Italy,Quale presidente della Repubblica Italiana è stato anche un partigiano durante la seconda guerra mondiale?,Sandro Pertini,https://it.wikipedia.org/wiki/Sandro_Pertini,Which President of the Italian Republic was also a partisan during the Second World War?,,Sandro Pertini,,,,,
290,Alessandro_Pietro_Serra,Lorenzo_Basile1,ita_latn,Italy,"Durante il risorgimento a Milano e Venezia comparvero scritte sui muri che recitavano ""W Verdi"". Qual era il vero significato di queste scritte?",Viva Vittorio Emanuele Re D'Italia,https://it.wikipedia.org/wiki/Viva_Verdi,"During the Risorgimento, graffiti appeared on walls in Milan and Venice reading ""W Verdi."" What was the true meaning of these graffiti?",,"Long live Victor Emmanuel, King of Italy!",,,,,
291,Alessandro_Pietro_Serra,Lorenzo_Basile1,ita_latn,Italy,"Cosa significa la lettera ""W"" quando si sta acclamando qualcosa, per esempio ""W l'Italia""?",Viva,https://www.treccani.it/vocabolario/viva/,"What does the letter ""W"" mean when you're cheering for something, for example, ""W l'Italia""?",,Viva,,,,,
292,Alessandro_Pietro_Serra,Lorenzo_Basile1,ita_latn,Italy,Qual è il nome del programma televisivo italiano che dagli anni '50 agli anni '70 trasmetteva cortometraggi commissionati da inserzionisti commerciali?,Carosello,https://it.wikipedia.org/wiki/Carosello,What is the name of the Italian television program that from the 1950s to the 1970s broadcast short films commissioned by commercial advertisers?,,Carousel,Carosello,Lorenzo_Basile1,,,
293,Alessandro_Pietro_Serra,Lorenzo_Basile1,ita_latn,Italy,"Da quale romanzo è tratta la celebre frase: ""Se vogliamo che tutto rimanga come è, bisogna che tutto cambi.""",Il Gattopardo,https://it.wikipedia.org/wiki/Il_Gattopardo,"From which novel is the famous phrase taken: ""If we want everything to stay the same, everything must change.""","From which Italian novel is the famous phrase taken: ""If we want everything to stay the same, everything must change.""",The Leopard,,,,,
294,Alessandro_Pietro_Serra,Lorenzo_Basile1,ita_latn,Italy,"Guardando quale film il ragioner Fantozzi interpretato da Paolo Villaggio esclama:  ""è una cagata pazzesca!""",La Corazzata Kotiomkin,https://it.wikipedia.org/wiki/La_corazzata_Pot%C3%ABmkin,"Watching which film the accountant Fantozzi played by Paolo Villaggio exclaims: ""It's a load of crap!""",,The Battleship Kotiomkin,La Corazzata Kotiomkin,Lorenzo_Basile1,,,
295,Alessandro_Pietro_Serra,Lorenzo_Basile1,ita_latn,Italy,Quale cantautore si suicidò poco dopo la sua eliminazione al festival di San Remo?,Luigi Tenco,https://it.wikipedia.org/wiki/Luigi_Tenco,Which singer-songwriter committed suicide shortly after being eliminated from the Sanremo Festival?,,Luigi Tenco,,,,,
296,Alessandro_Pietro_Serra,Lorenzo_Basile1,ita_latn,Italy,"Quale famoso motociclista era soprannominato ""The Doctor""?",Valentino Rossi,https://it.wikipedia.org/wiki/Valentino_Rossi,"Which famous motorcyclist was nicknamed ""The Doctor""?","Which famous Italian motorcyclist was nicknamed ""The Doctor""?",Valentino Rossi,,,,,
297,Alessandro_Pietro_Serra,Lorenzo_Basile1,ita_latn,Italy,Dove è nato il celebre cantante Lucio Dalla?,Bologna,https://it.wikipedia.org/wiki/Lucio_Dalla,Where was the famous singer Lucio Dalla born?,,Bologna,,,,,
298,Francesco_Ortu1,Lorenzo_Basile1,ita_latn,Italy,Come viene chiamato comunemente l'esame di Stato che si sostiene in Italia alla fine delle scuole superiori?,Maturità,https://it.wikipedia.org/wiki/Esame_di_maturit%C3%A0_(ordinamento_italiano),What is the common name for the state exam taken in Italy at the end of high school?,,Maturity,Maturità,,,,
299,Francesco_Ortu1,Lorenzo_Basile1,ita_latn,Italy,Qual è il voto minimo con cui si è promossi in una materia nella scuola italiana?,6,https://it.wikipedia.org/wiki/Scuola_secondaria_di_secondo_grado_in_Italia,What is the minimum grade needed to pass a subject in Italian schools?,,6,,,,,
300,Francesco_Ortu1,Lorenzo_Basile1,ita_latn,Italy,Come si chiama l'insufficienza che uno studente deve recuperare per essere ammesso all'anno successivo in Italia?,Debito formativo,https://it.wikipedia.org/wiki/Scuola_secondaria_di_secondo_grado_in_Italia,What is the name of the failure that a student must recover to be admitted to the following year in Italy?,,Educational debt,,,,,
301,Francesco_Ortu1,Lorenzo_Basile1,ita_latn,Italy,Con quale numero è noto il modello per la dichiarazione dei redditi di lavoratori dipendenti e pensionati in Italia?,730,https://it.wikipedia.org/wiki/Modello_730,What is the tax return form for employees and pensioners in Italy?,,730,,,,,
302,Francesco_Ortu1,Lorenzo_Basile1,ita_latn,Italy,Come si chiama in Italia il gesto di raccogliere il sugo rimasto nel piatto con un pezzo di pane?,Scarpetta,https://it.wikipedia.org/wiki/Fare_la_scarpetta,What is the Italian name for the gesture of mopping up the sauce left on your plate with a piece of bread?,,Shoe,Scarpetta,Lorenzo_Basile1,,,
303,Francesco_Ortu1,Lorenzo_Basile1,ita_latn,Italy,Come si chiama il programma Rai che ripropone spezzoni di archivio della televisione italiana nella fascia dell'access prime time estivo?,Techetechetè,https://it.wikipedia.org/wiki/Techeteche%CC%80t%C3%A8,What is the name of the Rai program that shows archive clips of Italian television during the summer prime time slot?,,Techetechetè,,,,,
304,Francesco_Ortu1,Lorenzo_Basile1,ita_latn,Italy,Con quale soprannome è conosciuto Vasco Rossi?,Il Blasco,https://it.wikipedia.org/wiki/Vasco_Rossi,What nickname is Vasco Rossi known by?,,The Blasco,Il Blasco,Lorenzo_Basile1,,,
305,Francesco_Ortu1,Lorenzo_Basile1,ita_latn,Italy,Con quale soprannome legato alla sua città natale è conosciuta la cantante Mina?,La tigre di Cremona,https://it.wikipedia.org/wiki/Mina_(cantante),"What nickname, related to her hometown, is singer Mina known by?","What nickname, related to her hometown, is Italian singer Mina known by?",The Tiger of Cremona,,,,,
306,Francesco_Ortu1,Lorenzo_Basile1,ita_latn,Italy,Come viene chiamato il grande concerto gratuito del Primo Maggio a Roma?,Il Concertone,https://it.wikipedia.org/wiki/Concerto_del_Primo_Maggio,What is the big free May Day concert in Rome called?,,The Concertone,,,,,
307,Francesco_Ortu1,Lorenzo_Basile1,ita_latn,Italy,Come si chiama in Italia il giorno di vacanza preso tra un giorno festivo e il fine settimana?,Ponte,https://www.treccani.it/vocabolario/ponte/,What is the vacation day between a holiday and a weekend called in Italy?,,Bridge,Ponte,Lorenzo_Basile1,,,
308,Francesco_Ortu1,Lorenzo_Basile1,ita_latn,Italy,"Cosa si risponde a chi dice: ""In bocca al lupo""?",Crepi il lupo,https://it.wikipedia.org/wiki/In_bocca_al_lupo,"What do you say to someone who says, ""Good luck!""?","In Italy, what do you say to someone who says ""In bocca al lupo""?",May the wolf die,Crepi il lupo,,,,
309,Francesco_Ortu1,Lorenzo_Basile1,ita_latn,Italy,Cosa si celebra in Italia il venticinque aprile?,La Liberazione,https://it.wikipedia.org/wiki/Festa_della_Liberazione,What is celebrated in Italy on April 25th?,,The Liberation,,,,,
310,Francesco_Ortu1,Lorenzo_Basile1,ita_latn,Italy,Come si chiama il dispositivo che permette di pagare i pedaggi autostradali in Italia senza fermarsi al casello?,Il Telepass,https://it.wikipedia.org/wiki/Telepass,What is the name of the device that allows you to pay motorway tolls in Italy without stopping at the toll booth?,,The Telepass,,,,,
311,Francesco_Ortu1,Lorenzo_Basile1,ita_latn,Italy,Chi gestisce le spese e le parti comuni di un edificio abitato da più famiglie in Italia?,L'amministratore di condominio,https://it.wikipedia.org/wiki/Amministratore_di_condominio,Who manages the expenses and common areas of a building inhabited by multiple families in Italy?,,The condominium administrator,,,,,
312,Lorenzo_Basile1,Francesco_Ortu1,ita_latn,Italy,Quale antico acronimo romano compare ancora oggi sullo stemma del Comune di Roma?,SPQR,https://it.wikipedia.org/wiki/SPQR,Which ancient Roman acronym still appears today on the coat of arms of the Municipality of Rome?,,SPQR,,,,,x
313,Lorenzo_Basile1,Francesco_Ortu1,ita_latn,Italy,Quale pratica napoletana prevede di pagare un caffè in più per uno sconosciuto che non se lo può permettere?,Caffè sospeso,https://it.wikipedia.org/wiki/Caff%C3%A8_sospeso,What Neapolitan custom involves paying extra for a coffee for a stranger who can't afford it?,,Suspended coffee,,,,,
314,Lorenzo_Basile1,Francesco_Ortu1,ita_latn,Italy,Come si chiamano i locali del carso triestino dove i contadini servono i propri prodotti?,Osmize,https://it.wikipedia.org/wiki/Osmiza,What are the names of the places in the Trieste Karst where farmers serve their products?,,Osmize,,,,,
315,Lorenzo_Basile1,Francesco_Ortu1,ita_latn,Italy,Quale condimento tipico napoletano si prepara principalmente con carne e cipolle?,Genovese,https://it.wikipedia.org/wiki/Genovese_(sugo),Which typical Neapolitan condiment is made mainly with meat and onions?,,Genoese,Genovese,Lorenzo_Basile1,,,
316,Lorenzo_Basile1,Francesco_Ortu1,ita_latn,Italy,"Nella cultura giovanile italiana, quale regione si dice ironicamente che non esiste?",Molise,https://www.geopop.it/perche-si-dice-che-il-molise-non-esiste-storia-e-origine-del-meme-culturale-sulla-regione-italiana/,"In Italian youth culture, which region is ironically said not to exist?",,Molise,,,,,
317,Lorenzo_Basile1,Francesco_Ortu1,ita_latn,Italy,"Durante la pandemia di COVID-19, quale regione italiana è stata maggiormente interessata dai primi focolai?",Lombardia,https://it.wikipedia.org/wiki/Pandemia_di_COVID-19_in_Italia#Primi_focolai_in_tutta_Italia,"During the COVID-19 pandemic, which Italian region was most affected by the first outbreaks?",,Lombardy,,,,,
318,Lorenzo_Basile1,Francesco_Ortu1,ita_latn,Italy,Di quale città italiana era originario Eduardo de Filippo?,Napoli,https://it.wikipedia.org/wiki/Eduardo_De_Filippo,Which Italian city was Eduardo de Filippo originally from?,,Naples,,,,,
319,Lorenzo_Basile1,Francesco_Ortu1,ita_latn,Italy,Come si chiama la criminalità organizzata calabrese?,Ndrangheta,https://it.wikipedia.org/wiki/%27Ndrangheta,What is the name of Calabrian organized crime?,,Ndrangheta,,,,,
320,Lorenzo_Basile1,Francesco_Ortu1,ita_latn,Italy,Come è chiamata colloquialmente la vittoria del campionato italiano di calcio?,Scudetto,https://it.wikipedia.org/wiki/Scudetto_(sport),What is the colloquial name for winning the Italian football championship?,,Scudetto,,,,,
321,Lorenzo_Basile1,Francesco_Ortu1,ita_latn,Italy,In quale regione italiana è prodotto il Greco di Tufo?,Campania,https://it.wikipedia.org/wiki/Greco_di_Tufo,In which Italian region is Greco di Tufo produced?,,Campania,,,,,
322,Lorenzo_Basile1,Francesco_Ortu1,ita_latn,Italy,Quale poeta italiano ha condotto la cosiddetta 'Impresa di Fiume'?,Gabriele d'Annunzio,https://it.wikipedia.org/wiki/Impresa_di_Fiume,Which Italian poet led the so-called 'Fiume Enterprise'?,,Gabriele d'Annunzio,,,,,
323,Lorenzo_Basile1,Francesco_Ortu1,ita_latn,Italy,Quale politico è stato assassinato nel 1924 in uno dei più noti omicidi politici del regime fascista italiano?,Giacomo Matteotti,https://it.wikipedia.org/wiki/Giacomo_Matteotti,Which politician was assassinated in 1924 in one of the most notorious political assassinations of the Italian fascist regime?,,Giacomo Matteotti,,,,,
324,Lorenzo_Basile1,Francesco_Ortu1,ita_latn,Italy,Quale città è stata capitale d'Italia tra il 1865 e il 1871?,Firenze,https://it.wikipedia.org/wiki/Firenze_Capitale,Which city was the capital of Italy between 1865 and 1871?,,Florence,,,,,
325,Lorenzo_Basile1,Francesco_Ortu1,ita_latn,Italy,Quale dolce tipico di Napoli può essere 'riccia' o 'frolla'?,Sfogliatella,https://it.wikipedia.org/wiki/Sfogliatella,Which typical Neapolitan dessert can be 'riccia' or 'frolla'?,,Sfogliatella,,,,,
326,Lorenzo_Basile1,Francesco_Ortu1,ita_latn,Italy,Quale squadra di calcio italiana è soprannominata 'Vecchia Signora'?,Juventus,https://it.wikipedia.org/wiki/Juventus_Football_Club,Which Italian football team is nicknamed 'The Old Lady'?,,Juventus,,,,,
327,Lorenzo_Basile1,Francesco_Ortu1,ita_latn,Italy,Come si chiama il talk show italiano condotto da Fabio Fazio?,Che tempo che fa,https://it.wikipedia.org/wiki/Che_tempo_che_fa,What is the name of the Italian talk show hosted by Fabio Fazio?,,What's the weather like?,Che tempo che fa,Lorenzo_Basile1,,,
328,Lorenzo_Basile1,Francesco_Ortu1,ita_latn,Italy,L'insegnamento di quale materia scolastica differenzia il liceo classico da quello scientifico in Italia?,Greco,https://it.wikipedia.org/wiki/Liceo_scientifico,What subject differentiates classical high schools from scientific high schools in Italy?,,Greek,,,,,
329,Lorenzo_Basile1,Francesco_Ortu1,ita_latn,Italy,In che anno ha avuto inizio la 'Seconda Repubblica' in Italia?,1994,https://it.wikipedia.org/wiki/Seconda_Repubblica_(Italia),What year did the 'Second Republic' begin in Italy?,,1994,,,,,
330,Lorenzo_Basile1,Francesco_Ortu1,ita_latn,Italy,"In quale città italiana si trovava il ponte Morandi, crollato nel 2018?",Genova,https://it.wikipedia.org/wiki/Viadotto_Polcevera,"In which Italian city was the Morandi Bridge, which collapsed in 2018, located?",,Genoa,,,,,
331,Lorenzo_Basile1,Francesco_Ortu1,ita_latn,Italy,Quale magistrato siciliano fu assassinato dalla mafia nella cosiddetta Strage di Capaci?,Giovanni Falcone,https://it.wikipedia.org/wiki/Giovanni_Falcone,Which Sicilian magistrate was murdered by the Mafia in the so-called Capaci Massacre?,,Giovanni Falcone,,,,,
332,Lorenzo_Basile1,Francesco_Ortu1,ita_latn,Italy,Quale sigla denota il giudice istruttore del procedimento penale italiano?,GIP,https://it.wikipedia.org/wiki/Giudice_per_le_indagini_preliminari,What acronym denotes the investigating judge in Italian criminal proceedings?,,GIP,,,,,
333,Lorenzo_Basile1,Francesco_Ortu1,ita_latn,Italy,Quale presidente del consiglio italiano fu protagonista della Crisi di Sigonella?,Bettino Craxi,https://it.wikipedia.org/wiki/Crisi_di_Sigonella,Which Italian prime minister was a key figure in the Sigonella Crisis?,,Bettino Craxi,,,,,
334,Lorenzo_Basile1,Francesco_Ortu1,ita_latn,Italy,Quale isola minore siciliana è ricordata per un disastro aereo avvenuto nel 1980?,Ustica,https://it.wikipedia.org/wiki/Strage_di_Ustica,Which minor Sicilian island is remembered for a plane crash in 1980?,,Ustica,,,,,
335,Lorenzo_Basile1,Francesco_Ortu1,ita_latn,Italy,Quale località lombarda è ricordata per un disastro ecologico avvenuto nel 1976?,Seveso,https://it.wikipedia.org/wiki/Disastro_di_Seveso,Which Lombardy town is remembered for an ecological disaster that occurred in 1976?,,Seveso,,,,,
336,Lorenzo_Basile1,Francesco_Ortu1,ita_latn,Italy,In quale città italiana si tiene la storica regata Barcolana?,Trieste,https://it.wikipedia.org/wiki/Barcolana,In which Italian city is the historic Barcolana regatta held?,,Trieste,,,,,
337,Lorenzo_Basile1,Francesco_Ortu1,ita_latn,Italy,Come si chiama la cima più elevata dell'Italia peninsulare?,Gran Sasso,https://it.wikipedia.org/wiki/Gran_Sasso,What is the name of the highest peak in peninsular Italy?,,Gran Sasso,,,,,
338,Lorenzo_Basile1,Francesco_Ortu1,ita_latn,Italy,A quale regione italiana appartiene l'Isola d'Elba?,Toscana,https://it.wikipedia.org/wiki/Isola_d%27Elba,Which Italian region does Elba belong to?,,Tuscany,,,,,
339,Lorenzo_Basile1,Francesco_Ortu1,ita_latn,Italy,Quale città toscana è nota per il suo Carnevale?,Viareggio,https://it.wikipedia.org/wiki/Carnevale_di_Viareggio,Which Tuscan city is known for its Carnival?,,Viareggio,,,,,
340,Lorenzo_Basile1,Francesco_Ortu1,ita_latn,Italy,Quale attore impersona il Commissario Montalbano in una famosa serie tv italiana?,Luca Zingaretti,https://it.wikipedia.org/wiki/Il_commissario_Montalbano,Which actor plays Inspector Montalbano in a famous Italian TV series?,,Luca Zingaretti,,,,,
341,Diego_Doimo1,Lorenzo_Basile1,ita_latn,Italy,Chi ha condotto Rischiatutto?,Mike Bongiorno,https://it.wikipedia.org/wiki/Rischiatutto,Who hosted Rischiatutto?,Who hosted the Italian show Rischiatutto?,Mike Bongiorno,,,,,
342,Diego_Doimo1,Lorenzo_Basile1,ita_latn,Italy,A che gioco di carte giocarono Zoff e Pertini nel volo di ritorno del mondiale 1982?,Scopone,"https://it.wikipedia.org/wiki/File:Zoff,_Causio,_Pertini,_Bearzot_-_Mondiale_1982.jpg",What card game did Zoff and Pertini play on the return flight from the 1982 World Cup?,,Scopone,,,,,
343,Diego_Doimo1,Lorenzo_Basile1,ita_latn,Italy,Qual è il nome e cognome del conduttore più comunemente associato al festival di Sanremo?,Pippo Baudo,https://it.wikipedia.org/wiki/Pippo_Baudo#Baudo_e_il_Festival_di_Sanremo,What is the name and surname of the host most commonly associated with the Sanremo Festival?,,Pippo Baudo,,,,,
344,Diego_Doimo1,Lorenzo_Basile1,ita_latn,Italy,"Come erano chiamate le domeniche in cui, a causa della crisi energetica degli anni 70, non si potevano usare le automobili in Italia?",Domeniche a Piedi,https://www.lautomobile.aci.it/classiche/storie/italia-domeniche-piedi-austerity-1973/,"What were the Sundays called when, due to the energy crisis of the 1970s, cars could not be used in Italy?",,Walking Sundays,Domeniche a Piedi,Lorenzo_Basile1,,,
345,Diego_Doimo1,Lorenzo_Basile1,ita_latn,Italy,"Cosa lascia la gatta nel proverbio italiano ""Tanto va la gatta al lardo""?",Zampino,https://it.wikipedia.org/wiki/Tanto_va_la_gatta_al_lardo_che_ci_lascia_lo_zampino,"What does the cat leave behind in the Italian proverb ""Tanto va la gatta al lardo""?",,Zampino,Paw,Diego_Doimo1,,,
346,Diego_Doimo1,Lorenzo_Basile1,ita_latn,Italy,Come si chiama la più famosa bicicletta pieghevole italiana?,Graziella,https://it.wikipedia.org/wiki/Graziella_(bicicletta),What is the name of the most famous Italian folding bicycle?,,Graziella,,,,,
347,Diego_Doimo1,Lorenzo_Basile1,ita_latn,Italy,Qual è il nome della più famosa marca di suole da scarponi italiana?,Vibram,https://it.wikipedia.org/wiki/Vibram,What is the name of the most famous Italian boot sole brand?,,Vibram,,,,,
348,Diego_Doimo1,Lorenzo_Basile1,ita_latn,Italy,Qual era il nome popolare del servizio militare obbligatorio in italia?,Naia,https://www.treccani.it/vocabolario/naia1/,What was the popular name for compulsory military service in Italy?,,Naia,,,,,
349,Diego_Doimo1,Lorenzo_Basile1,ita_latn,Italy,Quanti esami erano previsti nelle scuole elementari italiane negli anni 60?,2,https://sapere.virgilio.it/scuola/mondo-scuola/lo-sapevi-che-una-volta-c-erano-gli-esami-di-seconda-elementare,How many exams were required in Italian elementary schools in the 1960s?,,2,,,,,
350,Diego_Doimo1,Lorenzo_Basile1,ita_latn,Italy,"Qual è il nome e il cognome dell'attore noto come ""nonno d'italia""?",Lino Banfi,https://www.rainews.it/articoli/2026/07/lino-banfi-compie-90-anni-auguri-al-nonno-ditalia-7c8f29e0-e6fe-459e-b5e5-8963d159a5a7.html,"What is the first and last name of the actor known as ""Italy's grandfather""?",,Lino Banfi,,,,,
351,Diego_Doimo1,Lorenzo_Basile1,ita_latn,Italy,Come si chiamano i film dalla comicità leggera e pacchiana distribuiti nei cinema italiani durante il periodo di natale?,Cinepanettone,https://it.wikipedia.org/wiki/Cinepanettone,"What are the names of the light-hearted, tacky comedies released in Italian cinemas during the Christmas season?",,Christmas movie,Cinepanettone,Lorenzo_Basile1,,,
352,Alberto_Cazzaniga1,Lorenzo_Basile1,ita_latn,Italy,Quale territorio piemontese è rinomato per il barolo ed il tartufo?,Langhe,https://it.wikipedia.org/wiki/Langhe,Which Piedmont region is renowned for Barolo and truffles?,,Langhe,,,,,
353,Alberto_Cazzaniga1,Lorenzo_Basile1,ita_latn,Italy,Quale città italiana è famosa per la salsiccia cruda?,Bra,https://it.wikipedia.org/wiki/Salsiccia_di_Bra,Which Italian city is famous for its raw sausage?,,Bra,,,,,
354,Alberto_Cazzaniga1,Lorenzo_Basile1,ita_latn,Italy,"Secondo un noto proverbio italiano, di che colore risulta sempre essere maggiormente l'erba del vicino?",Verde,https://it.wikipedia.org/wiki/L%27erba_del_vicino_%C3%A8_sempre_pi%C3%B9_verde,"According to a well-known Italian proverb, which color is the grass on the other side?",,Green,,,,,x
355,Alberto_Cazzaniga1,Lorenzo_Basile1,ita_latn,Italy,Quali animali vengono associati ai parenti in un proverbio italiano e nel titolo di un film di Monicelli?,Serpenti,https://it.wikipedia.org/wiki/Parenti_serpenti,Which animals are associated with relatives in an Italian proverb and in the title of a Monicelli film?,,Snakes,,,,,
356,Alberto_Cazzaniga1,Lorenzo_Basile1,ita_latn,Italy,Quale gruppo punk-rock italiano scrisse la canzone Annarella?,CCCP,https://it.wikipedia.org/wiki/CCCP_-_Fedeli_alla_linea,Which Italian punk rock group wrote the song Annarella?,,CCCP,,,,,
357,Alberto_Cazzaniga1,Lorenzo_Basile1,ita_latn,Italy,Quale nome viene dato alla partita Inter-Juventus di Seria A?,Derby d'Italia,https://it.wikipedia.org/wiki/Derby_d%27Italia,What is the name given to the Inter-Juventus Serie A match?,,Italian Derby,,,,,
358,Alberto_Cazzaniga1,Lorenzo_Basile1,ita_latn,Italy,Quale nome di fiore denota un partito politico italiano dei primi anni 2000?,Margherita,https://it.wikipedia.org/wiki/Democrazia_%C3%A8_Libert%C3%A0_-_La_Margherita,What flower name denotes an Italian political party from the early 2000s?,,Margherita pizza,Margherita,Alberto_Cazzaniga1,,,
359,Alberto_Cazzaniga1,Lorenzo_Basile1,ita_latn,Italy,Che cosa venne lanciato contro Bettino Craxi all’uscita dall’Hotel Raphael nel 1993?,Monetine,https://it.wikipedia.org/wiki/Mani_pulite,What was thrown at Bettino Craxi as he left the Hotel Raphael in 1993?,,Coins,,,,,
360,Alberto_Cazzaniga1,Lorenzo_Basile1,ita_latn,Italy,Qual è il soprannome dell'ex calciatore italiano Giuseppe Bergomi?,Zio,https://it.wikipedia.org/wiki/Giuseppe_Bergomi,What is the nickname of former Italian footballer Giuseppe Bergomi?,,Uncle,,,,,
361,Alberto_Cazzaniga1,Lorenzo_Basile1,ita_latn,Italy,Quale celebre canzone di Francesco Guccini prende il titolo da un noto tipo di giaccone?,Eskimo,https://it.wikipedia.org/wiki/Eskimo_(brano_musicale),Which famous song by Francesco Guccini takes its title from a well-known type of jacket?,,Eskimo,,,,,
362,Alberto_Cazzaniga1,Lorenzo_Basile1,ita_latn,Italy,Quale termine completa il soprannome dato all’autore di una serie di omicidi di coppie nelle campagne toscane: “_ di Firenze”?,Mostro,https://it.wikipedia.org/wiki/Mostro_di_Firenze,What term completes the nickname given to the perpetrator of a series of murders of couples in the Tuscan countryside: “_ di Firenze”?,What term completes the nickname given to the perpetrator of a series of murders of couples in the Tuscan countryside: “_ of Florence”?,Monster,,Lorenzo_Basile1,,,x
363,Alberto_Cazzaniga1,Lorenzo_Basile1,ita_latn,Italy,"Quale cibo compare nell’espressione “compagni di …”, legata ad alcuni personaggi delle indagini sul Mostro di Firenze?",Merende,https://it.wikipedia.org/wiki/Compagni_di_merende,"Which food appears in the expression “compagni di…,” linked to some characters in the investigations into the Monster of Florence?",Which food appears in the expression “... buddies” linked to some characters in the investigations into the Monster of Florence?        ,Snacks,,Lorenzo_Basile1,,,x
364,Alberto_Cazzaniga1,Lorenzo_Basile1,ita_latn,Italy,Quale soprannome veniva attribuito a Silvio Berlusconi?,Cavaliere,https://it.wikipedia.org/wiki/Silvio_Berlusconi,What nickname was given to Silvio Berlusconi?,,Knight,Cavaliere,Lorenzo_Basile1,,,
365,Alberto_Cazzaniga1,Lorenzo_Basile1,ita_latn,Italy,Quale aggettivo completava il soprannome della leggendaria squadra del Torino degli anni Quaranta?,Grande,https://it.wikipedia.org/wiki/Grande_Torino,What adjective completed the nickname of the legendary Torino team of the 1940s?,,Great,Grande,Alberto_Cazzaniga1,,,
366,Alberto_Cazzaniga1,Lorenzo_Basile1,ita_latn,Italy,Qual è il soprannome del celebre calciatore italiano Christian Vieri?,Bobo,https://it.wikipedia.org/wiki/Christian_Vieri,What is the nickname of the famous Italian footballer Christian Vieri?,,Bobo,,,,,
367,Alberto_Cazzaniga1,Lorenzo_Basile1,ita_latn,Italy,Qual era il soprannome di Marco Pantani?,Pirata,https://it.wikipedia.org/wiki/Marco_Pantani,What was Marco Pantani's nickname?,,Pirate,Pirata,Lorenzo_Basile1,,,
368,Alberto_Cazzaniga1,Lorenzo_Basile1,ita_latn,Italy,Di che colore sono le strade nella famosa corsa classica ciclistica toscana?,Bianche,https://it.wikipedia.org/wiki/Strade_Bianche,What color are the roads in the famous Tuscan classic cycling race?,,White,,,,,
369,Alberto_Cazzaniga1,Lorenzo_Basile1,ita_latn,Italy,Come si chiama la persona incaricata di allineare i cavalli tra i canapi e di dare la partenza al Palio di Siena?,Mossiere,https://it.wikipedia.org/wiki/Glossario_del_Palio_di_Siena,What is the name of the person in charge of lining up the horses between the ropes and starting the Palio di Siena?,,Mossiere,,,,,
370,Alberto_Cazzaniga1,Lorenzo_Basile1,ita_latn,Italy,In che fiume sciaquò metaforicamente i panni lo scrittore Alessandro Manzoni?,Arno,https://it.wikipedia.org/wiki/I_promessi_sposi,In which river did the writer Alessandro Manzoni metaphorically rinse his clothes?,,Arno,,,,,
371,Alberto_Cazzaniga1,Lorenzo_Basile1,ita_latn,Italy,Qual è il nome delle biglie di legno o terracotta che rappresentano le contrade del Palio di Siena?,Barberi,https://it.wikipedia.org/wiki/Glossario_del_Palio_di_Siena,What is the name of the wooden or terracotta marbles that represent the contrade of the Palio di Siena?,,Barberi,,,,,
372,Francesco_Ortu1,Lorenzo_Basile1,ita_latn,Italy,"Completa il proverbio italiano: ""Chi dorme non piglia...""",Pesci,https://it.wikiquote.org/wiki/Proverbi_italiani,"Complete the Italian proverb: ""He who sleeps does not catch...""",,Fish,,,,,x
373,Francesco_Ortu1,Lorenzo_Basile1,ita_latn,Italy,"Secondo la tradizione popolare italiana, come sono chiamati gli ultimi tre giorni di gennaio, considerati i più freddi dell'anno?",I giorni della merla,https://it.wikipedia.org/wiki/Giorni_della_merla,"According to Italian folk tradition, what are the last three days of January, considered the coldest of the year, called?",,The days of the blackbird,,,,,
374,Francesco_Ortu1,Lorenzo_Basile1,ita_latn,Italy,Quale legume si mangia tradizionalmente in Italia la notte di Capodanno come auspicio di ricchezza?,Lenticchie,https://it.wikipedia.org/wiki/Capodanno,Which legume is traditionally eaten in Italy on New Year's Eve as a wish for wealth?,,Lentils,,,,,
375,Francesco_Ortu1,Lorenzo_Basile1,ita_latn,Italy,Quale premio viene consegnato dal tg satirico Striscia la Notizia ai personaggi famosi protagonisti di una figuraccia?,Tapiro d'oro,https://it.wikipedia.org/wiki/Tapiro_d%27oro,What award does the satirical news program Striscia la Notizia give to celebrities who make a fool of themselves?,,Golden Tapir,,,,,
376,Francesco_Ortu1,Lorenzo_Basile1,ita_latn,Italy,Come si chiama il pupazzo rosso mascotte di Striscia la Notizia?,Il Gabibbo,https://it.wikipedia.org/wiki/Gabibbo,What is the name of the red puppet mascot of Striscia la Notizia?,,The Gabibbo,,,,,
377,Francesco_Ortu1,Lorenzo_Basile1,ita_latn,Italy,Come si chiama il gioco finale del quiz televisivo L'Eredità?,La Ghigliottina,https://it.wikipedia.org/wiki/L%27eredit%C3%A0_(programma_televisivo),What is the name of the final game of the TV quiz show L'Eredità?,,The Guillotine,,,,,
378,Francesco_Ortu1,Lorenzo_Basile1,ita_latn,Italy,Come viene chiamata comunemente la tassa automobilistica che si paga ogni anno per il possesso di un veicolo in Italia?,Bollo,https://it.wikipedia.org/wiki/Tassa_automobilistica,What is the common name for the annual vehicle tax paid to own a vehicle in Italy?,,Stamp,Bollo,Lorenzo_Basile1,,,
379,Alessandro_Pietro_Serra,Lorenzo_Basile1,ita_latn,Italy,Chi ha fondato la comunità di San Patrignano per il recupero da tossicodipendenze?,Vincenzo Muccioli,https://it.wikipedia.org/wiki/Comunit%C3%A0_di_San_Patrignano,Who founded the San Patrignano community for drug addiction recovery?,,Vincenzo Muccioli,,,,,
380,Alessandro_Pietro_Serra,Lorenzo_Basile1,ita_latn,Italy,Come si chiamano le sette squadre calcistiche italiane che hanno primeggiato fra gli anni '90 e 2000?,Sette Sorelle,https://it.wikipedia.org/wiki/Serie_A_1999-2000,What are the names of the seven Italian football teams that excelled between the 1990s and 2000s?,,Seven Sisters,,,,,
381,Alessandro_Pietro_Serra,Lorenzo_Basile1,ita_latn,Italy,Come si chiama la casa editrice italiana famosa per l'album di figurine dei giocatori di calcio?,Panini,https://it.wikipedia.org/wiki/Panini_(azienda),What is the name of the Italian publishing house famous for its sticker albums of football players?,,Sandwiches,Panini,Alessandro_Pietro_Serra,,,
382,Alessandro_Pietro_Serra,Lorenzo_Basile1,ita_latn,Italy,"Qual è il termine gergale italiano con cui vengono chiamati giovani coinvolti nella microcriminalità, spesso associati a disordini, atti vandalici e turbamento della quiete pubblica?",Maranza,https://it.wikipedia.org/wiki/Maranza,"What is the Italian slang term used to describe young people involved in petty crime, often associated with disorderly conduct, vandalism, and public disturbances?",,Maranza,,,,,