ID,Author,Checked By,Language,Country/Region,Question,Answer,Evidence_url,Question Automatic Translation,Question Corrected Translation,Answer Automatic Translation,Answer Corrected Translation,Translation Corrected By,Notes,URL language (if different from target language),Exclude
1,Dasol Choi,DongGeon Lee,kor_hang,Korea,"한국에서 이사나 혼례 날짜로 선호되는, 악귀가 활동하지 않아 해를 입지 않는다고 여겨지는 날은?",손 없는 날,https://ko.wikipedia.org/wiki/%EC%86%90_%EC%97%86%EB%8A%94_%EB%82%A0,"What is the preferred date in Korea for moving or weddings, believed to be free from harm because evil spirits are inactive?","In Korea, which day is preferred for moving house or holding weddings, believed to be a day when evil spirits are not active and thus no harm will come to you?",Handless day,Son-eomneun nal,Dasol Choi,,,
2,Dasol Choi,DongGeon Lee,kor_hang,Korea,찜질방에서 수건을 접어 머리에 쓰는 모양의 이름은?,양머리,https://namu.wiki/w/%EC%96%91%EB%A8%B8%EB%A6%AC,What is the name of the shape of a folded towel worn on the head at a jjimjilbang?,"At a jjimjilbang (Korean sauna), what is the name of the shape made by folding a towel and wearing it on the head?",Sheep's head,Yang-meori,Dasol Choi,,,
3,Dasol Choi,DongGeon Lee,kor_hang,Korea,한국에서 혼인 후 신부의 친정에서 시댁에 보내는 음식을 부르는 말은?,이바지,https://namu.wiki/w/%EC%9D%B4%EB%B0%94%EC%A7%80,What is the term for the food sent from the bride's family to the husband's family in Korea after marriage?,What is the term for the food that the bride's family sends to the groom's family after the wedding in Korea?,Ibaji,Ibaji,Dasol Choi,,,
4,Dasol Choi,DongGeon Lee,kor_hang,Korea,한국에서 다리를 떨면 나간다고 하는 것은?,복,https://namu.wiki/w/%EB%8B%A4%EB%A6%AC%20%EB%96%A8%EA%B8%B0,"In Korea, what is the saying that shaking your leg makes you leave?","According to a Korean superstition, what leaves you if you shake your leg?",luck,Bok,Dasol Choi,,,
5,Dasol Choi,DongGeon Lee,kor_hang,Korea,한국에서 음력 날짜의 끝자리가 9나 0이어서 악귀가 없다고 여겨져 이사나 개업 날짜로 선호되는 날을 무엇이라고 부르는가?,손 없는 날,https://ko.wikipedia.org/wiki/%EC%86%90_%EC%97%86%EB%8A%94_%EB%82%A0,What is the name of the lunar date in Korea that is preferred for moving or opening a business because it is believed to be free of evil spirits since the last digit is 9 or 0?,"In Korea, what is the term for a day whose lunar-calendar date ends in 9 or 0, which is believed to be free of malevolent spirits and is therefore preferred for moving house or opening a business?",Handless day,Son eomneun nal,Dasol Choi,,,x
6,Dasol Choi,DongGeon Lee,kor_hang,Korea,"한국에서 새로 가게를 열거나 새 차를 샀을 때, 무당 없이 돼지머리를 상에 올려 직접 지내는 의식은?",고사,"https://ko.wikipedia.org/wiki/%EA%B3%A0%EC%82%AC#:~:text=%EA%B3%A0%EC%82%AC(%E5%91%8A%E7%A5%80)%EB%8A%94%20%EC%A3%BC%EB%A1%9C,%EC%8B%A0%EC%B2%B4(%E7%A5%9E%E9%AB%94)%EC%9D%B4%EB%8B%A4.","In Korea, when opening a new store or buying a new car, what is the ritual performed personally by placing a pig's head on a table without a shaman?","In South Korea, what is the name of the ritual performed with a pig's head, without a shaman, when opening a new business or buying a new car?",Gosa,Gosa,Dasol Choi,,,
7,Dasol Choi,DongGeon Lee,kor_hang,Korea,한국 민간신앙에서 9년마다 돌아온다는 3년간의 액운을 부르는 말은?,삼재,https://ko.wikipedia.org/wiki/%EC%82%BC%EC%9E%AC,"In Korean folk beliefs, what is the term that brings three years of bad luck, said to return every nine years?","In Korean folk belief, what is the term for the three years of bad luck that are said to return every nine years?",Samjae,Samjae,Dasol Choi,,,
8,Dasol Choi,DongGeon Lee,kor_hang,Korea,한국에서 결혼식 후 신부가 시부모에게 인사드리는 전통 의례는?,폐백,https://ko.wikipedia.org/wiki/%ED%8F%90%EB%B0%B1,What is the traditional Korean ritual where the bride greets her parents-in-law after the wedding?,"In Korea, what is the traditional ceremony in which the bride greets her parents-in-law after the wedding?",Pyebaek,Pyebaek,Dasol Choi,,,
9,Dasol Choi,DongGeon Lee,kor_hang,Korea,한국에서 꾸고 나면 복권을 산다고 하는 대표적인 행운의 꿈은?,돼지꿈,https://namu.wiki/w/%EB%8F%BC%EC%A7%80%EA%BF%88,What is the most famous lucky dream in Korea that makes people buy lottery tickets after having it?,"In Korea, what is the most well-known lucky dream that makes people buy a lottery ticket after having it?",Pig dream,Dwaeji-kkum,Dasol Choi,,,
10,Dasol Choi,DongGeon Lee,kor_hang,Korea,한국에서 이삿날 그릇을 풀기 전에 배달시켜 먹는 대표 음식은?,짜장면,https://namu.wiki/w/%EC%A7%9C%EC%9E%A5%EB%A9%B4,What is the representative food ordered for delivery in Korea on moving day before unpacking the dishes?,"In Korea, what is the food most commonly ordered for delivery on moving day, before unpacking the dishes?",Jjajangmyeon,Jjajangmyeon,Dasol Choi,,,
11,Dasol Choi,DongGeon Lee,kor_hang,Korea,목돈을 맡기고 월세 없이 사는 한국 특유의 임대 방식은?,전세,https://namu.wiki/w/%EC%A0%84%EC%84%B8,What is the unique Korean rental system where you deposit a lump sum and live without monthly rent?,What is the housing rental system unique to Korea in which a large lump sum is deposited and no monthly rent is paid?,charter,Jeonse,Dasol Choi,,,
12,Dasol Choi,DongGeon Lee,kor_hang,Korea,한국에서 이사한 뒤 14일 이내에 새 주소지 관청이나 정부24에 해야 하는 신고의 이름은?,전입신고,https://namu.wiki/w/%EC%A0%84%EC%9E%85,What is the name of the report that must be filed with the local government office of the new address or Government24 within 14 days of moving in Korea?,"In South Korea, what is the name of the report that must be filed with the local government office of one's new address within 14 days of moving?",Change of address,Jeonipsingo,Dasol Choi,,,
13,Dasol Choi,DongGeon Lee,kor_hang,Korea,한국 주민등록번호 뒷자리 첫 숫자가 나타내는 것은?,성별,https://namu.wiki/w/%EC%A3%BC%EB%AF%BC%EB%93%B1%EB%A1%9D%EB%B2%88%ED%98%B8,What does the first digit of the last part of a Korean Resident Registration Number represent?,What does the first digit of the second half of a Korean resident registration number indicate?,gender,Sex,Dasol Choi,,,
14,Dasol Choi,DongGeon Lee,kor_hang,Korea,한국 만원권 지폐 앞면에서 세종대왕 초상 뒤 배경에 그려진 조선 왕실 그림은?,일월오봉도,https://ko.wikipedia.org/wiki/%EC%9D%BC%EC%9B%94%EC%98%A4%EB%B4%89%EB%8F%84,"What is the painting of the Joseon royal family depicted in the background behind the portrait of King Sejong on the front of the Korean 10,000 won banknote?","On the front of the South Korean 10,000 won banknote, what is the name of the Joseon royal court painting shown in the background behind the portrait of King Sejong?",Ilwolobongdo,"Irworobongdo; The Sun, Moon and Five Peaks",Dasol Choi,,,
15,Dasol Choi,DongGeon Lee,kor_hang,Korea,한국 주택 바닥을 데워 난방하는 전통 방식의 이름은?,온돌,https://namu.wiki/w/%EC%98%A8%EB%8F%8C,What is the name of the traditional method of heating the floors of Korean houses?,What is the name of the traditional method of heating a Korean house by warming the floor?,Ondol,Ondol,Dasol Choi,,,
16,Dasol Choi,DongGeon Lee,kor_hang,Korea,한국의 지역번호 044를 사용하는 광역자치단체는?,세종특별자치시,https://namu.wiki/w/%EC%84%B8%EC%A2%85%ED%8A%B9%EB%B3%84%EC%9E%90%EC%B9%98%EC%8B%9C,Which metropolitan/provincial government in Korea uses the area code 044?,"In South Korea, which metropolitan-level administrative division uses the telephone area code 044?",Sejong Special Self-Governing City,Sejong Special Self-Governing City,Dasol Choi,,,
17,Dasol Choi,DongGeon Lee,kor_hang,Korea,경복궁에 입고 가면 입장료가 무료인 옷은?,한복,https://royal.khs.go.kr/ROYAL/contents/R705000000.do,What is the clothing that grants free admission to Gyeongbokgung Palace?,What clothing lets you enter Gyeongbokgung Palace for free if you wear it?,Hanbok,Hanbok,Dasol Choi,,,
18,Dasol Choi,DongGeon Lee,kor_hang,Korea,"한국에서 매주 수요일, 박물관·미술관 등 문화시설을 무료나 할인된 가격으로 즐길 수 있는 날을 뭐라고 하나?",문화가 있는 날,https://namu.wiki/w/%EB%AC%B8%ED%99%94%EA%B0%80%20%EC%9E%88%EB%8A%94%20%EB%82%A0,What is the day in Korea every Wednesday when you can enjoy cultural facilities such as museums and art galleries for free or at a discounted price?,"In Korea, what is the name of the day, held every Wednesday, when museums, galleries, and other cultural venues offer free or discounted admission?",Culture Day,Culture Day,Dasol Choi,,,
19,Dasol Choi,DongGeon Lee,kor_hang,Korea,부산 도시철도에서 임산부가 소지한 소형 발신기가 좌석의 수신기에 불을 켜 임산부의 탑승을 알리는 서비스의 이름은?,핑크라이트,https://namu.wiki/w/%EC%9E%84%EC%82%B0%EB%B6%80%20%EB%B0%B0%EB%A0%A4%EC%84%9D,What is the name of the service on the Busan Metro where a small transmitter carried by a pregnant woman lights up a receiver on a seat to notify passengers of her boarding?,"On the Busan subway in South Korea, what is the name of the service in which a small transmitter carried by a pregnant passenger lights up a receiver on the designated seat?",Pink Light,Pink Light,Dasol Choi,,,
20,Dasol Choi,DongGeon Lee,kor_hang,Korea,한국 대학 입시에서 수능 이전에 원서를 접수해 내신과 생활기록부 등으로 선발하는 전형은?,수시,https://namu.wiki/w/%EC%88%98%EC%8B%9C,What is the admission track in Korean university entrance exams where applications are submitted before the CSAT and selection is based on GPA and student records?,"In South Korean university admissions, what is the name of the track in which applications are submitted before the CSAT and applicants are selected based on school grades and student records?",rolling admissions,Susi,Dasol Choi,,,
21,Dasol Choi,DongGeon Lee,kor_hang,Korea,"""얼어 죽어도 아이스아메리카노""를 줄인 한국말은?",얼죽아,https://en.wiktionary.org/wiki/%EC%96%BC%EC%A3%BD%EC%95%84,"What is the Korean phrase shortened from ""Ice Americano even if I freeze to death""?","What is the Korean slang abbreviation for ""Iced Americano, even if I freeze to death""?",I'm a die-hard iced coffee fan,Eoljuga,Dasol Choi,,,
22,Dasol Choi,DongGeon Lee,kor_hang,Korea,"한국어에서, 모든 방면에서 뛰어나 부모가 자기 자식과 비교하곤 하는, 완벽한 남의 집 아들을 뜻하는 신조어는?",엄친아,https://ko.wikipedia.org/wiki/%EC%97%84%EC%B9%9C%EC%95%84,"In Korean, what is the neologism referring to a perfect son from another family who excels in every aspect and whom parents often compare to their own child?","In Korean, what is the slang term for a perfect son of someone else's family, excellent in every way, whom parents compare their own children to?",The perfect son,Eomchina,Dasol Choi,,,
23,Dasol Choi,DongGeon Lee,kor_hang,Korea,한국어에서 힘들어도 끝까지 버티는 것을 뜻하는 비속어 섞인 신조어는?,존버,https://namu.wiki/w/%EC%A1%B4%EB%B2%84,What is the Korean neologism mixed with slang that means enduring to the end even when things are difficult?,"In Korean, what is the slang term, which includes a vulgar word, for holding out to the end even when it's hard?",Hold on tight.,Jonbeo,Dasol Choi,,,
24,Dasol Choi,DongGeon Lee,kor_hang,Korea,한국어에서 누구나 당연하게 따르는 국민적 규칙을 뜻하는 말은?,국룰,https://namu.wiki/w/%EA%B5%AD%EB%A3%B0,What is the term in Korean that refers to a national rule that everyone naturally follows?,"In Korean, what is the term for a national rule that everyone naturally follows?",The unwritten rule,Gungnul,Dasol Choi,,,
25,Dasol Choi,DongGeon Lee,kor_hang,Korea,"한국어에서 ""알아서 잘 딱 깔끔하고 센스 있게""를 줄인 말은?",알잘딱깔센,https://namu.wiki/w/%EC%95%8C%EC%9E%98%EB%94%B1%EA%B9%94%EC%84%BC,"What is the shortened Korean phrase for ""do it your own way, perfectly, neatly, and with sense""?","In Korean, what is the abbreviation for ""handle it well on your own, precisely, cleanly, and with good sense""?",Aljalttakkalsen,Aljalttakkkalsen,Dasol Choi,,,
26,Dasol Choi,DongGeon Lee,kor_hang,Korea,"한국에서, 카페에서 공부·작업하며 오래 머무는 사람을 뜻하는 말은?",카공족,https://namu.wiki/w/%EC%B9%B4%EA%B3%B5%EC%A1%B1,"In Korea, what is the term for someone who stays for a long time at a cafe to study or work?","In Korean, what is the term for a person who studies or works at a café while staying for a long time?",Cafe study group,Kagongjok,Dasol Choi,,,
27,Dasol Choi,DongGeon Lee,kor_hang,Korea,한국어에서 매운 음식을 잘 못 먹는 사람을 놀리듯 부르는 신조어는?,맵찔이,https://namu.wiki/w/%EB%A7%B5%EC%B0%94%EC%9D%B4,What is the neologism in Korean used to mock people who can't handle spicy food?,"In Korean, what is the slang term used to tease someone who can't handle spicy food?",Spicy food wimp,Maepjjiri,Dasol Choi,,,
28,Dasol Choi,DongGeon Lee,kor_hang,Korea,한국어에서 관심을 지나치게 받고 싶어하는 사람을 낮잡아 부르는 신조어는?,관종,https://ko.dict.naver.com/#/entry/koko/024f077dae5b4b88b455a59c0b7d1a89,What is the derogatory neologism in Korean for someone who craves excessive attention?,"In Korean, what is the slang term that disparagingly refers to a person who wants to receive excessive attention?",attention seeker,Gwanjong,Dasol Choi,,,
29,Dasol Choi,DongGeon Lee,kor_hang,Korea,한국어에서 사귀기 직전의 미묘하고 설레는 관계를 뜻하는 신조어는?,썸,"https://ko.wikipedia.org/wiki/%EC%8D%B8_(%EC%8B%A0%EC%A1%B0%EC%96%B4)#:~:text=%EC%8D%B8%EC%9D%80%20'%EC%A0%95%ED%99%95%ED%95%98%EC%A7%80%20%EC%95%8A%EC%9D%80,%EB%B6%88%ED%99%95%EC%8B%A4%ED%95%9C%20%EA%B0%90%EC%A0%95%EC%9D%84%20%EB%9C%BB%ED%95%9C%EB%8B%A4.",What is the neologism in Korean that refers to the subtle and heart-fluttering relationship just before officially dating?,"In Korean, what is the slang term for the subtle, fluttering relationship just before dating?","""Some""",Sseom,Dasol Choi,,,
30,Dasol Choi,DongGeon Lee,kor_hang,Korea,한국에서 여러 이성을 곁에 두고 관리하듯 대하는 것을 비유한 신조어는?,어장관리,https://namu.wiki/w/%EC%96%B4%EC%9E%A5%EA%B4%80%EB%A6%AC(%EC%97%B0%EC%95%A0),What is the neologism in Korea that metaphorically describes keeping multiple members of the opposite sex close and treating them as if they were being managed?,"In Korean, what is the slang term that metaphorically describes keeping several members of the opposite sex close and managing them?",fishery management,Eojang-gwalli,Dasol Choi,,,
31,Dasol Choi,DongGeon Lee,kor_hang,Korea,"한국어에서 ""소소하지만 확실한 행복""을 줄인 신조어는?",소확행,"https://ko.wikipedia.org/wiki/%EC%86%8C%ED%99%95%ED%96%89#:~:text=%EC%86%8C%ED%99%95%ED%96%89(%EC%9D%BC%EB%B3%B8%EC%96%B4%3A%20%E5%B0%8F%E7%A2%BA,%ED%96%89%EB%B3%B5%EC%9C%BC%EB%A1%9C%20%EC%9D%B4%EC%9A%A9%EB%90%98%EA%B8%B0%EB%8F%84%20%ED%95%9C%EB%8B%A4.","What is the neologism in Korean that is short for ""small but certain happiness""?","In Korean, what is the abbreviation for ""small but certain happiness""?",Small but certain happiness,Sohwakhaeng,Dasol Choi,,,
32,Dasol Choi,DongGeon Lee,kor_hang,Korea,"한국어에서 ""오늘 운동 완료""를 줄여 SNS에 인증할 때 쓰는 말은?",오운완,https://namu.wiki/w/%EC%98%A4%EC%9A%B4%EC%99%84,"What is the Korean phrase used to shorten ""Today's workout completed"" and post proof on social media?","In Korean, what is the term, used to post proof on social media, that abbreviates ""today's workout complete""?",Oh Woon-wan,Ounwan,Dasol Choi,,,
33,Dasol Choi,DongGeon Lee,kor_hang,Korea,"한국어에서 ""낄 때 끼고 빠질 때 빠져라""를 줄인, 눈치 있게 행동하라는 신조어는?",낄끼빠빠,https://namu.wiki/w/%EB%82%84%EB%81%BC%EB%B9%A0%EB%B9%A0,"What is the neologism in Korean that means to act tactfully, shortened from the phrase ""Kick in when you can, and leave when you can""?","In Korean, what is the slang term abbreviating ""step in when you should and step back when you should,"" meaning to act with good sense?",Know when to join in and when to leave,Kkilkkippappa,Dasol Choi,,,
34,Dasol Choi,DongGeon Lee,kor_hang,Korea,한국어에서 사소한 것에도 쉽게 불편함을 느끼고 지적하는 사람을 비꼬아 부르는 말은? (5글자),프로불편러,https://namu.wiki/w/%ED%94%84%EB%A1%9C%EB%B6%88%ED%8E%B8%EB%9F%AC,What is the Korean sarcastic term for someone who easily gets annoyed by even trivial things and points them out? (5 characters),"In Korean, what is the term that mockingly refers to a person who easily feels uncomfortable about trivial things and points them out? (5 Korean syllables)",Professional complainer,Peurobulpyeonleo,Dasol Choi,,,
35,Dasol Choi,DongGeon Lee,kor_hang,Korea,한국어에서 남들에게 귀감이 되는 바람직하고 부지런한 삶을 뜻하는 신조어는?,갓생,https://namu.wiki/w/%EA%B0%93%EC%83%9D,What is the neologism in Korean that refers to a desirable and diligent life that serves as an example to others?,"In Korean, what is the slang term for a desirable and diligent life that serves as an example to others?",God-like life,Gatsaeng,Dasol Choi,,,
36,Dasol Choi,DongGeon Lee,kor_hang,Korea,한국어에서 꾸민 듯 안 꾸민 듯 자연스러워 보이는 스타일을 뜻하는 신조어는?,꾸안꾸,https://namu.wiki/w/%EA%BE%B8%EC%95%88%EA%BE%B8,"What is the neologism in Korean that refers to a style that looks natural, as if it were put together but not overdone?","In Korean, what is the slang term for a style that looks both done-up and not done-up, appearing effortlessly natural?",Effortless chic,Kku-an-kku,Dasol Choi,,,
37,Dasol Choi,DongGeon Lee,kor_hang,Korea,"한국어에서 ""많은 관심 부탁드려요""를 줄인, 무언가를 홍보할 때 쓰는 신조어는?",많관부,https://namu.wiki/w/%EB%A7%8E%EA%B4%80%EB%B6%80,"What is the neologism in Korean used to promote something, shortened from ""Please give us a lot of attention""?","In Korean, what is the abbreviation for ""please show a lot of interest,"" used when promoting something?",Many people,Mankwanbu,Dasol Choi,,,
38,Dasol Choi,DongGeon Lee,kor_hang,Korea,한국어에서 헬스와 운동에 지나치게 몰두하는 사람을 뜻하는 신조어는?,헬창,https://namu.wiki/w/%ED%97%AC%EC%B0%BD,What is the neologism in Korean that refers to a person who is excessively obsessed with fitness and exercise?,"In Korean, what is the slang term for someone who is obsessively devoted to working out at the gym?",gym rat,Helchang,Dasol Choi,,,
39,Dasol Choi,DongGeon Lee,kor_hang,Korea,한국어에서 헬스나 운동을 이제 막 시작한 초보자를 부르는 신조어는?,헬린이,https://namu.wiki/w/%ED%97%AC%EB%A6%B0%EC%9D%B4,What is the neologism in Korean used to refer to a beginner who has just started fitness or exercise?,"In Korean, what is the slang term for someone who has just started working out at the gym?",Gym beginner,Hellini,Dasol Choi,,,
40,Dasol Choi,DongGeon Lee,kor_hang,Korea,한국어에서 자신이 소속된 무리 내에서 적극적으로 참여하면서 사람들과 잘 어울려 지내는 사람을 일컫는 신조어는?,인싸,https://namu.wiki/w/%EC%9D%B8%EC%8B%B8,What is the neologism in Korean that refers to a person who actively participates within their group and gets along well with others?,"In Korean, what is the slang term for a person who actively participates in and gets along well with the group they belong to?",insider,Inssa,Dasol Choi,,,
41,Daniel Yoo,,kor_hang,Korea,한국 미신에 시험 전날 미끄러진다는 이유로 먹지 않는 음식은?,미역국,https://namu.wiki/w/%EB%AF%B8%EC%97%AD%EA%B5%AD,"According to Korean superstition, what is the food you don't eat the day before an exam because it is believed to cause you to fail?","According to a Korean superstition, which food do people avoid before an exam out of fear of 'slipping'?",Seaweed soup,Miyeokguk,Daniel Yoo,,,x
42,Daniel Yoo,,kor_hang,Korea,설날 아침에 먹는 국 요리는?,떡국,https://namu.wiki/w/%EB%96%A1%EA%B5%AD,What is the soup dish eaten on Lunar New Year morning?,What traditional food is eaten on Lunar New Year's morning in Korea?,tteokguk,Tteokguk,Daniel Yoo,,,x
43,Daniel Yoo,,kor_hang,Korea,복날에 먹는 음식은?,삼계탕,https://namu.wiki/w/%EC%82%BC%EB%B3%B5,What food is eaten on Boknal?,What food is typically eaten in Korea during Boknal (the hottest days of summer)?,Samgyetang,Samgyetang,Daniel Yoo,,,x
44,Daniel Yoo,,kor_hang,Korea,동지에 먹는 음식은?,팥죽,https://namu.wiki/w/%EB%8F%99%EC%A7%80(%EC%A0%88%EA%B8%B0),What food is eaten on the winter solstice?,What food is traditionally eaten in Korea on Dongji (the winter solstice)?,red bean porridge,Red bean porridge,Daniel Yoo,,,x
45,Daniel Yoo,,kor_hang,Korea,춘천을 대표하는 닭 요리는?,닭갈비,https://namu.wiki/w/%EC%B6%98%EC%B2%9C%EC%8B%9C,What is the representative chicken dish of Chuncheon?,What signature chicken dish is Chuncheon most famous for?,Dakgalbi,Dakgalbi,Daniel Yoo,,,x
46,Daniel Yoo,,kor_hang,Korea,한국에서 새 학년이 시작되는 달은?,3월,https://namu.wiki/w/3%EC%9B%94,When does the new school year start in Korea?,In which month does the new school year start in South Korea?,March,March,Daniel Yoo,,,x
47,Daniel Yoo,,kor_hang,Korea,운동회에서 백군과 겨루는 팀은?,청군,https://namu.wiki/w/%EC%B2%AD%EB%B0%B1%EC%A0%84,Which team is competing against the White Team at the sports day?,"In Korea, which team competes against the White Team at a school sports day?",Blue Army,Blue Team,Daniel Yoo,,,x
48,Daniel Yoo,,kor_hang,Korea,수능날 항공기 운항이 멈추는 과목 시간은?,영어,https://namu.wiki/w/%EB%8C%80%ED%95%99%EC%88%98%ED%95%99%EB%8A%A5%EB%A0%A5%EC%8B%9C%ED%97%98/%EC%98%81%EC%96%B4%20%EC%98%81%EC%97%AD,What subject time will aircraft operations be suspended on the day of the CSAT?,During which subject's test section are flights grounded on the day of the Suneung (CSAT)?,english,English,Daniel Yoo,,,x
49,Daniel Yoo,,kor_hang,Korea,부산에서 가장 크고 유명한 해수욕장은?,해운대,https://namu.wiki/w/%ED%95%B4%EC%9A%B4%EB%8C%80%ED%95%B4%EC%88%98%EC%9A%95%EC%9E%A5,What is the largest and most famous beach in Busan?,What is the largest and most famous beach in Busan?,Haeundae,Haeundae,Daniel Yoo,,,x
50,Daniel Yoo,,kor_hang,Korea,"""나의 죽음을 알리지 마라""를 남긴 장군은?",이순신,https://namu.wiki/w/%EC%9D%B4%EC%88%9C%EC%8B%A0#rfn-111,"Which general left behind the words, ""Do not announce my death""?","Which Korean general famously said, ""Do not let my death be known""?",Yi Sun-sin,Yi Sun-sin,Daniel Yoo,,,x
51,Daniel Yoo,,kor_hang,Korea,단군신화에서 곰이 쑥과 함께 먹은 것은?,마늘,https://namu.wiki/w/%EC%9B%85%EB%85%80,What did the bear eat along with mugwort in the Dangun myth?,"In the Dangun myth, what did the bear eat along with mugwort?",garlic,Garlic,Daniel Yoo,,,x
52,Daniel Yoo,,kor_hang,Korea,"""손이 가요 손이 가""의 과자는?",새우깡,https://namu.wiki/w/%EC%83%88%EC%9A%B0%EA%B9%A1,"What is the snack from ""My Hand Keeps Reaching""?","Which snack is famous for the catchphrase ""Hands keep reaching for it"" (Son-i gayo, son-i ga)?",Shrimp Crackers,Saeukkang,Daniel Yoo,,,x
53,Daniel Yoo,,kor_hang,Korea,비 오는 날 한국인들이 막걸리와 함께 즐겨 먹는 음식은?,파전,https://namu.wiki/w/%EB%A7%89%EA%B1%B8%EB%A6%AC,What food do Koreans enjoy eating with makgeolli on rainy days?,What food do Koreans most commonly eat alongside Makgeolli (rice wine) on a rainy day?,Pajeon,Pajeon,Daniel Yoo,,,x
54,Daniel Yoo,,kor_hang,Korea,둘리는 무슨 동물인가?,공룡,https://namu.wiki/w/%EB%91%98%EB%A6%AC,What kind of animal is Dooly?,What kind of animal is Dooly?,dinosaur,Dinosaur,Daniel Yoo,,,x
55,Daniel Yoo,,kor_hang,Korea,만화 '검정고무신' 주인공의 이름은?,이기영,https://namu.wiki/w/%EA%B2%80%EC%A0%95%20%EA%B3%A0%EB%AC%B4%EC%8B%A0,What is the name of the main character in the cartoon 'Black Rubber Shoes'?,What is the name of the main character in the cartoon Geomjung Gomungusin (Black Rubber Shoes)?,Lee Ki-young,Lee Ki-young,Daniel Yoo,,,x
56,Daniel Yoo,,kor_hang,Korea,명절에 TV에서 중계하는 전통 스포츠는?,씨름,https://namu.wiki/w/%EB%8C%80%ED%95%9C%EB%AF%BC%EA%B5%AD/%EC%8A%A4%ED%8F%AC%EC%B8%A0,What traditional sports are broadcast on TV during the holidays?,What traditional sport is broadcast on TV during major Korean holidays?,wrestling,Ssireum,Daniel Yoo,,,x
57,Daniel Yoo,,kor_hang,Korea,돌잔치에서 아이가 물건을 집어 미래를 점치는 행사는?,돌잡이,https://namu.wiki/w/%EB%8F%8C%EC%9E%94%EC%B9%98,What is the event at a first birthday party where a child picks up an object to predict their future?,What Korean first birthday tradition involves a baby picking an item to predict their future?,First birthday ceremony,Doljabi,Daniel Yoo,,,x
58,Daniel Yoo,,kor_hang,Korea,돌잡이에서 '무병장수'를 뜻하는 물건은?,실,https://namu.wiki/w/%EB%8F%8C%EC%9E%94%EC%B9%98,What is the object in the first birthday ritual that symbolizes 'health and longevity'?,"During Doljabi, which item represents longevity?",line,Thread,Daniel Yoo,,,x
59,Daniel Yoo,,kor_hang,Korea,태극기 네 모서리의 이름은?,건곤감리,https://namu.wiki/w/%ED%83%9C%EA%B7%B9%EA%B8%B0,What are the names of the four corners of the Taegeukgi?,What are the names of the four trigrams in the corners of the South Korean flag?,Geongongamri,Geongongamri,Daniel Yoo,,,x
60,Daniel Yoo,,kor_hang,Korea,한국 미신에 사람의 이름을 쓸 때 피해야 하는 색깔은?,빨간색,https://namu.wiki/w/%EC%9D%B4%EB%A6%84%EC%97%90%20%EB%8C%80%ED%95%9C%20%EA%B8%88%EA%B8%B0,"According to Korean superstition, what color should be avoided when writing a person's name?","According to Korean superstition, what color should you not use to write a person's name?",red,Red,Daniel Yoo,,,x
61,Seungyoon Lee,Hayden Arnold,kor_hang,Korea,등급제 직전의 성적 체계에서 가장 우수한 등급을 나타내는 한글자는?,수,https://namu.wiki/w/%EC%88%98%EC%9A%B0%EB%AF%B8%EC%96%91%EA%B0%80,What is the single character representing the highest grade in the grading system immediately prior to the current grading system?,What is the single character representing the highest grade in the grading system immediately prior to the current grading system?,number,Su,Seungyoon Lee,,,
62,Seungyoon Lee,Hayden Arnold,kor_hang,Korea,"고등학교 정규 수업이 끝난 후, 밤늦게까지 학교에 남아 스스로 공부하도록 하는 제도는?",야간자율학습,https://ko.wikipedia.org/wiki/%EC%9E%90%EC%9C%A8%ED%95%99%EC%8A%B5,What is the system that requires high school students to stay at school until late at night to study on their own after regular classes end?,What is the system that requires high school students to stay at school until late at night to study on their own after regular classes end?,evening self-study,night self-learning,Seungyoon Lee,,,
63,Seungyoon Lee,Hayden Arnold,kor_hang,Korea,"대학교 신입생들이 학기 초에 동기, 선배들과 친목을 다지기 위해 1박 2일 등으로 다 함께 떠나는 단체 여행은?",엠티,https://ko.wikipedia.org/wiki/%EC%97%A0%ED%8B%B0,"What is the term for a group trip, such as an overnight getaway, that university freshmen take together at the beginning of the semester to bond with their classmates and seniors?","What is the term for a group trip, such as an overnight getaway, that university freshmen take together at the beginning of the semester to bond with their classmates and seniors?",MT,MT,Seungyoon Lee,,,
64,Seungyoon Lee,Hayden Arnold,kor_hang,Korea,수능이나 큰 시험을 앞둔 수험생에게 '원하는 곳에 붙어라'는 기원의 의미를 담아 선물하는 한국의 전통 간식은?,엿,https://namu.wiki/w/%EC%88%98%ED%97%98%EC%83%9D,"What is the traditional Korean snack given to students preparing for the CSAT or other major exams, carrying the wish for them to get into their desired school?","What is the traditional Korean snack given to students preparing for the CSAT or other major exams, carrying the wish for them to get into their desired school?",taffy,Yeot,Seungyoon Lee,,,
65,Seungyoon Lee,Hayden Arnold,kor_hang,Korea,"자녀의 더 나은 교육(주로 어학연수)을 위해 아내와 자녀를 외국으로 보내고, 한국에 혼자 남아 돈을 벌어 송금하는 아버지를 비유적으로 지칭하는 동물은?",기러기,https://ko.wikipedia.org/wiki/%EA%B8%B0%EB%9F%AC%EA%B8%B0_%EC%95%84%EB%B9%A0,What animal is used metaphorically to refer to a father who sends his wife and children abroad for their better education (usually language training) and stays alone in Korea to earn money and send it back?,What animal is used metaphorically to refer to a father who sends his wife and children abroad for their better education (usually language training) and stays alone in Korea to earn money and send it back?,wild goose,Goose,Seungyoon Lee,,,
66,Seungyoon Lee,Hayden Arnold,kor_hang,Korea,현재 한국에서 수능이 치러지는 요일은?,목요일,https://namu.wiki/w/%EB%8C%80%ED%95%99%EC%88%98%ED%95%99%EB%8A%A5%EB%A0%A5%EC%8B%9C%ED%97%98,On what day of the week is the CSAT currently held in Korea?,On what day of the week is the CSAT currently held in Korea?,thursday,thursday,Seungyoon Lee,,,
67,Seungyoon Lee,Hayden Arnold,kor_hang,Korea,대한민국의 교육 전문 공영방송사의 약자는?,EBS,https://ko.wikipedia.org/wiki/%ED%95%9C%EA%B5%AD%EA%B5%90%EC%9C%A1%EB%B0%A9%EC%86%A1%EA%B3%B5%EC%82%AC,What is the acronym for South Korea's public broadcasting station specializing in education?,What is the acronym for South Korea's public broadcasting station specializing in education?,EBS,EBS,Seungyoon Lee,,,
68,Seungyoon Lee,Hayden Arnold,kor_hang,Korea,"이미 대학교에 입학하여 재학하거나 휴학한 상태에서, 다른 대학이나 학과로 진학하기 위해 다시 수능 시험을 준비하는 것은?",반수,https://namu.wiki/w/%EB%B0%98%EC%88%98(%EC%9E%85%EC%8B%9C),What is it to prepare for the CSAT again to advance to a different university or major while already enrolled in a university or on a leave of absence?,What is it to prepare for the CSAT again to advance to a different university or major while already enrolled in a university or on a leave of absence?,Half-year,Bansu,Seungyoon Lee,,,
69,Seungyoon Lee,Hayden Arnold,kor_hang,Korea,수학 과목의 공부를 아예 포기해 버린 학생을 부르는 말은?,수포자,https://namu.wiki/w/%EC%88%98%ED%8F%AC%EC%9E%90,What is the term for a student who has completely given up on studying mathematics?,What is the term for a student who has completely given up on studying mathematics?,Math phobia,Supoja,Seungyoon Lee,,,
70,Seungyoon Lee,Hayden Arnold,kor_hang,Korea,학원 등 사교육 시장에서 가장 뛰어난 강의력과 압도적으로 많은 수강생 수를 자랑하는 '1등 스타 강사'를 줄여서 부르는 말은?,일타강사,https://namu.wiki/w/%ED%83%80%EC%88%98(%EC%9D%80%EC%96%B4),"What is the abbreviation for a 'No. 1 Star Instructor' who boasts the most outstanding teaching skills and an overwhelmingly large number of students in the private education market, such as academies?","What is the abbreviation for a 'No. 1 Star Instructor' who boasts the most outstanding teaching skills and an overwhelmingly large number of students in the private education market, such as academies?",Top Instructor,top-tier instructor,Seungyoon Lee,,,
71,Seungyoon Lee,Hayden Arnold,kor_hang,Korea,초등학교 등하교 시간에 학교 앞 횡단보도에서 노란 깃발을 들고 학생들의 안전한 통학을 위해 교통지도를 하는 학부모(주로 어머니) 중심의 자원봉사 단체는?,녹색어머니,https://ko.wikipedia.org/wiki/%EB%85%B9%EC%83%89%EC%96%B4%EB%A8%B8%EB%8B%88%EC%A4%91%EC%95%99%ED%9A%8C,"What is the volunteer group led by parents (primarily mothers) that directs traffic at crosswalks in front of elementary schools during drop-off and pick-up times, holding yellow flags to ensure the safe commute of students?","What is the volunteer group led by parents (primarily mothers) that directs traffic at crosswalks in front of elementary schools during drop-off and pick-up times, holding yellow flags to ensure the safe commute of students?",Green Mothers,Green Mothers,Seungyoon Lee,,,
72,Seungyoon Lee,Hayden Arnold,kor_hang,Korea,"수능이나 모의고사에서 최상위권 학생들의 등급을 가르기 위해, 출제위원들이 의도적으로 매우 복잡한 계산이나 난해한 개념을 섞어 출제하는 초고난도 문제항을 지칭하는 단어는?",킬러문항,https://namu.wiki/w/%ED%82%AC%EB%9F%AC%20%EB%AC%B8%ED%95%AD,What is the term used to refer to ultra-difficult question items in the CSAT or mock exams that examiners intentionally include very complex calculations or abstruse concepts to differentiate the grades of top-tier students?,What is the term used to refer to ultra-difficult question items in the CSAT or mock exams that examiners intentionally include very complex calculations or abstruse concepts to differentiate the grades of top-tier students?,Killer questions,Killer question,Seungyoon Lee,,,
73,Seungyoon Lee,Hayden Arnold,kor_hang,Korea,대학생들이 온라인에서 익명으로 고민을 털어놓는 온라인 커뮤니티 공간은?,대나무숲,https://namu.wiki/w/%EB%8C%80%EB%82%98%EB%AC%B4%EC%88%B2(%EB%8C%80%ED%95%99%EA%B5%90),What is the online community space where college students anonymously share their concerns?,What is the online community space where college students anonymously share their concerns?,bamboo forest,bamboo forest,Seungyoon Lee,,,
74,Seungyoon Lee,Hayden Arnold,kor_hang,Korea,"초·중·고등학교에서 매일 아침 정규 수업인 1교시가 시작되기 전, 담임 교사가 교실에 들어와 출석을 부르고 그날의 일정이나 공지사항을 전달하는 시간은?",조례,https://namu.wiki/w/%EC%A1%B0%ED%9A%8C,"At elementary, middle, and high schools, what is the time every morning before the first period—the regular class—begins, when the homeroom teacher enters the classroom to call attendance and deliver the day's schedule or announcements?","At elementary, middle, and high schools, what is the time every morning before the first period—the regular class—begins, when the homeroom teacher enters the classroom to call attendance and deliver the day's schedule or announcements?",bylaw,Homeroom period,Seungyoon Lee,,,
75,Seungyoon Lee,Hayden Arnold,kor_hang,Korea,"대학교에서 나이와 상관없이 선후배 관계를 나누는 절대적인 서열 기준이 되며, 주로 자신이 입학한 연도의 끝 두 자리를 따서 소속을 밝히는 고유의 기수 체계는?",학번,https://namu.wiki/w/%ED%95%99%EB%B2%88,"What is the unique class number system in universities that serves as an absolute standard of hierarchy for distinguishing senior-junior relationships regardless of age, and where affiliation is typically identified by the last two digits of the year of admission?","What is the unique class number system in universities that serves as an absolute standard of hierarchy for distinguishing senior-junior relationships regardless of age, and where affiliation is typically identified by the last two digits of the year of admission?",Student ID,Student ID,Seungyoon Lee,,,
76,Seungyoon Lee,Hayden Arnold,kor_hang,Korea,"학교에서 하루의 모든 정규 수업이 끝난 후 하교하기 직전, 담임 교사가 교실에서 마지막 공지사항을 전달하고 학교 일과를 마무리하는 시간은?",종례,https://namu.wiki/w/%EC%A2%85%EB%A1%80,"What is the time right before dismissal, after all regular classes for the day have ended, when the homeroom teacher delivers the final announcements in the classroom and wraps up the school day?","What is the time right before dismissal, after all regular classes for the day have ended, when the homeroom teacher delivers the final announcements in the classroom and wraps up the school day?",Closing ceremony,Closing homeroom,Seungyoon Lee,,,
77,Seungyoon Lee,Hayden Arnold,kor_hang,Korea,한국에서 3시간 자면 시험에 붙고 4시간 자면 떨어진다 라는 의미를 가진 약어는?,삼당사락,https://ko.wikipedia.org/wiki/%EC%9D%98%EB%AC%B4_%EA%B5%90%EC%9C%A1,"What is the abbreviation in Korea that means ""If you sleep 3 hours, you pass the exam, and if you sleep 4 hours, you fail""?","What is the abbreviation in Korea that means ""If you sleep 3 hours, you pass the exam, and if you sleep 4 hours, you fail""?",Samdangsarak,Samdangsarak,Seungyoon Lee,,,
78,Seungyoon Lee,Hayden Arnold,kor_hang,Korea,지방에 위치한 인지도 낮은 대학교를 낮잡아 부르는 약어는?,지잡대,https://namu.wiki/w/%EC%A7%80%EC%9E%A1%EB%8C%80,What is the derogatory abbreviation for a lesser-known university located in a provincial area?,What is the derogatory term for a lesser-known university located in a provincial area?,low-ranking university,Jijapdae,Seungyoon Lee,,,
79,Seungyoon Lee,Hayden Arnold,kor_hang,Korea,대입을 위한 시험으로 수능 이전에 한국에서 행해졌던 시험은?,학력고사,https://ko.wikipedia.org/wiki/%ED%95%99%EB%A0%A5%EA%B3%A0%EC%82%AC,What was the exam administered in Korea for university admission before the CSAT?,What was the exam administered in Korea for university admission before the CSAT?,College Entrance Exam,National College Entrance Examination,Seungyoon Lee,,,
80,Seungyoon Lee,Hayden Arnold,kor_hang,Korea,"학생들이 순번을 정해 돌아가면서, 일찍 등교해 청소와 같은 잡다한 교내 할일을 특정 기간동안 맡는 당번은?",주번,https://namu.wiki/w/%EC%A3%BC%EB%B2%88,"What is the duty assignment where students take turns arriving early to handle miscellaneous school tasks, such as cleaning, for a specific period?","What is the duty officer, where students take turns arriving early to handle miscellaneous school tasks like cleaning for a specific period?",duty officer,duty student,Seungyoon Lee,,,
81,Minhyuk Kim,Seungyoon Lee,kor_hang,Korea,임진왜란 때 열 손가락에 반지를 끼고 일본의 적장을 껴안은 채 강에 투신한 여성의 이름은?,논개,https://ko.wikipedia.org/wiki/%EB%85%BC%EA%B0%9C,"What is the name of the woman who, during the Imjin War, wore rings on all ten fingers and jumped into a river while embracing an enemy Japanese general?",What is the name of the woman who wore rings on all ten fingers and jumped into a river while embracing an enemy Japanese general during the Imjin War?,Nongae,Nongae,Minhyuk Kim,,,
82,Minhyuk Kim,Seungyoon Lee,kor_hang,Korea,"후고구려의 왕으로, 한쪽 눈을 안대로 가리고 다니며 상대의 마음을 읽는다는 관심법으로 유명한 인물은?",궁예,https://ko.wikipedia.org/wiki/%EA%B6%81%EC%98%88,"Who is the King of Later Goguryeo famous for his mind-reading technique, which involves covering one eye with an eyepatch?","Who is the king of Later Goguryeo, known for wearing an eyepatch and claiming to read people's minds using a technique called 'Gwangsimbeop' (mind reading)?",Gung Ye,Gungye,Minhyuk Kim,,,
83,Minhyuk Kim,Seungyoon Lee,kor_hang,Korea,"암행어사가 자신의 신분을 증명하기 위해 들고 다녔으며, 빌려 탈 수 있는 말의 마릿수가 조각되어 있는 둥근 징표는?",마패,https://ko.wikipedia.org/wiki/%EB%A7%88%ED%8C%A8,"What is the round token carried by secret royal inspectors to prove their identity, which is engraved with the number of horses they could borrow?","What is the round token carried by Secret Royal Inspectors to prove their identity, which is engraved with the number of horses they could borrow?",Mapae,Mapae,Minhyuk Kim,,,
84,Minhyuk Kim,Seungyoon Lee,kor_hang,Korea,흥선대원군이 서양 세력과 절대 교류하지 않겠다는 의지를 담아 전국 곳곳에 세운 비석은?,척화비,https://ko.wikipedia.org/wiki/%EC%B2%99%ED%99%94%EB%B9%84,What are the monuments erected by Heungseon Daewongun throughout the country to express his determination never to interact with Western powers?,What are the stone monuments erected by Heungseon Daewongun throughout the country to express his determination never to interact with Western powers?,Cheokhwabi,Cheokhwabi,Minhyuk Kim,,,
85,Minhyuk Kim,Seungyoon Lee,kor_hang,Korea,"백제의 근초고왕이 일본 왕에게 하사했다고 전해지며, 나뭇가지처럼 일곱 갈래로 갈라진 칼은?",칠지도,https://ko.wikipedia.org/wiki/%EC%B9%A0%EC%A7%80%EB%8F%84,"What is the sword said to have been bestowed by King Geunchogo of Baekje upon the King of Japan, which splits into seven branches like a tree?","What is the sword said to have been bestowed by King Geunchogo of Baekje upon the King of Japan, which is shaped like a tree with seven branches?",Chiljido,Chiljido,Minhyuk Kim,,,
86,Minhyuk Kim,Seungyoon Lee,kor_hang,Korea,신라 시대에 왕족과 귀족의 혈통에 따라 등급을 엄격하게 나눈 신분 제도는?,골품제,https://ko.wikipedia.org/wiki/%EA%B3%A8%ED%92%88%EC%A0%9C,What was the social stratification system of the Silla Dynasty that strictly divided ranks based on the bloodlines of the royal family and nobility?,What was the social stratification system of the Silla Dynasty that strictly divided ranks based on the bloodlines of the royal family and nobility?,Bone Rank System,Bone Rank System,Minhyuk Kim,,,
87,Minhyuk Kim,Seungyoon Lee,kor_hang,Korea,이순신 장군이 임진왜란 7년 동안 겪은 일들을 매일 기록한 일기는?,난중일기,https://ko.wikipedia.org/wiki/%EB%82%9C%EC%A4%91%EC%9D%BC%EA%B8%B0,What is the diary in which Admiral Yi Sun-sin recorded his daily experiences during the seven years of the Imjin War?,What is the diary in which Admiral Yi Sun-sin recorded his daily experiences during the seven years of the Imjin War?,Nanjung Ilgi,Nanjung Ilgi,Minhyuk Kim,,,
88,Minhyuk Kim,Seungyoon Lee,kor_hang,Korea,조선 시대에 얼음을 한여름까지 녹지 않게 보관하기 위해 돌로 만든 지하 창고는?,석빙고,https://ko.wikipedia.org/wiki/%EC%84%9D%EB%B9%99%EA%B3%A0,What is the underground stone warehouse from the Joseon Dynasty used to keep ice from melting until midsummer?,What is the underground stone icehouse from the Joseon Dynasty used to keep ice from melting until midsummer?,Stone ice storage,Seokbinggo,Minhyuk Kim,,,
89,Minhyuk Kim,Seungyoon Lee,kor_hang,Korea,"조선 시대에 널리 쓰였던 화폐로, 둥근 모양에 가운데 네모난 구멍이 뚫린 엽전의 이름은?",상평통보,https://ko.wikipedia.org/wiki/%EC%83%81%ED%8F%89%ED%86%B5%EB%B3%B4,What is the name of the round coin with a square hole in the center that was widely used during the Joseon Dynasty?,What is the name of the round coin with a square hole in the center that was widely used during the Joseon Dynasty?,Sangpyeongtongbo,Sangpyeongtongbo,Minhyuk Kim,,,
90,Minhyuk Kim,Seungyoon Lee,kor_hang,Korea,"신라에서 불교를 공인받기 위해 자신의 목을 베어보라며 순교했고, 목을 베자 붉은 피 대신 흰 피가 솟구쳤다는 전설의 인물은?",이차돈,https://ko.wikipedia.org/wiki/%EC%9D%B4%EC%B0%A8%EB%8F%88,"Who is the legendary figure who was martyred in Silla to have Buddhism officially recognized, challenging others to cut off his head, and whose head, when severed, reportedly gushed out white blood instead of red?","Who is the legendary figure who volunteered to be martyred to have Buddhism officially recognized in Silla, and from whose severed neck white blood reportedly gushed out instead of red?",Ichadon,Ichadon,Minhyuk Kim,,,
91,Minhyuk Kim,Seungyoon Lee,kor_hang,Korea,"고려 말 조선 건국에 반대했고, 선죽교에서 죽음을 맞은 인물은?",정몽주,https://ko.wikipedia.org/wiki/%EC%A0%95%EB%AA%BD%EC%A3%BC,Who is the figure who opposed the founding of Joseon at the end of the Goryeo Dynasty and met his death at Seonjuk Bridge?,Who opposed the founding of the Joseon Dynasty at the end of the Goryeo Dynasty and was killed at Seonjuk Bridge?,Jeong Mong-ju,Jeong Mong-ju,Minhyuk Kim,,,
92,Minhyuk Kim,Seungyoon Lee,kor_hang,Korea,노비 출신이었으나 세종대왕에게 발탁되어 자격루와 앙부일구를 발명한 과학자는?,장영실,https://ko.wikipedia.org/wiki/%EC%9E%A5%EC%98%81%EC%8B%A4,"Who is the scientist who, despite being born a slave, was selected by King Sejong and invented the Jagyeokru and Angbuilgu?","Who is the scientist who, despite being born a slave, was selected by King Sejong and invented the Jagyeokru and Angbuilgu?",Jang Yeong-sil,Jang Yeong-sil,Minhyuk Kim,,,
93,Minhyuk Kim,Seungyoon Lee,kor_hang,Korea,34년간 KBS 전국노래자랑의 단독 진행을 맡았던 대한민국의 연예인은?,송해,https://ko.wikipedia.org/wiki/%EC%86%A1%ED%95%B4,Who is the South Korean entertainer who hosted KBS's National Singing Contest alone for 34 years?,Who is the South Korean entertainer who served as the sole host of KBS's 'National Singing Contest' for 34 years?,Song Hae,Song Hae,Minhyuk Kim,,,
94,Minhyuk Kim,Seungyoon Lee,kor_hang,Korea,"씨름 선수 출신의 방송인으로, 예능 '1박 2일'과 '신서유기' 등을 이끈 메인 MC는?",강호동,https://ko.wikipedia.org/wiki/%EA%B0%95%ED%98%B8%EB%8F%99,"Who is the main MC of variety shows such as '1 Night 2 Days' and 'New Journey to the West', a broadcaster and former ssireum athlete?","Who is the former ssireum (Korean wrestling) athlete turned broadcaster, who serves as the main MC for variety shows like '2 Days & 1 Night' and 'New Journey to the West'?",Kang Ho-dong,Kang Ho-dong,Minhyuk Kim,,,
95,Minhyuk Kim,Seungyoon Lee,kor_hang,Korea,기업의 사회적 책임을 강조하며 유한양행을 창업한 기업가는?,유일한,https://ko.wikipedia.org/wiki/%EC%9C%A0%EC%9D%BC%ED%95%9C,Who is the entrepreneur who founded Yuhan Corporation while emphasizing corporate social responsibility?,Who is the entrepreneur who founded Yuhan Corporation while emphasizing corporate social responsibility?,only,Yoo Il-han,Minhyuk Kim,,,
96,Minhyuk Kim,Seungyoon Lee,kor_hang,Korea,"한국 근현대 미술을 대표하는 화가로, 역동적인 '소'를 그린 작품으로 유명한 인물은?",이중섭,https://ko.wikipedia.org/wiki/%EC%9D%B4%EC%A4%91%EC%84%AD,"Who is the representative painter of modern and contemporary Korean art, famous for his works depicting dynamic 'cows'?",Who is the prominent modern Korean painter famous for his dynamic paintings of bulls?,Lee Jung-seop,Lee Jung-seop,Minhyuk Kim,,,
97,Minhyuk Kim,Seungyoon Lee,kor_hang,Korea,2011년 아덴만 여명 작전 당시 총상을 입은 석해균 선장을 살려낸 의사는?,이국종,https://ko.wikipedia.org/wiki/%EC%9D%B4%EA%B5%AD%EC%A2%85,Who is the doctor who saved Captain Suk Hae-kyun after he was shot during Operation Dawn in the Gulf of Aden in 2011?,"Who is the doctor who saved Captain Seok Hae-kyun, who suffered multiple gunshot wounds during Operation Dawn of the Gulf of Aden in 2011?",Lee Kuk-jong,Lee Guk-jong,Minhyuk Kim,,,
98,Minhyuk Kim,Seungyoon Lee,kor_hang,Korea,이륙하려는 대한항공 비행기 내에서 승무원의 마카다미아 제공 방식을 문제 삼아 비행기를 리턴시킨 '땅콩 회항' 사건의 장본인은?,조현아,https://ko.wikipedia.org/wiki/%EC%A1%B0%EC%8A%B9%EC%97%B0_(%EA%B8%B0%EC%97%85%EC%9D%B8),"Who is the culprit behind the 'Nut Rage' incident, in which a Korean Air plane attempting to take off was forced to return after taking issue with the way a flight attendant served macadamia nuts?","Who is the person behind the 'Nut Rage' incident, who forced a departing Korean Air flight to return to the gate after taking issue with how a flight attendant served macadamia nuts?",Cho Hyun-ah,Cho Hyun-ah,Minhyuk Kim,,,
99,Minhyuk Kim,Seungyoon Lee,kor_hang,Korea,"수능 사회탐구(생활과 윤리) 영역 1타 강사로, 130억 원에 달하는 통장 잔고를 인증해 큰 화제를 모은 인물은?",이지영,https://ko.wikipedia.org/wiki/%EC%9D%B4%EC%A7%80%EC%98%81_(%EA%B0%95%EC%82%AC),Who is the top instructor for the CSAT Social Studies (Life and Ethics) section who garnered significant attention by verifying a bank account balance amounting to 13 billion won?,Who is the star instructor for the CSAT Social Studies (Life and Ethics) section who garnered significant attention by revealing a bank balance of 13 billion won?,Lee Ji-young,Lee Ji-young,Minhyuk Kim,,,
100,Minhyuk Kim,Seungyoon Lee,kor_hang,Korea,"1997년 부산교도소 화장실 쇠창살을 끊고 탈옥하여 2년 반 동안 도망 다녔으며, 검거 당시 입었던 무지개 무늬를 유행시킨 탈옥수는?",신창원,https://ko.wikipedia.org/wiki/%EC%8B%A0%EC%B0%BD%EC%9B%90,"Which escapee broke out of Busan Prison in 1997 by cutting through the toilet bars, was on the run for two and a half years, and popularized the rainbow pattern he was wearing at the time of his capture?","Which escapee broke out of Busan Prison in 1997 by cutting through the toilet bars, was on the run for two and a half years, and popularized the rainbow-patterned shirt he was wearing at the time of his capture?",Shin Chang-won,Shin Chang-won,Minhyuk Kim,,,
101,Seongtae Hong,Seongjun Ahn,kor_hang,Korea,한국 바둑계에서 무표정하고 좀처럼 흔들리지 않는 모습 때문에 이창호 9단에게 붙은 유명한 별명은?,돌부처,https://ko.wikipedia.org/wiki/%EC%9D%B4%EC%B0%BD%ED%98%B8,What is the famous nickname given to Lee Chang-ho 9-dan in the Korean Baduk world due to his expressionless face and unwavering demeanor?,What famous nickname was given to Korean Go player Lee Chang-ho for his expressionless demeanor and unshakable composure?,stone Buddha,Stone Buddha,Seongtae Hong,,,
102,Seongtae Hong,Seongjun Ahn,kor_hang,Korea,"당구장에서 당구를 치며 놀 때, 한국인들이 먹는 대표적인 음식은 무엇일까요?",짜장면,https://namu.wiki/w/%EB%8B%B9%EA%B5%AC%EC%9E%A5,What is the representative food that Koreans eat when playing billiards at a billiards hall?,What food do Koreans traditionally order while playing at a billiard hall?,Jjajangmyeon,Jajangmyeon,Seongtae Hong,,,
103,Seongtae Hong,Seongjun Ahn,kor_hang,Korea,"타자가 홈런을 친 직후, 야구 방망이를 허공으로 화려하게 던지는 행위를 뜻하는 은어는?",빠던,https://ko.wikipedia.org/wiki/%EB%B0%B0%ED%8A%B8_%ED%94%8C%EB%A6%BD,What is the slang term for the act of a batter dramatically tossing a baseball bat into the air immediately after hitting a home run?,What Korean baseball slang term refers to a batter dramatically tossing the bat after hitting a home run?,Bat flip,Ppadeon,Seongtae Hong,,,
104,Seongtae Hong,Seongjun Ahn,kor_hang,Korea,한화 이글스 팬을 부르는 호칭은?,보살팬,https://namu.wiki/w/%ED%95%9C%ED%99%94%20%EC%9D%B4%EA%B8%80%EC%8A%A4,What is the term for Hanwha Eagles fans?,What nickname is commonly used for fans of the Hanwha Eagles?,Bodhisattva fan,Bosal fans,Seongtae Hong,,,
105,Seongtae Hong,Seongjun Ahn,kor_hang,Korea,축구 응원 구호 “대~한민국!” 뒤에는 보통 박수를 몇 번 치는가?,5,https://ko.wikipedia.org/wiki/%EB%8C%80~%ED%95%9C%EB%AF%BC%EA%B5%AD,How many times do people usually clap after the soccer cheer “Dae~hanminguk!”?,How many claps usually follow the Korean football chant “Dae-han-min-guk!”?,5,5,Seongtae Hong,,,
106,Seongtae Hong,Seongjun Ahn,kor_hang,Korea,최근 기아 타이거즈 치어리더들이 상대 팀 타자가 아웃될 때 무심한 표정으로 추며 전 세계적으로 화제가 된 춤은?,삐끼삐끼,https://namu.wiki/w/%EC%82%90%EB%81%BC%EC%82%90%EB%81%BC%20%EC%B6%A4,"What is the dance that recently became a global sensation, performed by Kia Tigers cheerleaders with nonchalant expressions when an opposing batter is out?","What dance, performed with a deadpan expression by KIA Tigers cheerleaders after an opposing batter is retired, recently became a worldwide sensation?",Pimping,PikkiPikki,Seongtae Hong,,,
107,Seongtae Hong,Seongjun Ahn,kor_hang,Korea,2002년 한일 월드컵 당시 붉은 티셔츠를 입고 거리 응원을 주도했던 축구 국가대표팀 서포터즈의 이름은?,붉은악마,https://ko.wikipedia.org/wiki/%EB%B6%89%EC%9D%80%EC%95%85%EB%A7%88,What is the name of the national soccer team supporters who led street cheering wearing red t-shirts during the 2002 Korea-Japan World Cup?,What was the name of the South Korean national football team’s supporters’ group that led the red-shirted street cheering during the 2002 FIFA World Cup?,Red Devil,The Red Devils,Seongtae Hong,,,
108,Seongtae Hong,Seongjun Ahn,kor_hang,Korea,롯데 자이언츠 팬들이 사직야구장에서 떼창하는 대표적인 지역 응원가는?,부산갈매기,https://ko.wikipedia.org/wiki/%EB%B6%80%EC%82%B0%EA%B0%88%EB%A7%A4%EA%B8%B0,What is the representative local cheer song that Lotte Giants fans sing in unison at Sajik Baseball Stadium?,What regional song do Lotte Giants fans famously sing together at Sajik Baseball Stadium?,Busan Seagull,Busan Galmaegi,Seongtae Hong,,,
109,Seongtae Hong,Seongjun Ahn,kor_hang,Korea,경기 중 포착된 입 모양에서 유래한 배구선수 김연경의 유명한 애칭은?,식빵언니,https://namu.wiki/w/%EC%8B%9D%EB%B9%B5%EC%96%B8%EB%8B%88,"What is the famous nickname of volleyball player Kim Yeon-kyung, derived from the shape of her mouth captured during a match?",What famous nickname was given to volleyball player Kim Yeon-koung after her mouth movements were caught on camera during a match?,Bread Sister,Sikppang Eonni,Seongtae Hong,,,
110,Seongtae Hong,Seongjun Ahn,kor_hang,Korea,한국의 헬스 매니아들이 운동을 하루라도 쉬면 근육량이 줄어들까 봐 극도로 두려워하며 쓰는 단어는?,근손실,https://namu.wiki/w/%EA%B7%BC%EC%86%90%EC%8B%A4,What is the word used by Korean fitness enthusiasts who are extremely afraid that skipping even a single day of exercise will cause their muscle mass to decrease?,What term do Korean fitness enthusiasts use when they fear that taking even one day off from exercise will reduce their muscle mass?,muscle loss,Geunsonsil,Seongtae Hong,,,
111,Seongtae Hong,Seongjun Ahn,kor_hang,Korea,"2004 아테네 올림픽 여자 핸드볼 대표팀의 이야기를 다룬 영화 제목에서 유래해, 한국 여자 핸드볼을 상징하는 말처럼 쓰이게 된 세 글자 표현은?",우생순,https://namu.wiki/w/%EC%9A%B0%EB%A6%AC%20%EC%83%9D%EC%95%A0%20%EC%B5%9C%EA%B3%A0%EC%9D%98%20%EC%88%9C%EA%B0%84,What is the three-character expression that originated from the title of a movie about the 2004 Athens Olympic women's handball team and has come to be used as a symbol of Korean women's handball?,"What three-syllable Korean expression, derived from the title of a film about the Korean women’s handball team at the 2004 Athens Olympics, came to symbolize Korean women’s handba",Woosaengsun,Woo seang soon,Seongtae Hong,,,
112,Seongtae Hong,Seongjun Ahn,kor_hang,Korea,리그 오브 레전드의 세계대회인 ‘월드 챔피언십’을 한국 팬들이 월드컵에 빗대어 부르는 별칭은?,롤드컵,https://ko.wikipedia.org/wiki/%EB%A6%AC%EA%B7%B8_%EC%98%A4%EB%B8%8C_%EB%A0%88%EC%A0%84%EB%93%9C_%EC%9B%94%EB%93%9C_%EC%B1%94%ED%94%BC%EC%96%B8%EC%8B%AD,"What is the nickname Korean fans use to refer to the League of Legends world tournament, the ‘World Championship,’ likening it to the World Cup?","What nickname, modeled after the word “World Cup,” do Korean fans use for the League of Legends World Championship?",LoL Worlds,Roldcup,Seongtae Hong,,,
113,Seongtae Hong,Seongjun Ahn,kor_hang,Korea,한국인 최초로 맨체스터 유나이티드에서 활약하며 국내 해외축구 대중화에 크게 기여한 박지성에게 팬들이 붙인 별명은?,해버지,https://namu.wiki/w/%EB%B0%95%EC%A7%80%EC%84%B1/%EB%B3%84%EB%AA%85,"What is the nickname given by fans to Park Ji-sung, the first Korean to play for Manchester United and who greatly contributed to the popularization of overseas football in Korea?","What nickname did Korean fans give Park Ji-sung, the first Korean to play for Manchester United, for helping popularize overseas football in South Korea?",Father Hae,Haebeoji,Seongtae Hong,,,
114,Seongtae Hong,Seongjun Ahn,kor_hang,Korea,E-스포츠 스타크래프트 프로게이머 홍진호 선수를 상징하게 된 숫자는?,2,https://ko.wikipedia.org/wiki/%ED%99%8D%EC%A7%84%ED%98%B8,What number came to symbolize e-sports StarCraft pro gamer Hong Jin-ho?,What number became strongly associated with StarCraft professional gamer Hong Jin-ho?,2,2,Seongtae Hong,,,
115,Seongtae Hong,Seongjun Ahn,kor_hang,Korea,한국 축구 팬들이 상대 선수가 고의로 그라운드에 누워 시간을 끄는 행위를 비꼬아 부르는 말은?,침대축구,https://namu.wiki/w/%EC%B9%A8%EB%8C%80%20%EC%B6%95%EA%B5%AC,What is the sarcastic term Korean soccer fans use to refer to an opposing player intentionally lying on the ground to waste time?,What mocking term do Korean football fans use when opposing players deliberately lie on the pitch to waste time?,Bed soccer,Chimdae chukgu,Seongtae Hong,,,
116,Seongtae Hong,Seongjun Ahn,kor_hang,Korea,리그 오브 레전드 프로게이머 '페이커' 이상혁 선수를 팬들이 찬양할 때 부르는 밈적인 호칭은?,대상혁,https://namu.wiki/w/%EC%9D%B4%EC%83%81%ED%98%81/%EB%B3%84%EB%AA%85?from=%ED%8E%98%EC%9D%B4%EC%BB%A4%2F%EB%B3%84%EB%AA%85,"What is the meme-like nickname fans use to praise League of Legends pro gamer Lee Sang-hyeok, also known as ""Faker""?","What meme-like honorific do fans use to praise League of Legends pro gamer Faker, whose real name is Lee Sang-hyeok?",Daesanghyeok,Dae Sang-hyeok,Seongtae Hong,,,
117,Seongtae Hong,Seongjun Ahn,kor_hang,Korea,"자신이 경기장에 직접 응원을 하러 가는 날마다 응원하는 팀이 승리할 때, 팬들이 스스로를 자랑스럽게 일컫는 줄임말은?",승리 요정,https://namu.wiki/w/%EC%8A%B9%EB%A6%AC%20%EC%9A%94%EC%A0%95,What is the abbreviation fans proudly use to refer to themselves when their team wins every time they go to the stadium to cheer in person?,"When a fan’s team wins every time they attend a game in person, what term do they proudly use to describe themselves?",Victory Fairy,Seungni yojeong,Seongtae Hong,,,
118,Seongtae Hong,Seongjun Ahn,kor_hang,Korea,"헬스장 등에서 운동을 마친 후, 소셜 미디어(SNS)에 인증 사진을 올릴 때 '오늘 운동 완료'를 줄여서 쓰는 대표적인 해시태그 신조어는?",오운완,https://namu.wiki/w/%EC%98%A4%EC%9A%B4%EC%99%84,"What is the representative hashtag neologism used to shorten ""Workout done today"" when uploading a verification photo to social media (SNS) after finishing a workout at a gym or similar venue?","What popular Korean hashtag, which is an abbreviation for “today’s workout complete,” do people use when posting post-workout photos on social media?",Oh Woon-wan,Ounwan,Seongtae Hong,,,
119,Seongtae Hong,Seongjun Ahn,kor_hang,Korea,"헬스(피트니스)에 과도하게 집착하여, 일상의 모든 기준을 근성장과 단백질 섭취에 맞추는 사람을 뜻하는 별명은?",헬창,https://namu.wiki/w/%ED%97%AC%EC%B0%BD,What is the nickname for someone who is excessively obsessed with health (fitness) and bases their entire daily routine on muscle growth and protein intake?,What Korean slang term describes someone so obsessed with fitness that their daily life revolves around muscle growth and protein intake?,gym rat,Helchang,Seongtae Hong,,,
120,Seongtae Hong,Seongjun Ahn,kor_hang,Korea,"올림픽이나 아시안 게임에서 양궁, 쇼트트랙처럼 한국 국가대표팀에 매번 확실하게 금메달을 안겨주는 든든한 종목들을 일컫는 말은?",효자 종목,https://namu.wiki/w/%ED%9A%A8%EC%9E%90#s-3,What is the term used to describe reliable sports like archery and short track that consistently bring gold medals to the Korean national team at the Olympics or Asian Games?,What term do Koreans use for sports such as archery and short-track speed skating that reliably deliver gold medals at the Olympics or Asian Games?,Star sport,Hyoja events,Seongtae Hong,,,
121,DongGeon Lee,Seongtae Hong,kor_hang,Korea,"면, 액상 스프, 후레이크(김가루+참깨)로 구성되어 있는 한국의 매운 볶음 라면의 이름은?",불닭볶음면,https://en.wikipedia.org/wiki/Buldak_Ramen,"What is the name of the Korean spicy stir-fried ramen consisting of noodles, liquid soup, and flakes (seaweed flakes + sesame seeds)?","What is the name of the Korean spicy stir-fried ramen that comes with noodles, liquid sauce, and flakes (seaweed and sesame seeds)?",Buldak볶음면,Buldak Ramen,DongGeon Lee,,,
122,DongGeon Lee,Seongtae Hong,kor_hang,Korea,"대한민국의 식품 회사인 팔도에서 생산하는 라면으로, 서울 명동에서 작은 가게로 시작한 라면을 모티브로 한 매운 라면의 이름은?",틈새라면,https://ko.wikipedia.org/wiki/%ED%8B%88%EC%83%88%EB%9D%BC%EB%A9%B4_(%EB%9D%BC%EB%A9%B4),"What is the name of the spicy ramen produced by the South Korean food company Paldo, which is modeled after the ramen that started as a small shop in Myeongdong, Seoul?","What is the name of the spicy instant ramen produced by South Korean food company Paldo, which was inspired by a ramen restaurant that began as a small shop in Myeongdong, Seoul?",Tteumsae Ramen,teumsae ramyun,DongGeon Lee,,,
123,DongGeon Lee,Seongtae Hong,kor_hang,Korea,"주로 여름에 먹는 국수의 한 종류로, 고소한 맛을 살리기 위해 일반적으로 소금이나 설탕을 뿌려 먹는 차가운 국수의 이름은?",콩국수,https://en.wikipedia.org/wiki/Kong-guksu,"What is the name of the type of cold noodles mainly eaten in the summer, which is typically sprinkled with salt or sugar to enhance its savory flavor?","What is the name of the cold noodle dish commonly eaten in summer, typically seasoned with salt or sugar to bring out its rich, nutty flavor?",Soybean noodle soup,Kong-guksu,DongGeon Lee,,,
124,DongGeon Lee,Seongtae Hong,kor_hang,Korea,케이크와 함께 생일을 상징하는 대표적인 한식으로 산모의 산후조리용으로 애용되는 음식은?,미역국,https://en.wikipedia.org/wiki/Miyeok-guk,"What is the representative Korean food symbolizing a birthday along with cake, and is frequently used for postpartum recovery for new mothers?","What traditional Korean food, along with cake, is associated with birthdays and commonly eaten by new mothers during postpartum recovery?",Seaweed soup,Miyeok-guk,DongGeon Lee,,,
125,DongGeon Lee,Seongtae Hong,kor_hang,Korea,"‘푹 고다’라는 의미에서 이름이 유래되었으며, 소고기의 여러 부위를 푹 우려낸 국물에 밥을 말아 먹는 한국의 대표 보양식은 무엇일까요?",곰탕,https://en.wikipedia.org/wiki/Gomguk,"What is Korea's representative health food, whose name originates from the meaning of 'simmering thoroughly,' consisting of rice mixed into a broth made by simmering various cuts of beef for a long time?","What is this representative Korean nourishing dish, whose name comes from the phrase 'to simmer thoroughly,' made by serving rice in a rich broth boiled from various cuts of beef?",oxtail soup,Gomtang,DongGeon Lee,,,
126,DongGeon Lee,Seongtae Hong,kor_hang,Korea,"돼지고기와 채소를 고추장 육수에 넣고 자작하게 졸여 밥에 비벼 먹는, 찌개와 볶음 중간 형태의 한국 향토음식은 무엇인가요?",짜글이,https://ko.wikipedia.org/wiki/%EC%A7%9C%EA%B8%80%EC%9D%B4,"What is the Korean regional dish that falls somewhere between a stew and a stir-fry, consisting of pork and vegetables simmered in a gochujang broth until reduced and then mixed with rice?","What is the Korean regional dish that falls somewhere between a stew and a stir-fry, consisting of pork and vegetables simmered in a gochujang broth until reduced and then mixed with rice?",Jjageuli,Jjageuli,DongGeon Lee,,,
127,DongGeon Lee,Seongtae Hong,kor_hang,Korea,"찹쌀 반죽을 튀겨 조청과 고물을 묻혀 만들며, 겉은 바삭하고 입안에서 부드럽게 녹는 이 한과의 이름은 무엇일까요?",유과,https://ko.wikipedia.org/wiki/%EC%9C%A0%EA%B3%BC,"What is the name of this Korean traditional confectionery, made by frying glutinous rice dough and coating it with rice syrup and toppings, which is crispy on the outside and melts softly in the mouth?","What is the name of this Korean traditional confectionery, made by frying glutinous rice dough and coating it with rice syrup and crisp rice crumbs/grain coatings, which is crispy on the outside and melts softly in the mouth?",Yugwa,yugwa,DongGeon Lee,,,
128,DongGeon Lee,Seongtae Hong,kor_hang,Korea,조선 시대 궁중에서 왕과 왕비의 식사를 뜻하던 두 글자 높임말은 무엇일까요?,수라,https://ko.wikipedia.org/wiki/%EC%88%98%EB%9D%BC%EC%83%81,What is the two-character honorific term used in the Joseon Dynasty royal court to refer to the meals of the King and Queen?,What is the two-character honorific term used in the Joseon Dynasty royal court to refer to the meals of the King and Queen?,Sura,sura,DongGeon Lee,,,
129,DongGeon Lee,Seongtae Hong,kor_hang,Korea,"평안도와 함경도 유래의 차가운 닭 요리로, 이름에 '탕'이 들어가지만 냉채에 가깝고 국수를 말아 먹기도 하는 이 음식은 무엇일까요?",초계탕,https://ko.wikipedia.org/wiki/%EC%B4%88%EA%B3%84%ED%83%95,"What is this cold chicken dish originating from Pyeongan-do and Hamgyeong-do? Although its name includes 'tang,' it is closer to a cold salad and is often eaten with noodles.","What is this cold chicken dish originating from Pyeongan-do and Hamgyeong-do? Although its name includes 'tang,' it is closer to a chilled dish and is often served with noodles.",Chogyetang,Chogyetang,DongGeon Lee,,,
130,DongGeon Lee,Seongtae Hong,kor_hang,Korea,삶은 돼지고기를 도마 위에 올린 채 바로 썰어 먹는 제주도식 수육은 무엇일까요?,돔베고기,https://namu.wiki/w/%EA%B3%A0%EA%B8%B0%EA%B5%AD%EC%88%98#fn-3,"What is Jeju-style suyuk, where boiled pork is sliced ​​and eaten immediately while placed on a cutting board?","What is Jeju-style suyuk, where boiled pork is sliced ​​and eaten immediately while placed on a cutting board?",Dombe meat,Dombegogi,DongGeon Lee,,,
131,DongGeon Lee,Seongtae Hong,kor_hang,Korea,"영화 '기생충'에서 한우 채끝살을 넣어 화제가 된, 농심의 두 라면을 섞어 만든 요리의 이름은 무엇인가요?",짜파구리,https://en.wikipedia.org/wiki/Jjapaguri,"What is the name of the dish made by mixing two Nongshim ramen varieties, which became a hot topic in the movie 'Parasite' for using Korean beef sirloin?","What is the name of the dish made by mixing two Nongshim ramen varieties, which became a hot topic in the movie 'Parasite' for using Korean beef sirloin?",Jjapaguri,Jjapaguri,DongGeon Lee,,,
132,DongGeon Lee,Seongtae Hong,kor_hang,Korea,"쿠팡이 운영하는 음식 배달 플랫폼 서비스의 이름은?
",쿠팡이츠,https://namu.wiki/w/%EC%BF%A0%ED%8C%A1%EC%9D%B4%EC%B8%A0,"What is the name of the food delivery platform service operated by Coupang?

**",What is the name of the food delivery platform service operated by Coupang?,Coupang Eats,Coupang Eats,DongGeon Lee,,,
133,DongGeon Lee,Seongtae Hong,kor_hang,Korea,"이것은 한국의 음식 배달 플랫폼의 하나로, B마트, 알뜰배달, 한집배달 등의 서비스를 제공한다. 이것의 이름은?",배달의민족,https://en.wikipedia.org/wiki/Baedal_Minjok,"This is a Korean food delivery platform that provides services such as B Mart, Altteul Delivery, and Hanjib Delivery. What is its name?","Which Korean food delivery platform offers services such as B Mart, Alteul Baedal, and Hanjip Baedal?",Baedal Minjok,Baedal Minjok,DongGeon Lee,,,
134,DongGeon Lee,Seongtae Hong,kor_hang,Korea,"다른 사람, 특히 윗사람과의 술자리에서 있을 때, 스스로 병을 들어 자기 몫의 술을 따르는 행동을 부르는 단어는?",자작,https://namu.wiki/w/%EC%A3%BC%EB%8F%84#s-2.1,"What is the word used to describe the act of picking up the bottle and pouring one's own share of alcohol when drinking with others, especially superiors?","What Korean term refers to pouring your own drink at a gathering, especially when drinking with elders or superiors?",viscount,pour oneself a drink,DongGeon Lee,,,x
135,DongGeon Lee,Seongtae Hong,kor_hang,Korea,막걸리 주전자에 칠성사이다 같은 사이다를 섞어 만든 술의 이름은?,막사,https://namu.wiki/w/%EB%A7%89%EC%82%AC,What is the name of the drink made by mixing a cider like Chilsung Cider into a makgeolli pitcher?,What is the name of the drink made by mixing a cider like Chilsung Cider into a makgeolli pitcher?,barracks,Maksa,DongGeon Lee,,,
136,DongGeon Lee,Seongtae Hong,kor_hang,Korea,프랑스 빵인 크루아상을 한국식 누룽지처럼 납작하게 눌러 구운 디저트는?,크룽지,https://namu.wiki/w/%ED%81%AC%EB%A3%A8%EC%95%84%EC%83%81#s-5.7,What is the dessert made by flattening a French croissant like Korean scorched rice and baking it?,"What is the dessert made by flattening and baking a croissant, much like Korean nurungji?",Krungji,Crungji,DongGeon Lee,,,
137,DongGeon Lee,Seongtae Hong,kor_hang,Korea,미꾸라지를 넣고 끓여 가을과 겨울에 즐겨 먹는 한국의 국물 요리는 무엇인가요?,추어탕,https://en.wikipedia.org/wiki/Chueo-tang,What is the Korean soup dish made by boiling loach and enjoyed in autumn and winter?,What Korean soup is made from loach and eaten mainly in autumn and winter?,Chueotang,Chueo-tang,DongGeon Lee,,,
138,DongGeon Lee,Seongtae Hong,kor_hang,Korea,영화 '황해'에서 배우 하정우가 입안 가득 우겨넣는 먹방 밈으로 유명해진 한국의 대표 음식은 무엇일까요?,김,https://en.wikipedia.org/wiki/Gim_(food),What is the representative Korean food that became famous through the mukbang meme in the movie 'The Yellow Sea' where actor Ha Jung-woo stuffs his mouth full?,What is the representative Korean food that became famous through the mukbang meme in the movie 'The Yellow Sea' where actor Ha Jung-woo stuffs his mouth full?,seaweed,Gim,DongGeon Lee,,,
139,DongGeon Lee,Seongtae Hong,kor_hang,Korea,"우래옥, 필동면옥, 을밀대에서 공통으로 판매하는 음식의 이름은?",평양냉면,https://namu.wiki/w/%ED%8F%89%EC%96%91%EB%83%89%EB%A9%B4,"What is the name of the dish sold in common at Uraeok, Pildong Myeonok, and Eulmil-dae?","What dish is served at all three restaurants—Uraeok, Pildong Myeonok, and Eulmildae?",Pyongyang cold noodles,Pyongyang Raengmyon,DongGeon Lee,,,
140,DongGeon Lee,Seongtae Hong,kor_hang,Korea,닭의 모래주머니나 이를 이용해 만든 대표적인 한국 포장마차 요리의 이름은 무엇일까요?,닭똥집,https://namu.wiki/w/%EB%8B%AD%EB%98%A5%EC%A7%91,What is the name of the chicken gizzard or the representative Korean street food dish made using it?,What is the name of the popular Korean street food dish made from chicken gizzards?,Chicken gizzard,Dak-ttongjip,DongGeon Lee,,,
141,Junggeun Do,Yerin Choe,kor_hang,Korea,지금의 경주시에 위치했던 신라의 수도는 어디인가요?,서라벌,https://ko.wikipedia.org/wiki/%EC%84%9C%EB%9D%BC%EB%B2%8C,"Where was the capital of Silla, located in present-day Gyeongju?","What was the ancient capital of the Silla Kingdom, located in present-day Gyeongju?",Seorabeol,Seorabeol,Junggeun Do,,,
142,Junggeun Do,Yerin Choe,kor_hang,Korea,2008년에 방화 사건으로 전소된 한국의 문화유산은 무엇인가요?,숭례문,https://ko.wikipedia.org/wiki/%EC%88%AD%EB%A1%80%EB%AC%B8,What Korean cultural heritage was completely destroyed by arson in 2008?,Which Korean cultural heritage monument was severely damaged by arson in 2008?,Sungnyemun,Sungnyemun,Junggeun Do,,,
143,Junggeun Do,Yerin Choe,kor_hang,Korea,한국의 돌잡이에서 장수를 의미하는 물건은 무엇인가요?,실,https://ko.wikipedia.org/wiki/%EB%8F%8C%EC%9E%A1%EC%9D%B4,What is the object that symbolizes longevity in the Korean Doljabi?,Which object symbolizes longevity in the Korean Doljabi ceremony?,line,thread,Yerin Choe,,,
144,Junggeun Do,Yerin Choe,kor_hang,Korea,서울세계불꽃축제가 개최되는 장소는 어디인가요?,여의도,https://ko.wikipedia.org/wiki/%EC%84%9C%EC%9A%B8%EC%84%B8%EA%B3%84%EB%B6%88%EA%BD%83%EC%B6%95%EC%A0%9C,Where is the Seoul World Fireworks Festival held?,Where is the Seoul International Fireworks Festival held?,Yeouido,Yeouido,Junggeun Do,,,
145,Junggeun Do,Yerin Choe,kor_hang,Korea,회사에서 마땅히 하는 일 없이 월급만 받아가는 직원을 의미하는 신조어는 무엇인가요?,월급루팡,https://ko.wikipedia.org/wiki/%EB%8C%80%ED%95%9C%EB%AF%BC%EA%B5%AD%EC%9D%98_%EC%9D%B8%ED%84%B0%EB%84%B7_%EC%8B%A0%EC%A1%B0%EC%96%B4_%EB%AA%A9%EB%A1%9D,What is the neologism that refers to an employee who collects a salary without doing any proper work at a company?,What Korean slang term refers to an employee who receives a salary without doing any actual work?,Salary thief,Salary Lupine,Junggeun Do,,,
146,Junggeun Do,Yerin Choe,kor_hang,Korea,대한민국 최초의 돔 야구장은 어디인가요?,고척스카이돔,https://ko.wikipedia.org/wiki/%EA%B3%A0%EC%B2%99%EC%8A%A4%EC%B9%B4%EC%9D%B4%EB%8F%94,Where is South Korea's first dome baseball stadium?,What is South Korea's first domed baseball stadium?,Gocheok Sky Dome,Gocheok Sky Dome,Junggeun Do,,,
147,Junggeun Do,Yerin Choe,kor_hang,Korea,대한민국의 프로야구단 삼성라이온즈의 연고지는 어디인가요?,대구,https://ko.wikipedia.org/wiki/%EC%82%BC%EC%84%B1_%EB%9D%BC%EC%9D%B4%EC%98%A8%EC%A6%88,"Where is the home city of the South Korean professional baseball team, the Samsung Lions?","Where is the home city of the Samsung Lions, the South Korean professional baseball team?",daegu,Daegu,Junggeun Do,,,
148,Junggeun Do,Yerin Choe,kor_hang,Korea,동지에 전통적으로 먹는 음식은 무엇인가요?,팥죽,https://ko.wikipedia.org/wiki/%ED%8C%A5%EC%A3%BD,What is the traditional food eaten on the winter solstice?,What is the traditional food eaten on the winter solstice in Korea?,red bean porridge,patjuk,Yerin Choe,,,
149,Junggeun Do,Yerin Choe,kor_hang,Korea,한국의 명절인 추석을 대표하는 전통 음식은 무엇인가요?,송편,https://ko.wikipedia.org/wiki/%EC%86%A1%ED%8E%B8,"What is the representative traditional food of Chuseok, a Korean holiday?","What is the traditional food that represents Chuseok, the Korean holiday?",Songpyeon,Songpyeon,Yerin Choe,,,
150,Junggeun Do,Yerin Choe,kor_hang,Korea,음식에 비유하여 답답한 상황이나 사람을 이르는 말은 무엇인가요?,고구마,https://ko.wikipedia.org/wiki/%EB%8C%80%ED%95%9C%EB%AF%BC%EA%B5%AD%EC%9D%98_%EC%9D%B8%ED%84%B0%EB%84%B7_%EC%8B%A0%EC%A1%B0%EC%96%B4_%EB%AA%A9%EB%A1%9D,What is the expression used to describe a frustrating situation or person by comparing it to food?,Which food is used as a slang term in Korea to describe a frustrating situation or person?,sweet potato,sweet potato,Junggeun Do,,,
151,Junggeun Do,Yerin Choe,kor_hang,Korea,방 바닥을 따뜻하게 하는 한국의 전통적인 난방 방식은 무엇인가요?,온돌,https://ko.wikipedia.org/wiki/%EC%98%A8%EB%8F%8C,What is the traditional Korean heating method for warming the floor?,What is the traditional Korean heating system that warms the floor?,Ondol,Ondol,Yerin Choe,,,
152,Junggeun Do,Yerin Choe,kor_hang,Korea,답답한 상황을 속 시원하게 해결해 주는 상황이나 사람을 음료수에 비유하여 이르는 말은 무엇인가요?,사이다,https://ko.wikipedia.org/wiki/%EB%8C%80%ED%95%9C%EB%AF%BC%EA%B5%AD%EC%9D%98_%EC%9D%B8%ED%84%B0%EB%84%B7_%EC%8B%A0%EC%A1%B0%EC%96%B4_%EB%AA%A9%EB%A1%9D,What is the expression that likens a situation or person to a beverage to provide a satisfying resolution to a frustrating situation?,"Which beverage-related slang is used in Korea to describe a situation or person that brings refreshing, quick satisfaction?",Cider,Sprite,Yerin Choe,,,
153,Junggeun Do,Yerin Choe,kor_hang,Korea,1919년 3월 1일에 기미독립선언서를 낭독한 민족대표는 총 몇 명인가요?,33명,https://ko.wikipedia.org/wiki/3%C2%B71_%EC%9A%B4%EB%8F%99,"How many national representatives read the March 1st Declaration of Independence on March 1, 1919?","How many national representatives signed the Korean Declaration of Independence on March 1, 1919?",33 people,33 people,Junggeun Do,,,
154,Junggeun Do,Yerin Choe,kor_hang,Korea,한국인들이 김치를 담그는 고유의 문화는 무엇인가요?,김장,https://ko.wikipedia.org/wiki/%EA%B9%80%EC%9E%A5,What is the unique culture of Koreans making kimchi?,What is the unique Korean culture of making kimchi?,Kimjang,Kimjang,Junggeun Do,,,
155,Junggeun Do,Yerin Choe,kor_hang,Korea,한국에서 소주와 맥주를 섞어 마시는 술은 무엇인가요?,소맥,https://ko.wikipedia.org/wiki/%EC%86%8C%EB%A7%A5_(%EC%88%A0),What is the alcoholic drink in Korea made by mixing soju and beer?,What is the Korean alcoholic drink made by mixing soju and beer?,Wheat,somaek,Junggeun Do,,,
156,Junggeun Do,Yerin Choe,kor_hang,Korea,대표적인 히트곡 '좋은 날'을 부른 한국의 가수는 누구인가요?,아이유,https://ko.wikipedia.org/wiki/%EC%A2%8B%EC%9D%80_%EB%82%A0,Who is the Korean singer who sang the representative hit song 'Good Day'?,Who is the Korean singer known for the hit song 'Good Day'?,IU,IU,Junggeun Do,,,
157,Junggeun Do,Yerin Choe,kor_hang,Korea,음식을 먹는 모습을 보여주는 방송을 뜻하는 줄임말은 무엇인가요?,먹방,https://ko.wikipedia.org/wiki/%EB%8C%80%ED%95%9C%EB%AF%BC%EA%B5%AD%EC%9D%98_%EC%9D%B8%ED%84%B0%EB%84%B7_%EC%8B%A0%EC%A1%B0%EC%96%B4_%EB%AA%A9%EB%A1%9D,What is the abbreviation for a broadcast that shows people eating food?,What is the Korean term for a stream or broadcast where people eat food?,Mukbang,Mukbang,Yerin Choe,,,
158,Junggeun Do,Yerin Choe,kor_hang,Korea,혼자 밥을 먹는 행위를 일컫는 줄임말은 무엇인가요?,혼밥,https://ko.wikipedia.org/wiki/%ED%98%BC%EC%A1%B1,What is the abbreviation for the act of eating alone?,What Korean slang term refers to the act of eating alone?,Eating alone,Honbap,Yerin Choe,,,
159,Junggeun Do,Yerin Choe,kor_hang,Korea,한국의 대표적인 설날 음식은 무엇인가요?,떡국,https://ko.wikipedia.org/wiki/%EB%96%A1%EA%B5%AD,What is the representative Korean Lunar New Year food?,What is the most iconic Lunar New Year dish in Korea?,tteokguk,tteokguk,Junggeun Do,,,
160,Junggeun Do,Yerin Choe,kor_hang,Korea,다양한 화장품과 건강식품을 판매하는 한국의 대표적인 헬스&뷰티 스토어의 이름은 무엇인가요?,올리브영,https://ko.wikipedia.org/wiki/%EC%98%AC%EB%A6%AC%EB%B8%8C%EC%98%81,What is the name of Korea's representative health and beauty store that sells a variety of cosmetics and health foods?,What is the name of Korea's leading health and beauty chain selling cosmetics and health supplements?,Olive Young,Olive Young,Yerin Choe,,,
161,Junggeun Do,Yerin Choe,kor_hang,Korea,"바람, 여자, 돌이 많다고 하여 붙여진 제주도의 별칭은 무엇인가요?",삼다도,https://ko.wikipedia.org/wiki/%EC%A0%9C%EC%A3%BC%EB%8F%84,"What is the nickname for Jeju Island, given because it has many winds, women, and stones?","What is the nickname for Jeju Island, given because of its abundance of wind, women, and stones?",Samdado,Samdado,Junggeun Do,,,
162,Junggeun Do,Yerin Choe,kor_hang,Korea,밀가루 반죽과 팥 앙금을 넣어 물고기 모양으로 구워낸 한국의 대표적인 겨울철 간식은 무엇인가요?,붕어빵,https://ko.wikipedia.org/wiki/%EB%B6%95%EC%96%B4%EB%B9%B5,What is the representative Korean winter snack made by baking flour dough and red bean paste into a fish shape?,What is the famous fish-shaped Korean winter snack made of baked batter filled with red bean paste?,Bungeoppang,Bungeoppang,Junggeun Do,,,
163,Junggeun Do,Yerin Choe,kor_hang,Korea,"간장, 된장, 고추장 등을 담은 흙으로 빚은 항아리들을 모아 두는 공간을 일컫는 말은 무엇인가요?",장독대,https://ko.wikipedia.org/wiki/%EC%9E%A5%EB%8F%85%EB%8C%80,"What is the term for a space where earthenware jars containing soy sauce, soybean paste, red pepper paste, etc., are collected?",What is the term for a traditional Korean courtyard or platform where earthenware jars filled with fermented pastes and sauces are kept?,earthenware jar stand,jangdokdae,Junggeun Do,,,
164,Junggeun Do,Yerin Choe,kor_hang,Korea,대한민국 최초의 올림픽 수영 메달리스트는 누구인가요?,박태환,https://ko.wikipedia.org/wiki/%EB%B0%95%ED%83%9C%ED%99%98,Who is South Korea's first Olympic swimming medalist?,Who is South Korea's first Olympic swimming medalist?,Park Tae-hwan,Tae-hwan Park,Junggeun Do,,,
165,Junggeun Do,Yerin Choe,kor_hang,Korea,찌개나 국밥 등을 담아 끓일 때 사용하며 오랫동안 열을 유지해 주는 한국의 전통 그릇은 무엇인가요?,뚝배기,https://ko.wikipedia.org/wiki/%EB%9A%9D%EB%B0%B0%EA%B8%B0,What is the traditional Korean bowl used to heat stews or soups for a long time?,What is the traditional Korean earthenware pot used to cook and retain heat for stews or soups?,earthenware pot,ttukbaegi,Junggeun Do,,,
166,Yerin Choe,Junggeun Do,kor_hang,Korea,밭을 매거나 잡초를 뽑을 때 사용하는 한국의 전통 농기구는 무엇인가요?,호미,https://ko.wikipedia.org/wiki/%ED%98%B8%EB%AF%B8,What is the traditional Korean farming tool used for weeding fields or pulling weeds?,What is the traditional Korean tool used for weeding fields?,Hoe,Homi,Junggeun Do,,,
167,Junggeun Do,Yerin Choe,kor_hang,Korea,전통적으로 마을 입구에 세우는 사람 얼굴 모양의 기둥의 이름은 무엇인가요?,장승,https://ko.wikipedia.org/wiki/%EC%9E%A5%EC%8A%B9,What is the name of the human-faced pillar traditionally erected at the entrance of a village?,What is the name of the pillar-shaped post carved with a human face found at the entrance of traditional Korean villages?,Jangseung,Jangseung,Junggeun Do,,,
168,Junggeun Do,Yerin Choe,kor_hang,Korea,한국에서 생일에 먹는 대표적인 국 요리는 무엇인가요?,미역국,https://ko.wikipedia.org/wiki/%EB%AF%B8%EC%97%AD%EA%B5%AD,What is the representative soup dish eaten on birthdays in Korea?,What is the traditional soup eaten on birthdays in Korea?,Seaweed soup,Miyeok Guk,Junggeun Do,,,
169,Junggeun Do,Yerin Choe,kor_hang,Korea,음식을 끓이거나 밥을 짓는 데 쓰는 무쇠로 만든 한국의 전통 조리 기구는 무엇인가요?,가마솥,https://ko.wikipedia.org/wiki/%EA%B0%80%EB%A7%88%EC%86%A5,What is the traditional Korean cooking utensil made of cast iron used for boiling food or cooking rice?,What is the name of the traditional Korean cast-iron pot used for cooking rice and boiling food?,cauldron,Gamasot,Junggeun Do,,,
170,Junggeun Do,Yerin Choe,kor_hang,Korea,고구려의 장수 을지문덕이 수나라 군대를 물리친 전투는 무엇인가요?,살수대첩,https://ko.wikipedia.org/wiki/%EC%82%B4%EC%88%98_%EB%8C%80%EC%B2%A9,What is the battle in which Goguryeo General Eulji Mundeok defeated the Sui Dynasty army?,In which battle did Goguryeo General Eulji Mundeok defeat the Sui Dynasty army?,Battle of Salsu,Battle of Salsu,Junggeun Do,,,
171,Junggeun Do,Yerin Choe,kor_hang,Korea,"꿀과 밀가루 등을 섞어 반죽하여 꽃 모양을 낸 뒤, 기름에 튀겨 낸 한국의 전통 과자는 무엇인가요?",약과,https://ko.wikipedia.org/wiki/%EC%95%BD%EA%B3%BC,"What is the traditional Korean snack made by mixing ingredients such as honey and flour to form a dough, shaping it into a flower, and then deep-frying it?","What is the name of a traditional Korean snack made by mixing ingredients like honey and flour into a dough, shaping it into a flower, and deep-frying it?",Yakgwa,Yakgwa,Junggeun Do,,,
172,Junggeun Do,Yerin Choe,kor_hang,Korea,이웃끼리 농사일을 도와주며 노동력을 일대일로 교환하던 한국의 전통적인 소규모 교환노동 풍습은 무엇인가요?,품앗이,https://ko.wikipedia.org/wiki/%ED%92%88%EC%95%97%EC%9D%B4,What is the traditional Korean small-scale exchange labor custom where neighbors helped with farming and exchanged labor on a one-to-one basis?,What is the traditional Korean custom of small-scale mutual labor exchange between individual farming households?,mutual aid,Pumasi,Junggeun Do,,,
173,Junggeun Do,Yerin Choe,kor_hang,Korea,한국의 유료도로 통행료를 정차할 필요 없이 무선 통신으로 지불하는 시스템은 무엇인가요?,하이패스,https://ko.wikipedia.org/wiki/%ED%95%98%EC%9D%B4%ED%8C%A8%EC%8A%A4,What is the system that allows you to pay tolls on Korean toll roads via wireless communication without having to stop?,What is the name of the electronic toll collection system used on South Korean expressways?,Hi-Pass,Hi-Pass,Junggeun Do,,,
174,Junggeun Do,Yerin Choe,kor_hang,Korea,서울 혜화동에 위치한 한국의 대표적인 문화예술 거리는 어디인가요?,대학로,https://ko.wikipedia.org/wiki/%EB%8C%80%ED%95%99%EB%A1%9C_(%EC%84%9C%EC%9A%B8),"What is Korea's representative culture and arts street located in Hyehwa-dong, Seoul?","What is Korea's iconic street for culture and the arts, located in Hyehwa-dong, Seoul?",Daehak-ro,Daehak-ro,Junggeun Do,,,
175,Junggeun Do,Yerin Choe,kor_hang,Korea,서울시가 운영하는 공공 자전거 대여 서비스의 이름은 무엇인가요?,따릉이,https://ko.wikipedia.org/wiki/%EB%94%B0%EB%A6%89%EC%9D%B4,What is the name of the public bicycle rental service operated by the Seoul Metropolitan Government?,What is the name of the public bicycle rental service operated by the Seoul Metropolitan Government?,Ttareungi,Ddareungi,Junggeun Do,,,
176,Junggeun Do,Yerin Choe,kor_hang,Korea,서울과 부산을 연결하는 대한민국의 고속도로는 무엇인가요?,경부고속도로,https://ko.wikipedia.org/wiki/%EA%B2%BD%EB%B6%80%EA%B3%A0%EC%86%8D%EB%8F%84%EB%A1%9C,What is the South Korean expressway connecting Seoul and Busan?,What is the name of the South Korean expressway that connects Seoul and Busan?,Gyeongbu Expressway,Gyeongbu Expressway,Junggeun Do,,,
177,Junggeun Do,Yerin Choe,kor_hang,Korea,서울 강남구에 위치한 대표적인 불교 사찰은 무엇인가요?,봉은사,https://ko.wikipedia.org/wiki/%EB%B4%89%EC%9D%80%EC%82%AC,"What is a representative Buddhist temple located in Gangnam-gu, Seoul?","What is a representative Buddhist temple located in Gangnam-gu, Seoul?",Bongeunsa Temple,Bongeunsa,Junggeun Do,,,
178,Junggeun Do,Yerin Choe,kor_hang,Korea,"설거지를 할 때 오염을 물리적으로 제거하기 위해 사용하는 주방용품으로, 스펀지, 섬유, 철 등으로 만든 이것은 무엇인가요?",수세미,https://ko.wikipedia.org/wiki/%EC%88%98%EC%84%B8%EB%AF%B8_(%EB%8F%84%EA%B5%AC),What is the name of the cleaning tool used to physically remove stains left on dishes when washing them?,"What is the name of the dishwashing item made of sponge, fiber, or steel that is used to physically remove dirt?",Loofah,Susemi,Junggeun Do,,,
179,Junggeun Do,Yerin Choe,kor_hang,Korea,직장에서 업무를 마친 후 직원들이 함께 식사를 하고 술을 마시며 단합을 도모하는 한국의 기업 문화를 뜻하는 단어는 무엇인가요?,회식,https://ko.wikipedia.org/wiki/%ED%9A%8C%EC%8B%9D,What is the term that refers to the Korean corporate culture where employees promote unity by having meals and drinks together after work?,What is the Korean term for the corporate culture of going out for meals and drinks after work to build team unity?,dining together,Hoesik,Junggeun Do,,,
180,Junggeun Do,Yerin Choe,kor_hang,Korea,국민타자'로 불리는 한국의 야구선수는 누구인가요?,이승엽,https://ko.wikipedia.org/wiki/%EC%9D%B4%EC%8A%B9%EC%97%BD,Who is the Korean baseball player known as the 'National Hitter'?,Who is the Korean baseball player known as the 'National Slugger'?,Lee Seung-yeop,Seung-yuop Lee,Yerin Choe,,,
181,Junggeun Do,Yerin Choe,kor_hang,Korea,1988년 서울 올림픽의 마스코트로 사용된 동물은 무엇인가요?,호랑이,https://ko.wikipedia.org/wiki/%ED%95%9C%EA%B5%AD_%EB%AC%B8%ED%99%94_%EC%86%8D%EC%9D%98_%ED%98%B8%EB%9E%91%EC%9D%B4,What animal was used as the mascot for the 1988 Seoul Olympics?,What animal was used as the mascot for the 1988 Seoul Olympics?,tiger,tiger,Junggeun Do,,,
182,Junggeun Do,Yerin Choe,kor_hang,Korea,동전을 넣고 사용하는 작은 부스 형태의 노래방을 뜻하는 말은 무엇인가요?,코인노래방,https://ko.wikipedia.org/wiki/%EB%85%B8%EB%9E%98%EB%B0%A9,"What is the term for a small, coin-operated booth-style karaoke room?",What is the name of the coin-operated karaoke booth in Korea?,Coin karaoke,Coin noraebang,Junggeun Do,,,
183,Junggeun Do,Yerin Choe,kor_hang,Korea,대한민국 프로야구의 최다 우승팀은 어디인가요?,기아 타이거즈,https://ko.wikipedia.org/wiki/KIA_%ED%83%80%EC%9D%B4%EA%B1%B0%EC%A6%88,Which team holds the most championships in South Korean professional baseball?,Which team has won the most championships in South Korean professional baseball?,Kia Tigers,KIA Tigers,Yerin Choe,,,
184,Junggeun Do,Yerin Choe,kor_hang,Korea,네 개의 나무 막대기를 던지는 한국의 전통 놀이는 무엇인가요?,윷놀이,https://ko.wikipedia.org/wiki/%EC%9C%B7%EB%86%80%EC%9D%B4,What is the traditional Korean game of throwing four wooden sticks?,What is the traditional Korean game where players throw four wooden sticks?,Yutnori,Yutnori,Junggeun Do,,,
185,Yerin Choe,Junggeun Do,kor_hang,Korea,오이에 속을 넣어 담근 김치는 무엇인가요?,오이소박이,https://ko.wikipedia.org/wiki/%EC%98%A4%EC%9D%B4%EC%86%8C%EB%B0%95%EC%9D%B4,What is kimchi made by stuffing cucumbers?,What type of kimchi is made by stuffing seasonings into sliced cucumbers?,cucumber kimchi,Oi-sobagi,Junggeun Do,,,
186,Junggeun Do,Yerin Choe,kor_hang,Korea,한국전쟁 당시 대한민국의 임시 수도는 어디였나요?,부산,https://ko.wikipedia.org/wiki/6.25_%EC%A0%84%EC%9F%81%EC%9D%98_%EC%9E%84%EC%8B%9C_%EC%88%98%EB%8F%84,Where was the provisional capital of South Korea during the Korean War?,Where was the provisional capital of South Korea during the Korean War?,busan,Busan,Junggeun Do,,,
187,Yerin Choe,Junggeun Do,kor_hang,Korea,한반도 육지 부분의 최남단 마을 이름은 무엇인가요?,땅끝마을,https://ko.wikipedia.org/wiki/%EB%95%85%EB%81%9D%EB%A7%88%EC%9D%84,What is the name of the southernmost village on the Korean Peninsula?,What is the name of the southernmost village on the Korean mainland?,Ttangkkut Village,Ttangkkeut Village,Junggeun Do,,,
188,Yerin Choe,Junggeun Do,kor_hang,Korea,일본 제국이 조선인에게 일본식 성씨를 반강제적으로 쓰도록 강요한 정책은 무엇인가요?,창씨 개명,https://ko.wikipedia.org/wiki/%EC%B0%BD%EC%94%A8%EA%B0%9C%EB%AA%85,What was the policy by the Japanese Empire that semi-forcibly compelled Koreans to use Japanese surnames?,What was the official policy implemented by the Empire of Japan that compelled Koreans to take Japanese-style names?,Japanese name change,Sōshi-kaimei,Junggeun Do,,,
189,Junggeun Do,Yerin Choe,kor_hang,Korea,"닭과 함께 인삼, 대추 등을 넣고 끓여 먹는 한국의 여름 보양식은 무엇인가요?",삼계탕,https://ko.wikipedia.org/wiki/%EC%82%BC%EA%B3%84%ED%83%95,What is the Korean summer health food made by boiling chicken with ingredients such as ginseng and jujubes?,What is the traditional Korean summer dish made by boiling a whole chicken with ginseng and jujubes?,Samgyetang,samgyetang,Junggeun Do,,,
190,Junggeun Do,Yerin Choe,kor_hang,Korea,신라시대에 건립된 천문대의 이름은 무엇인가요?,첨성대,https://ko.wikipedia.org/wiki/%EC%B2%A8%EC%84%B1%EB%8C%80,What is the name of the observatory built during the Silla Dynasty?,What is the name of the observatory built during the Silla Dynasty?,Cheomseongdae,Cheomseongdae,Junggeun Do,,,
191,Yerin Choe,Junggeun Do,kor_hang,Korea,떡볶이에 라면사리를 추가해 먹는 분식은 무엇인가요?,라볶이,https://ko.wikipedia.org/wiki/%EB%9D%BC%EB%B3%B6%EC%9D%B4,What is the street food where ramen noodles are added to tteokbokki?,What is the Korean street food where ramen noodles are added to tteokbokki?,Rabokki,Rabokki,Junggeun Do,,,
192,Junggeun Do,Yerin Choe,kor_hang,Korea,12개의 줄을 가진 한국의 전통 현악기는 무엇인가요?,가야금,https://ko.wikipedia.org/wiki/%EA%B0%80%EC%95%BC%EA%B8%88,What is the traditional Korean string instrument with 12 strings?,What is the traditional Korean string instrument with 12 strings?,gayageum,gayageum,Junggeun Do,,,
193,Junggeun Do,Yerin Choe,kor_hang,Korea,2002년 FIFA 월드컵에서 대한민국 축구 국가대표팀의 최종 성적은 몇위인가요?,4위,https://ko.wikipedia.org/wiki/2002%EB%85%84_FIFA_%EC%9B%94%EB%93%9C%EC%BB%B5,What was the final ranking of the South Korean national football team at the 2002 FIFA World Cup?,What was the final ranking of the South Korean national soccer team at the 2002 FIFA World Cup?,4th place,4th place,Junggeun Do,,,
194,Yerin Choe,Junggeun Do,kor_hang,Korea,소의 심장을 구워 먹는 한국의 음식은 무엇인가요?,염통,https://ko.wikipedia.org/wiki/%EC%97%BC%ED%86%B5,What is the Korean dish where beef heart is grilled and eaten?,What is the Korean dish where beef heart is grilled and eaten?,heart,Yeomtong,Junggeun Do,,,
195,Junggeun Do,Yerin Choe,kor_hang,Korea,가래떡을 길게 썰어 채소와 함께 고추장 양념에 끓여 만드는 한국의 길거리 음식은 무엇인가요?,떡볶이,https://ko.wikipedia.org/wiki/%EB%96%A1%EB%B3%B6%EC%9D%B4,What is the Korean street food made by slicing rice cakes into long strips and boiling them with vegetables in a gochujang sauce?,What is the Korean street food made by cooking cylinder-shaped rice cakes with vegetables in a gochujang sauce?,tteokbokki,tteokbokki,Junggeun Do,,,
196,Junggeun Do,Yerin Choe,kor_hang,Korea,"삶은 당면과 고기, 버섯, 채소 등의 재료를 버무려 만드는 한국의 전통 음식은 무엇인가요?",잡채,https://ko.wikipedia.org/wiki/%EC%9E%A1%EC%B1%84,"What is the traditional Korean dish made by mixing boiled glass noodles with ingredients such as meat, mushrooms, and vegetables?","What is the name of the traditional Korean dish made by stir-frying glass noodles with assorted vegetables, mushrooms, and meat?",chop suey,japchae,Junggeun Do,,,
197,Junggeun Do,Yerin Choe,kor_hang,Korea,2002년 FIFA 월드컵 당시 대한민국 축구 국가대표팀의 감독은 누구인가요?,거스 히딩크,https://ko.wikipedia.org/wiki/%EA%B1%B0%EC%8A%A4_%ED%9E%88%EB%94%A9%ED%81%AC,Who was the head coach of the South Korean national football team during the 2002 FIFA World Cup?,Who was the head coach of the South Korean national soccer team during the 2002 FIFA World Cup?,Gus Hiddink,Guus Hiddink,Junggeun Do,,,
198,Yerin Choe,Junggeun Do,kor_hang,Korea,다섯 개의 조그만 알을 손으로 던지고 잡으며 노는 한국의 민속놀이는 무엇인가요?,공기놀이,https://ko.wikipedia.org/wiki/%EA%B3%B5%EA%B8%B0%EB%86%80%EC%9D%B4,What is the Korean folk game played by throwing and catching five small eggs with your hands?,What is the Korean folk game played by throwing and catching five small stones with your hands?,hopscotch,Gonggi,Junggeun Do,,,
199,Yerin Choe,Junggeun Do,kor_hang,Korea,돌아가신 조상의 넋을 기리기 위해 음식을 바치어 정성을 표하는 한국의 전통은 무엇인가요?,제사,https://ko.wikipedia.org/wiki/%EC%A0%9C%EC%82%AC,What is the Korean tradition of expressing sincerity by offering food to honor the spirits of deceased ancestors?,What is the Korean tradition of expressing sincerity by offering food to honor the spirits of deceased ancestors?,ancestral rites,Jesa,Junggeun Do,,,
200,Yerin Choe,Junggeun Do,kor_hang,Korea,한국의 설날 아침에 절하며 새해 인사를 하는 문화는 무엇인가요?,세배,https://ko.wikipedia.org/wiki/%EC%84%B8%EB%B0%B0,What is the Korean custom of bowing and exchanging New Year's greetings on the morning of Lunar New Year?,What is the Korean tradition of expressing sincerity by offering food to honor the spirits of deceased ancestors?,New Year's greetings,Sebae,Junggeun Do,,,
201,Junggeun Do,Yerin Choe,kor_hang,Korea,한국인 최초로 메이저리그에서 활동한 야구선수는 누구인가요?,박찬호,https://ko.wikipedia.org/wiki/%EB%B0%95%EC%B0%AC%ED%98%B8,Who was the first Korean baseball player to play in Major League Baseball?,Who was the first Korean baseball player to play in Major League Baseball?,Park Chan-ho,Chan Ho Park,Yerin Choe,,,
202,Junggeun Do,Yerin Choe,kor_hang,Korea,한국인 최초로 세계 골프 명예의 전당에 입성한 골프선수는 누구인가요?,박세리,https://ko.wikipedia.org/wiki/%EB%B0%95%EC%84%B8%EB%A6%AC,Who is the first Korean golfer to be inducted into the World Golf Hall of Fame?,Who is the first Korean golfer to be inducted into the World Golf Hall of Fame?,Se-ri Park,Se-ri Park,Junggeun Do,,,
203,Junggeun Do,Yerin Choe,kor_hang,Korea,리그 오브 레전드 월드 챔피언십에서 가장 많이 우승한 한국의 프로게이머의 닉네임은 무엇인가요?,페이커,https://ko.wikipedia.org/wiki/%ED%8E%98%EC%9D%B4%EC%BB%A4,What is the nickname of the Korean pro gamer who has won the most League of Legends World Championships?,What is the nickname of the Korean pro gamer who has won the most League of Legends World Championships?,Faker,Faker,Junggeun Do,,,
204,Junggeun Do,Yerin Choe,kor_hang,Korea,사진 네 장을 찍으면 즉석에서 인화해 주는 대표적인 한국의 셀프 스튜디오는 무엇인가요?,인생네컷,https://ko.wikipedia.org/wiki/%EC%9D%B8%EC%83%9D%EB%84%A4%EC%BB%B7,What is a representative self-service studio in Korea that prints photos instantly after you take four?,What is the most popular self-service photo booth studio in Korea that gives you instant 4-cut photo prints?,Life 4-Cut,Life4Cuts,Junggeun Do,,,
205,Junggeun Do,Yerin Choe,kor_hang,Korea,"인스턴트 커피, 설탕, 크리머 등을 1회용으로 함께 포장하여 물에 타 먹도록 만든 커피 제품을 이르는 말은 무엇인가요?",커피믹스,https://ko.wikipedia.org/wiki/%EC%BB%A4%ED%94%BC%EB%AF%B9%EC%8A%A4,"What is the term for a coffee product made by packaging instant coffee, sugar, creamer, etc., together in single-serving packets to be mixed with water?","What is the term for a single-serving coffee packet containing instant coffee, sugar, and creamer meant to be mixed with water?",coffee mix,coffee mix,Junggeun Do,,,
206,Junggeun Do,Yerin Choe,kor_hang,Korea,"대표적인 한국식 중국요리 중 하나로, 여러 가지가 뒤섞여 있는 상태를 비유적으로 가리키기도 하는 이 요리는 무엇인가요?",짬뽕,https://ko.wikipedia.org/wiki/%EC%A7%AC%EB%BD%95,"What is this dish, one of the representative Korean-style Chinese dishes that is also used metaphorically to refer to a state where various things are mixed together?",What is the name of the popular Korean-style Chinese dish that is also used to refer to a state where various things are mixed together?,Jjamppong,Jjamppong,Junggeun Do,,,
207,Junggeun Do,Yerin Choe,kor_hang,Korea,짜장면과 짬뽕을 절반씩 내어 둘 다 먹을 수 있도록 한 한국식 중국요리는 무엇인가요?,짬짜면,https://ko.wikipedia.org/wiki/%EC%A7%AC%EC%A7%9C%EB%A9%B4,What is the Korean-style Chinese dish that serves half Jajangmyeon and half Jjamppong so you can eat both?,What is the name of the Korean-Chinese dish that serves half Jajangmyeon and half Jjamppong together in one bowl?,Jjamjjamyeon,Jjamjjamyeon,Junggeun Do,,,
208,Junggeun Do,Yerin Choe,kor_hang,Korea,한국에서 프라이드 치킨과 함께 먹는 무 절임의 이름은 무엇인가요?,치킨무,https://ko.wikipedia.org/wiki/%EC%B9%98%ED%82%A8%EB%AC%B4,What is the name of the pickled radish eaten with fried chicken in Korea?,What is the name of the Korean pickled radish eaten with fried chicken?,Pickled radish,chikin-mu,Junggeun Do,,,
209,Junggeun Do,Yerin Choe,kor_hang,Korea,한국에서 술을 마신 후 돈을 내고 다른 사람이 내 차를 운전해 집까지 가게 해주는 서비스를 무엇이라고 하나요?,대리운전,https://ko.wikipedia.org/wiki/%EB%8C%80%EB%A6%AC_%EC%9A%B4%EC%A0%84%EC%9E%90,What is the service called in Korea where you pay someone else to drive your car home after drinking alcohol?,What is the service called in Korea where you pay someone else to drive your car home after drinking alcohol?,Designated driver,designated driver service,Junggeun Do,,,
210,Yerin Choe,Junggeun Do,kor_hang,Korea,1년 동안의 농가의 할 일을 가사 형식으로 읊어 권농의 내용을 담은 조선 시대의 문학 작품은 무엇인가요?,농가월령가,https://ko.wikipedia.org/wiki/%EA%B0%80%EC%82%AC_(%EB%AC%B8%ED%95%99)#%EB%86%8D%EA%B0%80%EC%9B%94%EB%A0%B9%EA%B0%80(%E8%BE%B2%E5%AE%B6%E6%9C%88%E4%BB%A4%E6%AD%8C),What is the literary work from the Joseon Dynasty that contains content encouraging farming by reciting the duties of a farming household for a year in the form of Gasa?,Which Joseon-era gasa poem encourages agriculture by outlining a farming household's annual duties throughout the year?,Nongga Wolryeongga,Nongga Wolryeongga,Junggeun Do,,,
211,Yerin Choe,Junggeun Do,kor_hang,Korea,목기의 바탕을 소재로 나전을 가공하고 부착하여 칠을 한 한국의 공예품은 무엇인가요?,나전칠기,https://ko.wikipedia.org/wiki/%EB%82%98%EC%A0%84%EC%B9%A0%EA%B8%B0,What is the Korean craft made by processing and attaching mother-of-pearl to a wooden base material and then applying lacquer?,What is the Korean craft made by attaching mother-of-pearl to wood and coating it with lacquer?,Mother-of-pearl lacquerware,Najeonchilgi,Junggeun Do,,,
212,Junggeun Do,Yerin Choe,kor_hang,Korea,대한민국 국회의원의 임기는 몇년인가요?,4년,https://ko.wikipedia.org/wiki/%EB%8C%80%ED%95%9C%EB%AF%BC%EA%B5%AD_%EA%B5%AD%ED%9A%8C%EC%9D%98%EC%9B%90,What is the term of office for a member of the National Assembly of South Korea?,What is the term of office for a member of the National Assembly of the Republic of Korea?,4 years,4 years,Junggeun Do,,,
213,Junggeun Do,Yerin Choe,kor_hang,Korea,울산에 위치한 과학기술특성화대학의 이름은 무엇인가요?,UNIST,https://ko.wikipedia.org/wiki/%EC%9A%B8%EC%82%B0%EA%B3%BC%ED%95%99%EA%B8%B0%EC%88%A0%EC%9B%90,What is the name of the science and technology specialized university located in Ulsan?,What is the name of the university dedicated to research in science and technology located in Ulsan?,UNIST,UNIST,Junggeun Do,,,
214,Yerin Choe,Junggeun Do,kor_hang,Korea,일제 통감부가 독립운동가들을 투옥할 목적으로 1908년 서울에 설립한 감옥의 이름은 무엇인가요?,서대문형무소,https://ko.wikipedia.org/wiki/%EC%9D%BC%EC%A0%9C%EA%B0%95%EC%A0%90%EA%B8%B0%EC%9D%98_%ED%98%95%EB%AC%B4%EC%86%8C,What is the name of the prison established in Seoul in 1908 by the Japanese Resident-General's Office for the purpose of imprisoning independence activists?,What is the name of the prison built in Seoul in 1908 by the Japanese to detain Korean independence activists?,Seodaemun Prison,Seodaemun Prison,Junggeun Do,,,
215,Yerin Choe,Junggeun Do,kor_hang,Korea,1979년에 부산과 마산에서 유신체제에 대항하여 일어난 시위는 무엇인가요?,부마민주항쟁,https://ko.wikipedia.org/wiki/%EB%B6%80%EB%A7%88_%EB%AF%BC%EC%A3%BC_%ED%95%AD%EC%9F%81,What were the protests that took place in Busan and Masan in 1979 against the Yushin regime?,What were the protests that took place in Busan and Masan in 1979 against the Yushin regime?,Buma Democratic Uprising,Busan–Masan Uprising,Junggeun Do,,,
216,Junggeun Do,Yerin Choe,kor_hang,Korea,인천국제공항이 위치한 섬은 어디인가요?,영종도,https://ko.wikipedia.org/wiki/%EC%98%81%EC%A2%85%EB%8F%84,Which island is Incheon International Airport located on?,Which island is Incheon International Airport located on?,Yeongjongdo,Yeongjongdo,Junggeun Do,,,
217,Junggeun Do,Yerin Choe,kor_hang,Korea,한국 최초의 리얼리티 버라이어티 쇼'로 유명한 TV 프로그램은 무엇인가요?,무한도전,https://ko.wikipedia.org/wiki/%EB%AC%B4%ED%95%9C%EB%8F%84%EC%A0%84,What is the TV program famous as Korea's first reality variety show?,Which TV show is widely known as Korea's first reality-variety show?,Infinite Challenge,Infinite Challenge,Junggeun Do,,,
218,Junggeun Do,Yerin Choe,kor_hang,Korea,"""별 헤는 밤""으로 유명한 한국의 시인은 누구인가요?",윤동주,https://ko.wikipedia.org/wiki/%EC%9C%A4%EB%8F%99%EC%A3%BC,"Who is the Korean poet famous for ""Counting the Stars at Night""?","Who is the Korean poet famous for ""A Night of Counting Stars""?",Yun Dong-ju,Tongju Yun,Junggeun Do,,,
219,Junggeun Do,Yerin Choe,kor_hang,Korea,해시계와 물시계를 발명한 것으로 유명한 조선의 과학자는 누구인가요?,장영실,https://ko.wikipedia.org/wiki/%EC%9E%A5%EC%98%81%EC%8B%A4,Who is the Joseon scientist famous for inventing sundials and water clocks?,Who is the Joseon scientist famous for inventing sundials and water clocks?,Jang Yeong-sil,Yeong-sil Jang,Junggeun Do,,,
220,Junggeun Do,Yerin Choe,kor_hang,Korea,SM 엔터테인먼트를 창업한 한국의 프로듀서는 누구인가요?,이수만,https://ko.wikipedia.org/wiki/%EC%9D%B4%EC%88%98%EB%A7%8C,Who is the Korean producer who founded SM Entertainment?,Who is the Korean record producer who founded SM Entertainment?,Lee Soo-man,Soo-man Lee,Junggeun Do,,,
221,Junggeun Do,Yerin Choe,kor_hang,Korea,JYP 엔터테인먼트를 창업한 한국의 싱어송라이터이자 프로듀서의 본명은 무엇인가요?,박진영,https://ko.wikipedia.org/wiki/%EB%B0%95%EC%A7%84%EC%98%81,What is the real name of the Korean singer-songwriter and producer who founded JYP Entertainment?,What is the real name of the Korean singer-songwriter and producer who founded JYP Entertainment?,Park Jin-young,Jin-young Park,Junggeun Do,,,
222,Junggeun Do,Yerin Choe,kor_hang,Korea,대한민국에서 최초로 30대에 주요 정당 대표로 선출된 정치인은 누구인가요?,이준석,https://ko.wikipedia.org/wiki/%EC%9D%B4%EC%A4%80%EC%84%9D,Who is the first politician in South Korea to be elected as the leader of a major political party in their 30s?,Who was the first politician in South Korea to be elected leader of a major political party in their 30s?,Lee Jun-seok,Jun-seok Lee,Junggeun Do,,,
223,Junggeun Do,Yerin Choe,kor_hang,Korea,초록색 검색창이 상징인 한국의 최대 검색 포털은 무엇인가요?,네이버,https://ko.wikipedia.org/wiki/%EB%84%A4%EC%9D%B4%EB%B2%84,"What is Korea's largest search portal, symbolized by a green search bar?","What is Korea's largest search portal, symbolized by a green search bar?",Naver,Naver,Junggeun Do,,,
224,Junggeun Do,Yerin Choe,kor_hang,Korea,한국에서 가장 대중적인 메신저 서비스는 무엇인가요?,카카오톡,https://ko.wikipedia.org/wiki/%EC%B9%B4%EC%B9%B4%EC%98%A4%ED%86%A1,What is the most popular messenger service in Korea?,What is the most popular instant messaging app in South Korea?,kakaotalk,KakaoTalk,Junggeun Do,,,
225,Junggeun Do,Yerin Choe,kor_hang,Korea,만두 제품으로 유명한 CJ의 글로벌 한식 브랜드는 무엇인가요?,비비고,https://ko.wikipedia.org/wiki/%EB%B9%84%EB%B9%84%EA%B3%A0,What is CJ's global Korean food brand famous for its dumpling products?,What is the name of CJ's global Korean food brand famous for its dumplings?,Bibigo,Bibigo,Junggeun Do,,,
226,Junggeun Do,Yerin Choe,kor_hang,Korea,한국 프로야구에서 최초로 신인상과 MVP를 동시에 수상한 투수는 누구인가요?,류현진,https://ko.wikipedia.org/wiki/%EB%A5%98%ED%98%84%EC%A7%84,Who is the first pitcher in Korean professional baseball to win both the Rookie of the Year and MVP awards?,Who is the first pitcher in Korean professional baseball to win both the Rookie of the Year and MVP awards?,Ryu Hyun-jin,Hyun-jin Ryu,Junggeun Do,,,
227,Junggeun Do,Yerin Choe,kor_hang,Korea,한국인 최초로 메이저리그 올스타전에 출전한 타자는 누구인가요?,추신수,https://ko.wikipedia.org/wiki/%EC%B6%94%EC%8B%A0%EC%88%98,Who was the first Korean batter to play in the Major League All-Star Game?,Who was the first Korean batter to play in the Major League Baseball All-Star Game?,Choo Shin-soo,Shin-soo Choo,Junggeun Do,,,
228,Yerin Choe,Junggeun Do,kor_hang,Korea,소의 주름위를 구워 먹는 한국의 음식은 무엇인가요?,막창,https://ko.wikipedia.org/wiki/%EB%A7%89%EC%B0%BD,What is the Korean dish where beef gills are grilled and eaten?,What is the name of the Korean dish made of grilled beef fourth stomach (abomasum)?,Makchang,Makchang,Junggeun Do,,,
229,Yerin Choe,Junggeun Do,kor_hang,Korea,메밀국수를 삶아 김치국물이나 육수에 말아 먹는 춘천의 향토 음식은 무엇인가요?,막국수,https://ko.wikipedia.org/wiki/%EB%A7%89%EA%B5%AD%EC%88%98,What is the local dish of Chuncheon consisting of boiled buckwheat noodles served in kimchi broth or stock?,What South Korean local dish from Chuncheon consists of boiled buckwheat noodles served in kimchi broth or stock?,Makguksu,Makguksu,Junggeun Do,,,
230,Yerin Choe,Junggeun Do,kor_hang,Korea,"쌈을 싸먹을 때 쓰는 장으로, 된장과 고추장을 베이스로 하는 한국의 음식은 무엇인가요?",쌈장,https://ko.wikipedia.org/wiki/%EC%8C%88%EC%9E%A5,"What is the Korean dish based on doenjang and gochujang, used as a sauce for wrapping food in lettuce?","What is the Korean sauce made from doenjang and gochujang, used for lettuce wraps?",Ssamjang,Ssamjang,Junggeun Do,,,
231,Junggeun Do,Yerin Choe,kor_hang,Korea,불교 사찰인 낙산사가 위치한 도시는 어디인가요?,양양,https://ko.wikipedia.org/wiki/%EB%82%99%EC%82%B0%EC%82%AC,What city is the Buddhist temple Naksansa located in?,Which South Korean city is the Buddhist temple Naksansa located in?,Yangyang,Yangyang,Junggeun Do,,,
232,Junggeun Do,Yerin Choe,kor_hang,Korea,팔만대장경을 보관하고 있는 해인사의 건물 이름은 무엇인가요?,장경판전,https://ko.wikipedia.org/wiki/%ED%95%A9%EC%B2%9C_%ED%95%B4%EC%9D%B8%EC%82%AC_%EC%9E%A5%EA%B2%BD%ED%8C%90%EC%A0%84,What is the name of the building at Haeinsa Temple that houses the Tripitaka Koreana?,What is the name of the building at Haeinsa Temple that houses the Tripitaka Koreana?,Janggyeongpanjeon,Janggyeong Panjeon,Junggeun Do,,,
233,Junggeun Do,Yerin Choe,kor_hang,Korea,천주교 서울대교구의 대성당은 어디인가요?,명동성당,https://ko.wikipedia.org/wiki/%EB%AA%85%EB%8F%99%EC%84%B1%EB%8B%B9,Where is the cathedral of the Catholic Archdiocese of Seoul?,Where is the cathedral of the Catholic Archdiocese of Seoul?,Myeongdong Cathedral,Myeongdong Cathedral,Junggeun Do,,,
234,Junggeun Do,Yerin Choe,kor_hang,Korea,한국에서 가장 많은 신자가 등록된 교회는 어디인가요?,여의도순복음교회,https://ko.wikipedia.org/wiki/%EC%97%AC%EC%9D%98%EB%8F%84%EC%88%9C%EB%B3%B5%EC%9D%8C%EA%B5%90%ED%9A%8C,Which church has the largest number of registered believers in Korea?,Which individual church has the largest number of registered members in South Korea?,Yoido Full Gospel Church,Yoido Full Gospel Church,Junggeun Do,,,
235,Junggeun Do,Yerin Choe,kor_hang,Korea,"""난 알아요""로 데뷔하여 ""문화대통령""이라고도 불린 가수는 누구인가요?",서태지,https://ko.wikipedia.org/wiki/%EC%84%9C%ED%83%9C%EC%A7%80,"Who is the singer who debuted with ""I Know"" and was also called the ""Cultural President""?",Who is the singer who debuted with 'I Know' and was also called 'the President of Culture'?,Seo Taiji,Taiji Seo,Junggeun Do,,,
236,Junggeun Do,Yerin Choe,kor_hang,Korea,2010년에 9경기 연속 홈런을 기록한 한국의 야구선수는 누구인가요?,이대호,https://ko.wikipedia.org/wiki/%EC%9D%B4%EB%8C%80%ED%98%B8,Who is the Korean baseball player who hit home runs in 9 consecutive games in 2010?,Who is the Korean baseball player who hit home runs in 9 consecutive games in 2010?,Lee Dae-ho,Dae-ho Lee,Junggeun Do,,,
237,Junggeun Do,Yerin Choe,kor_hang,Korea,"""바람의 손자""라는 별명으로 잘 알려진 한국의 야구선수는 누구인가요?",이정후,https://ko.wikipedia.org/wiki/%EC%9D%B4%EC%A0%95%ED%9B%84,"Who is the Korean baseball player well known by the nickname ""Grandson of the Wind""?",Which Korean baseball player is well known by the nickname 'Grandson of the Wind'?,Lee Jung-hoo,Jung-hoo Lee,Junggeun Do,,,
238,Junggeun Do,Yerin Choe,kor_hang,Korea,K리그 역대 통산 최다 득점을 기록한 축구선수는 누구인가요?,이동국,https://ko.wikipedia.org/wiki/K%EB%A6%AC%EA%B7%B8%EC%9D%98_%EA%B8%B0%EB%A1%9D%EA%B3%BC_%ED%86%B5%EA%B3%84,Who is the soccer player with the all-time highest number of goals in the K League?,Which soccer player has scored the most all-time goals in the K League?,Lee Dong-gook,Dong-gook Lee,Junggeun Do,,,
239,Junggeun Do,Yerin Choe,kor_hang,Korea,1995년에 비극적으로 붕괴한 이후 철거된 백화점은 어디인가요?,삼풍백화점,https://ko.wikipedia.org/wiki/%EC%82%BC%ED%92%8D%EB%B0%B1%ED%99%94%EC%A0%90,Which department store was demolished after tragically collapsing in 1995?,Which South Korean department store catastrophically collapsed in 1995?,Sampoong Department Store,Sampoong Department Store,Junggeun Do,,,
240,Yerin Choe,Junggeun Do,kor_hang,Korea,"조선시대 유일한 궁녀 출신 왕비로, 숙종의 후궁이었던 이 사람의 이름은 무엇인가요?",장희빈,https://ko.wikipedia.org/wiki/%ED%9D%AC%EB%B9%88_%EC%9E%A5%EC%94%A8,"What is the name of this person, the only queen of the Joseon Dynasty to have been a court lady and a concubine of King Sukjong?",What is the name of King Sukjong's concubine who became the only queen in Joseon history to have started as a court lady?,Jang Hee-bin,Huibin Jang,Junggeun Do,,,
241,Junggeun Do,Yerin Choe,kor_hang,Korea,한국에서 가장 인기 있는 해수욕장은 어디인가요?,해운대,https://ko.wikipedia.org/wiki/%ED%95%B4%EC%9A%B4%EB%8C%80%ED%95%B4%EC%88%98%EC%9A%95%EC%9E%A5,Where is the most popular beach in Korea?,What is the most popular beach in South Korea?,Haeundae,Haeundae,Junggeun Do,,,
242,Junggeun Do,Yerin Choe,kor_hang,Korea,금융실명제를 실시한 한국의 대통령은 누구인가요?,김영삼,https://ko.wikipedia.org/wiki/%EA%B9%80%EC%98%81%EC%82%BC,Who is the South Korean president who implemented the real-name financial transaction system?,Who is the South Korean president who implemented the real-name financial transaction system?,Kim Young-sam,Young-sam Kim,Junggeun Do,,,
243,Junggeun Do,Yerin Choe,kor_hang,Korea,의학 서적 '동의보감'을 집필한 조선의 한의학자는 누구인가요?,허준,https://ko.wikipedia.org/wiki/%ED%97%88%EC%A4%80,Who is the Joseon medical scholar who authored the medical book 'Donguibogam'?,Which Joseon Dynasty scholar authored the Korean medical book Donguibogam?,Heo Jun,Jun Heo,Junggeun Do,,,
244,Junggeun Do,Yerin Choe,kor_hang,Korea,한국에서 이사하는 날 주로 먹는 대중적인 중화요리는 무엇인가요?,짜장면,https://ko.wikipedia.org/wiki/%EC%A7%9C%EC%9E%A5%EB%A9%B4,What is the popular Chinese dish usually eaten on moving day in Korea?,What popular Chinese dish is usually eaten on moving day in Korea?,Jjajangmyeon,Jjajangmyeon,Junggeun Do,,,
245,Yerin Choe,Junggeun Do,kor_hang,Korea,무당이 신에게 제물을 바치고 춤과 노래로 인간의 길흉화복 운명을 비는 의식은 무엇인가요?,굿,https://ko.wikipedia.org/wiki/%EA%B5%BF,"What is the ritual in which a shaman offers sacrifices to the gods and prays for human destiny, fortune, and misfortune through dance and song?",What is the Korean shamanic ritual where a Mudang performs dance and song to offer sacrifices to the gods and pray for human destiny and fortune?,exorcism,Gut,Junggeun Do,,,
246,Yerin Choe,Junggeun Do,kor_hang,Korea,고려 말기에 이방원이 지은 대표적인 시조는 무엇인가요?,하여가,https://ko.wikipedia.org/wiki/%ED%95%98%EC%97%AC%EA%B0%80,What is the representative sijo written by Yi Bang-won during the late Goryeo Dynasty?,What is the most famous sijo written by Yi Bang-won during the late Goryeo Dynasty?,Hayeoga,Hayeoga,Junggeun Do,,,
247,Junggeun Do,Yerin Choe,kor_hang,Korea,백범일지를 저술한 대한민국의 독립운동가는 누구인가요?,김구,https://ko.wikipedia.org/wiki/%EA%B9%80%EA%B5%AC,Who is the Korean independence activist who wrote the Baekbeom Diary?,Which Korean independence activist wrote the Baekbeom Diary?,Kim Gu,Gu Kim,Junggeun Do,,,
248,Junggeun Do,Yerin Choe,kor_hang,Korea,수서역을 기점으로 운행하는 고속철도 노선의 이름은 무엇인가요?,SRT,https://ko.wikipedia.org/wiki/SRT_(%EC%B2%A0%EB%8F%84),What is the name of the high-speed rail line that operates starting from Suseo Station?,What is the name of the high-speed rail line that operates starting from Suseo Station?,SRT,SRT,Junggeun Do,,,
249,Junggeun Do,Yerin Choe,kor_hang,Korea,2022년에 취임한 최초의 야구인 출신 KBO 총재는 누구인가요?,허구연,https://ko.wikipedia.org/wiki/%ED%97%88%EA%B5%AC%EC%97%B0,Who is the first KBO Commissioner from a baseball background to take office in 2022?,Who became the first KBO Commissioner with a baseball background when he took office in 2022?,Heo Gu-yeon,Koo-youn Heo,Junggeun Do,,,
250,Junggeun Do,Yerin Choe,kor_hang,Korea,콩으로 만든 메주를 소금물에 담가 발효시킨 한국의 전통 양념장은 무엇인가요?,된장,https://ko.wikipedia.org/wiki/%EB%90%9C%EC%9E%A5,What is the traditional Korean seasoning paste made by fermenting soybean meju in saltwater?,What traditional Korean seasoning paste is made by fermenting soybean meju in saltwater?,soybean paste,doenjang,Junggeun Do,,,
251,Junggeun Do,Yerin Choe,kor_hang,Korea,2003년에 개통되어 부산 남천동과 해운대를 연결하는 교량의 이름은 무엇인가요?,광안대교,https://ko.wikipedia.org/wiki/%EA%B4%91%EC%95%88%EB%8C%80%EA%B5%90,"What is the name of the bridge connecting Namcheon-dong and Haeundae in Busan, which opened in 2003?",What is the name of the bridge in Busan that opened in 2003 and connects Namcheon-dong to Haeundae?,Gwangan Bridge,Gwangan Bridge,Junggeun Do,,,
252,Junggeun Do,Yerin Choe,kor_hang,Korea,2023년에 한국인 최초로 메이저리그 골드글러브를 수상한 야구선수는 누구인가요?,김하성,https://ko.wikipedia.org/wiki/%EA%B9%80%ED%95%98%EC%84%B1,Who is the first Korean baseball player to win a Major League Gold Glove in 2023?,Who was the first Korean baseball player to win a Major League Baseball Gold Glove Award in 2023?,Kim Ha-seong,Ha-seong Kim,Junggeun Do,,,
253,Junggeun Do,Yerin Choe,kor_hang,Korea,대한민국의 안랩에서 개발한 컴퓨터 바이러스 검사 프로그램의 이름은 무엇인가요?,V3,https://ko.wikipedia.org/wiki/V3,What is the name of the computer virus scanning program developed by AhnLab in South Korea?,What is the name of the computer virus scanning program developed by AhnLab in South Korea?,V3,V3,Junggeun Do,,,
254,Junggeun Do,Yerin Choe,kor_hang,Korea,거성이라는 별명으로 유명한 MBC 공채 개그맨은 누구인가요?,박명수,https://ko.wikipedia.org/wiki/%EB%B0%95%EB%AA%85%EC%88%98,"Who is the MBC open recruitment comedian famous for the nickname ""Geoseong""?",Who is the MBC open-recruitment Korean comedian famous for the nickname 'Big Star'?,Park Myung-soo,Myung-soo Park,Junggeun Do,,,
255,Junggeun Do,Yerin Choe,kor_hang,Korea,대한민국 영토 최남단에 위치한 섬의 이름은 무엇인가요?,마라도,https://ko.wikipedia.org/wiki/%EB%A7%88%EB%9D%BC%EB%8F%84,What is the name of the island located at the southernmost point of South Korean territory?,What is the name of the island located at the southernmost point of South Korean territory?,Marado,Marado,Junggeun Do,,,
256,Junggeun Do,Yerin Choe,kor_hang,Korea,대한민국의 대통령 집무실은 어디인가요?,청와대,https://ko.wikipedia.org/wiki/%EC%B2%AD%EC%99%80%EB%8C%80,Where is the Presidential Office of the Republic of Korea?,What is the name of the Presidential Office of the Republic of Korea?,Blue House,Blue House,Junggeun Do,,,
257,Yerin Choe,Junggeun Do,kor_hang,Korea,소의 작은 창자를 구워 먹는 한국의 음식은 무엇인가요?,곱창,https://ko.wikipedia.org/wiki/%EA%B3%B1%EC%B0%BD,What is the Korean dish where beef small intestines are grilled and eaten?,What is the name of the Korean dish featuring grilled beef small intestines?,tripe,Gopchang,Junggeun Do,,,
258,Junggeun Do,Yerin Choe,kor_hang,Korea,2018 평창 동계올림픽 스켈레톤 종목에서 아시아 선수 최초로 금메달을 획득한 선수는 누구인가요?,윤성빈,https://ko.wikipedia.org/wiki/%EC%9C%A4%EC%84%B1%EB%B9%88,Who was the first Asian athlete to win a gold medal in the skeleton event at the 2018 PyeongChang Winter Olympics?,Who was the first Asian athlete to win a gold medal in the skeleton event at the 2018 PyeongChang Winter Olympics?,Yun Seong-bin,Sung-bin Yun,Junggeun Do,,,
259,Junggeun Do,Yerin Choe,kor_hang,Korea,2004년에 개통된 대한민국 최초의 고속철도 브랜드는 무엇인가요?,KTX,https://ko.wikipedia.org/wiki/%ED%95%9C%EA%B5%AD%EA%B3%A0%EC%86%8D%EC%B2%A0%EB%8F%84,"What is South Korea's first high-speed rail brand, launched in 2004?","What is the name of South Korea's first high-speed rail brand, launched in 2004?",KTX,KTX,Junggeun Do,,,
260,Junggeun Do,Yerin Choe,kor_hang,Korea,2009년에 개통된 대한민국에서 가장 긴 교량은 무엇인가요?,인천대교,https://ko.wikipedia.org/wiki/%EC%9D%B8%EC%B2%9C%EB%8C%80%EA%B5%90,What is the longest bridge in South Korea that opened in 2009?,What is the longest bridge in South Korea that opened in 2009?,Incheon Bridge,Incheon Bridge,Junggeun Do,,,
261,Yerin Choe,Junggeun Do,kor_hang,Korea,고려 말기에 고려의 충신 정몽주가 지은 대표적인 시조는 무엇인가요?,단심가,https://ko.wikipedia.org/wiki/%EB%8B%A8%EC%8B%AC%EA%B0%80,"What is the representative sijo written by Jeong Mong-ju, a loyal subject of Goryeo, during the late Goryeo period?",What is the most famous sijo written by the Goryeo loyalist Jeong Mong-ju during the late Goryeo period?,Dansimga,Dansimga,Junggeun Do,,,
262,Junggeun Do,Yerin Choe,kor_hang,Korea,한복을 입을 때 신는 한국의 전통 양말은 무엇인가요?,버선,https://ko.wikipedia.org/wiki/%EB%B2%84%EC%84%A0,What are the traditional Korean socks worn with Hanbok?,What are the traditional Korean socks worn with Hanbok?,socks,beoseon,Junggeun Do,,,
263,Junggeun Do,Yerin Choe,kor_hang,Korea,단군신화에서 쑥과 마늘만 먹고 인간이 된 동물은 무엇인가요?,곰,https://ko.wikipedia.org/wiki/%EB%8B%A8%EA%B5%B0_%EC%8B%A0%ED%99%94,"In the Dangun myth, what is the animal that became human by eating only mugwort and garlic?","In the Dangun myth, which animal successfully became human by eating only mugwort and garlic?",bear,bear,Junggeun Do,,,
264,Junggeun Do,Yerin Choe,kor_hang,Korea,밥에 엿기름 물을 부어 만드는 한국의 전통 음료는 무엇인가요?,식혜,https://ko.wikipedia.org/wiki/%EC%8B%9D%ED%98%9C,What is the traditional Korean beverage made by pouring malted barley water over rice?,What is the traditional Korean beverage made by pouring malted barley water over rice?,Sikhye,Sikhye,Yerin Choe,,,
265,Junggeun Do,Yerin Choe,kor_hang,Korea,조선시대의 역사적 사실을 기록하여 유네스코 세계기록유산으로 등재된 역사서는 무엇인가요?,조선왕조실록,https://ko.wikipedia.org/wiki/%EC%A1%B0%EC%84%A0%EC%99%95%EC%A1%B0%EC%8B%A4%EB%A1%9D,What is the historical book that records historical facts of the Joseon Dynasty and was inscribed as a UNESCO Memory of the World?,Which historical book records the history of the Joseon Dynasty and is inscribed as a UNESCO Memory of the World?,Annals of the Joseon Dynasty,Veritable Records of the Joseon Dynasty,Junggeun Do,,,
266,Yerin Choe,Junggeun Do,kor_hang,Korea,조선시대에 '관동별곡'을 지은 사람은 누구인가요?,정철,https://ko.wikipedia.org/wiki/%EC%A0%95%EC%B2%A0,Who wrote 'Gwandongbyeolgok' during the Joseon Dynasty?,Who wrote 'Gwandongbyeolgok' during the Joseon Dynasty?,Jeong Cheol,Cheol Jeong,Yerin Choe,,,
267,Yerin Choe,Junggeun Do,kor_hang,Korea,독일 슈투트가르트 발레단에서 활동한 최초의 한국인 발레리나는 누구인가요?,강수진,https://ko.wikipedia.org/wiki/%EA%B0%95%EC%88%98%EC%A7%84_(%EB%B0%9C%EB%A0%88_%EB%AC%B4%EC%9A%A9%EC%88%98),Who was the first Korean ballerina to perform with the Stuttgart Ballet in Germany?,Who was the first Korean ballerina to perform with the Stuttgart Ballet in Germany?,Kang Su-jin,Sue-jin Kang,Yerin Choe,,,
268,Yerin Choe,Junggeun Do,kor_hang,Korea,1861년에 김정호가 제작한 한반도의 지도는 무엇인가요?,대동여지도,https://ko.wikipedia.org/wiki/%EB%8C%80%EB%8F%99%EC%97%AC%EC%A7%80%EB%8F%84,What is the map of the Korean Peninsula created by Kim Jeong-ho in 1861?,What is the name of the 1861 map of the Korean Peninsula created by Kim Jeong-ho?,Daedongyeojido,Daedongyeojido,Junggeun Do,,,
269,Yerin Choe,Junggeun Do,kor_hang,Korea,조선 시대에 양반이 머리에 쓰는 대표적인 관모는 무엇인가요?,갓,https://ko.wikipedia.org/wiki/%EA%B0%93,What is the representative headwear worn by the Yangban during the Joseon Dynasty?,What is the representative headwear worn by the Yangban during the Joseon Dynasty?,gat,gat,Yerin Choe,,,
270,Yerin Choe,Junggeun Do,kor_hang,Korea,한국의 무속 의식에서 액을 풀어내기 위해 추는 춤은 무엇인가요?,살풀이춤,https://ko.wikipedia.org/wiki/%EC%82%B4%ED%92%80%EC%9D%B4%EC%B6%A4,What is the dance performed in Korean shamanistic rituals to ward off evil spirits?,What is the name of the dance performed in Korean shamanistic rituals to ward off evil spirits?,Salpuri dance,salpuri-chum,Yerin Choe,,,
271,Hayden Arnold,Dasol Choi,kor_hang,Korea,발매 후 오랜 시간이 지난 노래가 갑자기 음원 차트 상위권으로 다시 올라가는 현상을 가리키는 한국 가요계 용어는?,역주행,https://namu.wiki/w/%EC%97%AD%EC%A3%BC%ED%96%89(%EB%85%B8%EB%9E%98%20%EC%9A%A9%EC%96%B4),What is the Korean music industry term for the phenomenon in which a song suddenly climbs back up to the top of the music charts long after its release?,What is the Korean music industry term for the phenomenon in which a song suddenly climbs back up to the top of the music charts long after its release?,Yeokjuhaeng,Yeokjuhaeng,Hayden Arnold,,,
272,Hayden Arnold,Dasol Choi,kor_hang,Korea,"출연자들이 본명 대신 영수, 영식, 옥순처럼 옛날식 가명을 사용하는 한국의 대표적인 연애 예능 프로그램의 이름은?",나는 솔로,https://namu.wiki/w/나는 SOLO,What is the name of one of Korea's representative dating shows where participants use a former name as a pseudonym instead of their real name?,"What is the name of the representative Korean dating reality show in which the participants use old-fashioned pseudonyms such as Yeongsu, Yeongsik, and Oksun instead of their real names?",I Am Solo,I Am Solo,Hayden Arnold,,,
273,Hayden Arnold,Dasol Choi,kor_hang,Korea,한국의 연애 프로그램 문화 중 중간에 갑자기 나오는 새로운 남성 출연자를 가리키는 말은?,메기남,https://namu.wiki/w/메기 효과,What is the term used in Korean dating shows to refer to a new male contestant who suddenly appears midway through the program?,What is the term used in Korean dating shows to refer to a new male contestant who suddenly appears midway through the program?,catfish man,Catfish man,Hayden Arnold,,,
274,Hayden Arnold,Dasol Choi,kor_hang,Korea,한국의 연애 프로그램 문화 중 중간에 갑자기 나오는 새로운 여성 출연자를 가리키는 말은?,메기녀,https://namu.wiki/w/메기 효과,What is the term used in Korean dating shows to refer to a new female participant who suddenly appears midway through the program?,What is the term used in Korean dating shows to refer to a new female participant who suddenly appears midway through the program?,catfish girl,Catfish woman,Hayden Arnold,,,
275,Hayden Arnold,Dasol Choi,kor_hang,Korea,"비현실적이고 자극적인 설정으로 비판받는 한국 드라마 유형을 가리키는, 표준어가 아닌 말은? ",막장드라마,https://namu.wiki/w/사극,What is the non-standard term for a type of Korean drama that is criticized for its unrealistic and sensational plot devices?,What is the non-standard term for a type of Korean drama that is criticized for its unrealistic and sensational plot devices?,Makjang drama,Makjang drama,Hayden Arnold,,,
276,Hayden Arnold,Dasol Choi,kor_hang,Korea,"1978년에 데뷔한 ‘옛사랑’, ‘사랑이 지나가면’ 같은 감성 발라드로 유명한 한국 가수의 이름은?",이문세,https://ko.wikipedia.org/wiki/이문세,"What is the name of the Korean singer who debuted in 1978 and is famous for emotional ballads such as ""Old Love"" and ""As Love Passes By""?","What is the name of the Korean singer who debuted in 1978 and is famous for emotional ballads such as ""Old Love"" and ""As Love Passes By""?",Lee Moon-sae,Lee Moon-sae,Hayden Arnold,,,
277,Hayden Arnold,Dasol Choi,kor_hang,Korea,2003년에 발매된 ‘소주 한 잔’이라는 대표곡으로 유명한 한국 가수의 이름은?,임창정,https://namu.wiki/w/임창정,"What is the name of the Korean singer famous for the hit song ""A Glass of Soju,"" released in 2003?","What is the name of the Korean singer famous for the hit song ""A Glass of Soju,"" released in 2003?",Im Chang-jung,Im Chang Jung,Hayden Arnold,,,
278,Hayden Arnold,Dasol Choi,kor_hang,Korea,"한국의 국악과 현대 음악 장르를 융합한 콘셉트로, 2020년에 ‘범이 내려온다’를 발표하면서 유명해진 한국 가수 그룹의 이름은?",이날치,https://namu.wiki/w/이날치,"What is the name of the South Korean musical group that rose to fame in 2020 with the release of ""Tiger Is Coming"" (Beomi Naeryeonda), a song featuring a concept that fuses Korean traditional music (gugak) with modern music genres?","What is the name of the South Korean musical group that rose to fame in 2020 with the release of ""Tiger Is Coming"", fusing Korean traditional music with modern music genres?",LEENALCHI,LEENALCHI,Hayden Arnold,,,
279,Hayden Arnold,Dasol Choi,kor_hang,Korea,"연예인 등의 유명한 출연자의 실제 냉장고를 살피면서 셰프들이 안에 있는 재료를 사용하면서 제한 시간 안에 요리 대결을 한 다음에, 출연자가 직접 시식하고 승자를 결정하는 2014년부터 방영되는 한국 예능의 이름은?",냉장고를 부탁해,https://namu.wiki/w/냉장고를 부탁해,"What is the name of the South Korean variety show, airing since 2014, in which chefs compete to cook dishes within a time limit using ingredients from the actual refrigerators of famous guests—such as celebrities—after which the guest tastes the food and decides the winner?","What is the name of the 2014 South Korean variety show in which chefs compete to cook dishes within a time limit using ingredients from the actual refrigerators of famous guests, after which the guest tastes the food and decides the winner?",Please Take Care of My Refrigerator,Please Take Care of My Refrigerator,Hayden Arnold,,,
280,Hayden Arnold,Dasol Choi,kor_hang,Korea,서장훈과 이수근이 보살로 분장해 다가오는 출연자들의 다양한 고민에 상담하고 진지한 조언을 해주는 한국 예능의 이름은?,무엇이든 물어보살,https://namu.wiki/w/무엇이든 물어보살,"What is the name of the Korean variety show where Seo Jang-hoon and Lee Soo-geun dress up as ""Bodhisattvas"" to counsel guests on their various concerns and offer sincere advice?",What is the name of the Korean variety show where Seo Jang-hoon and Lee Soo-geun dress up as fortune tellers to consult guests on their various concerns and offer genuine advice?,Ask me anything,Ask Us Anything Fortune Teller,Hayden Arnold,,,
281,Hayden Arnold,Dasol Choi,kor_hang,Korea,한국에서 활동하는 래퍼 중에 가장 위대한 래퍼를 가리키는 주로 인터넷에서 자주 사용되는 말은?,국힙원탑,https://namu.wiki/w/국힙원탑,What is the term frequently used—primarily on the internet—to refer to the greatest rapper active in Korea?,What is the term frequently used on the internet to refer to the greatest active Korean rapper?,The undisputed king of Korean hip-hop,Guk-hip-won-tap,Hayden Arnold,,,
282,Hayden Arnold,Dasol Choi,kor_hang,Korea,"한국의 대표적인 랩 서바이벌 프로그램 중 하나로, 다양한 무대에서 대결하며 로코, 비와이, 이영지 등의 유명한 래퍼들이 우승한 프로그램의 이름은?",쇼미더머니,https://namu.wiki/w/SHOW ME THE MONEY 시리즈,"What is the name of one of Korea's representative rap survival programs—featuring competitions across various stages—that was won by famous rappers such as Loco, BewhY, and Lee Young-ji?","What is the name of one of Korea's representative rap survival shows—featuring competitions across diverse stages—that was won by famous rappers such as Loco, BewhY, and Lee Young-ji?",Show Me the Money,SHOW ME THE MONEY,Hayden Arnold,,,
283,Hayden Arnold,Dasol Choi,kor_hang,Korea,"한국의 대표적인 랩 서바이벌 프로그램 중 하나로, 고등학생 래퍼들이 대결하며 이영지, 하온, 애쉬아일랜드 등이 우승한 프로그램의 이름은?",고등래퍼,https://namu.wiki/w/고등래퍼,"What is the name of one of Korea's representative rap survival programs—featuring high school rappers competing against each other—won by artists such as Lee Young-ji, Haon, and Ash Island?","What is the name of one of Korea's representative rap survival shows, featuring high school rappers competing against each other, that was won by artists such as Lee Young-ji, Haon, and Ash Island?",High School Rapper,High School Rapper,Hayden Arnold,,,
284,Hayden Arnold,Dasol Choi,kor_hang,Korea,공연에서 관객들이 노래를 다 함께 따라 부르는 한국의 대중문화 현상을 가리키는 표준어가 아닌 말은?,떼창,https://namu.wiki/w/제창/한국,Which of the following is not the standard term for the Korean popular culture phenomenon where the audience sings along to songs during a performance?,Which non-standard term refers to the Korean popular culture phenomenon where the audience sings along to songs during a performance?,Sing-along,Dde-chang,Hayden Arnold,,,
285,Hayden Arnold,Dasol Choi,kor_hang,Korea,"2005년에서 2018년까지 방영되며 방송계에서 ‘역대급’이라는 인식을 받았던 유재석, 하하, 박명수 등이 진행한 한국 예능의 이름은?",무한도전,https://namu.wiki/w/무한도전,"What is the name of the Korean variety show—hosted by Yoo Jae-suk, Haha, and Park Myung-soo—that aired from 2005 to 2018 and is regarded in the broadcasting industry as one of the greatest of all time?","What is the name of the Korean variety show, hosted by Yoo Jae-suk, Haha, Park Myung-soo, and others, that aired from 2005 to 2018 and is regarded in the broadcasting industry as one of the greatest of all time?",Infinite Challenge,Infinite Challenge,Hayden Arnold,,,
286,Hayden Arnold,Dasol Choi,kor_hang,Korea,"윌리엄과 벤틀리 두 아들과 함께 ‘슈퍼맨이 돌아왔다’에 출연하며, 한국에서 활동하는 호주 출신 코미디언의 이름은?",샘 해밍턴,https://namu.wiki/w/샘 해밍턴,"What is the name of the Australian comedian active in Korea who appears on The Return of Superman with his two sons, William and Bentley?","What is the name of the Australian comedian active in Korea who appears on The Return of Superman with his two sons, William and Bentley?",Sam Hammington,Sam Hammington,Hayden Arnold,,,
287,Hayden Arnold,Dasol Choi,kor_hang,Korea,대전광역시를 연고지로 하는 KBO 리그 야구팀의 이름은?,한화 이글스,https://namu.wiki/w/한화 이글스,What is the name of the representative baseball team of Daejeon Metropolitan City that recently made headlines by leaping from last place to the top tier?,What is the name of Daejeon’s representative baseball team?,Hanwha Eagles,Hanwha Eagles,Hayden Arnold,,,
288,Hayden Arnold,Dasol Choi,kor_hang,Korea,"KBO 리그 통산 한국시리즈 최다 우승 기록을 보유한, 광주광역시를 연고지로 하는 야구팀의 현재 이름은?",기아 타이거즈,https://namu.wiki/w/KIA 타이거즈,What is the name of the representative baseball team from Gwangju Metropolitan City that holds the record for the most championship wins in KBO League history?,What is the current name of the baseball team based in Gwangju that holds the record for the most Korean Series championships in KBO League history?,Kia Tigers,Kia Tigers,Hayden Arnold,,,
289,Seongjun Ahn,Minhyuk Kim,kor_hang,Korea,대한민국에서 만 19세 미만 청소년이 찜질방에 출입이 금지되기 시작하는 시각은 오후 몇 시? ,10,https://namu.wiki/w/%EC%B2%AD%EC%86%8C%EB%85%84%20%EB%B3%B4%ED%98%B8%EB%B2%95,At what time in the afternoon does the ban on entry to saunas for minors under the age of 19 begin in South Korea?,At what time in the afternoon are minors under the age of 19 prohibited from entering jjimjilbangs (Korean saunas) in South Korea?,,10,,,,
290,Seongjun Ahn,Minhyuk Kim,kor_hang,Korea,대한민국의 병역판정검사에서 병역면제에 해당하는 급수는?,6,https://ko.wikipedia.org/wiki/%EB%B3%91%EC%97%AD%ED%8C%90%EC%A0%95%EA%B2%80%EC%82%AC,What is the grade corresponding to military service exemption in the South Korean military service physical examination?,What grade corresponds to military service exemption in the South Korean military service physical examination?,,6,,,,
291,Seongjun Ahn,Minhyuk Kim,kor_hang,Korea,현재 대한민국의 전시 작전권이 이양된 곳은?,한미연합사령군,https://ko.wikipedia.org/wiki/%EC%A0%84%EC%8B%9C_%EC%9E%91%EC%A0%84%ED%86%B5%EC%A0%9C%EA%B6%8C,Where has South Korea's wartime operational control currently been transferred?,To which command has South Korea's wartime operational control currently been transferred?,,Combined Forces Command,,,,
292,Seongjun Ahn,Minhyuk Kim,kor_hang,Korea,"행정기관, 사법부, 주요 공공기관에 대한 모든 민원, 제안, 신고를 신청할 수 있는 웹사이트 이름은?",국민신문고,https://ko.wikipedia.org/wiki/%EA%B5%AD%EB%AF%BC%EC%8B%A0%EB%AC%B8%EA%B3%A0,"What is the name of the website where you can submit all complaints, suggestions, and reports regarding administrative agencies, the judiciary, and major public institutions?","What is the name of the website where you can submit all complaints, suggestions, and reports regarding administrative agencies, the judiciary, and major public institutions in South Korea?",,e-People,,,,
293,Seongjun Ahn,Minhyuk Kim,kor_hang,Korea,EBS에서 출판하는 대학수학능력시험 연계 교재 중 먼저 출판되는 교재 이름은?,수능특강,https://ko.wikipedia.org/wiki/%EB%8C%80%ED%95%99%EC%88%98%ED%95%99%EB%8A%A5%EB%A0%A5%EC%8B%9C%ED%97%98_%EC%97%B0%EA%B3%84_%EA%B5%90%EC%9E%AC#%EC%88%98%EB%8A%A5%ED%8A%B9%EA%B0%95,What is the name of the first textbook published by EBS that is linked to the College Scholastic Ability Test?,What is the name of the first textbook published by EBS that is linked to the College Scholastic Ability Test in South Korea?,,Suneung Teukgang,,,,
294,Seongjun Ahn,Minhyuk Kim,kor_hang,Korea,주택을 얻으려는 사람이 일정한 자격을 갖추어 사겠다는 의사표시를 위해 예금에 가입하는 것을 부르는 말은?,주택청약,https://namu.wiki/w/%EC%A3%BC%ED%83%9D%EC%B2%AD%EC%95%BD,"What is the term for a person intending to acquire a house signing up for a deposit account to express their intention to purchase, provided they meet certain qualifications?","What is the term for a person intending to acquire a house signing up for a deposit account to express their intention to purchase, provided they meet certain qualifications in South Korea?",,Housing subscription,,,,
295,Seongjun Ahn,Minhyuk Kim,kor_hang,Korea,"국가경쟁력을 높이기 위해 병역의무가 있는 사람 가운데 일부를 선발하여 현역으로 복무하는 대신에, 연구기관에 대체 복무하도록 하는 제도는?",전문연구요원,https://ko.wikipedia.org/wiki/%EC%A0%84%EB%AC%B8%EC%97%B0%EA%B5%AC%EC%9A%94%EC%9B%90,What is the system designed to enhance national competitiveness by selecting a portion of those subject to mandatory military service to perform alternative service at research institutions instead of serving in the active military?,What is the system designed to enhance national competitiveness by selecting a portion of those subject to mandatory military service to perform alternative service at research institutions instead of serving in the active military in South Korea?,,Expert Research Personnel,,,,
296,Seongjun Ahn,Minhyuk Kim,kor_hang,Korea,대한민국에서 정부나 기관 등에서 모든 국민에게 휴대전화로 문자 메시지를 보내어 국민의 안전과 관련된 필요한 정보와 알림 등을 전달하는 메시지는?,안전안내문자,https://ko.wikipedia.org/wiki/%EC%9E%AC%EB%82%9C%EB%AC%B8%EC%9E%90%EB%B0%A9%EC%86%A1,What is the message in South Korea where the government or agencies send text messages to all citizens via mobile phones to convey necessary information and notifications related to public safety?,What is the message in South Korea where the government or agencies send text messages to all citizens via mobile phones to convey necessary information and notifications related to public safety?,,Emergency Alert Message,,,,
297,Seongjun Ahn,Minhyuk Kim,kor_hang,Korea,보통 주어진 제시문이나 글을 읽고 제한시간 내에 원고지에 써서 제출하는 형식으로 진행되는 시험의 점수로 대학에 진학하는 방식의 전형 이름은?,논술,https://ko.wikipedia.org/wiki/%EB%85%BC%EC%88%A0#%EB%8C%80%ED%95%9C%EB%AF%BC%EA%B5%AD%EC%9D%98_%EB%85%BC%EC%88%A0_%EC%8B%9C%ED%97%98,What is the name of the admission type where university admission is based on the score of an exam typically conducted by reading a given passage or text and submitting a written response on manuscript paper within a time limit?,What is the name of the admission type where university admission is based on the score of an exam typically conducted by reading a given passage or text and submitting a written response on manuscript paper within a time limit in South Korea?,,Essay Examination,,,,
298,Seongjun Ahn,Minhyuk Kim,kor_hang,Korea,대한민국에서 사용 중인 개인 또는 단체의 전자서명을 위한 온라인 인감증명서의 이름은?,공동인증서,https://ko.wikipedia.org/wiki/%EA%B3%B5%EB%8F%99%EC%9D%B8%EC%A6%9D%EC%84%9C,What is the name of the online seal certificate for electronic signatures used by individuals or organizations in South Korea?,What is the name of the online certificate of seal used in South Korea for the electronic signatures of individuals or organizations?,,Joint Certificate,,,,
299,Seongjun Ahn,Minhyuk Kim,kor_hang,Korea,명예훼손죄와 달리 사실 적시 없이 욕설만으로 성립할 수 있는 죄는?,모욕죄,https://ko.wikipedia.org/wiki/%EB%AA%A8%EC%9A%95%EC%A3%84,"Unlike defamation, what is the crime that can be established solely by profanity without stating facts?","Unlike defamation, what is the crime that can be established solely by profanity without stating facts in South Korea?",,Crime of Insult,,,,
300,Seongjun Ahn,Minhyuk Kim,kor_hang,Korea,법률상 인발이 신고된 도장과 같다는 것을 증명하는 서류의 이름은?,인감증명서,https://ko.wikipedia.org/wiki/%EC%9D%B8%EA%B0%90%EC%A6%9D%EB%AA%85,What is the name of the document proving that a legally issued seal is the same as a registered seal?,What is the name of the document proving that a legally issued seal is the same as a registered seal in South Korea?,,Certificate of Seal Imprint,,,,
301,Seongjun Ahn,Minhyuk Kim,kor_hang,Korea,국지적 위협 상황이 일어났을 시에 발령되는 경보 조치는?,진돗개 경보,https://ko.wikipedia.org/wiki/%EC%A7%84%EB%8F%97%EA%B0%9C_%EA%B2%BD%EB%B3%B4,What alert measures are issued when a localized threat situation occurs?,What is the name of the alert issued in response to a localized threat situation in South Korea?,,Jindogae Alert,,,,
302,Seongjun Ahn,Minhyuk Kim,kor_hang,Korea,대한민국 정부가 운영하는 인터넷 정부 서비스 통합 포털 사이트의 이름은?,정부24,https://ko.wikipedia.org/wiki/%EC%A0%95%EB%B6%8024,What is the name of the integrated internet government service portal site operated by the South Korean government?,What is the name of the integrated online government service portal operated by the South Korean government?,,Government24,,,,
303,Seongjun Ahn,Minhyuk Kim,kor_hang,Korea,한국교육방송공사가 운영하는 대한민국의 고등학생을 대상으로 한 온라인 교육 사이트,EBSi,https://ko.wikipedia.org/wiki/EBSi,An online education site for South Korean high school students operated by the Korea Educational Broadcasting System,What is the name of the online education platform for South Korean high school students operated by the Educational Broadcasting System (EBS)?,,EBSi,,,,
304,Seongjun Ahn,Minhyuk Kim,kor_hang,Korea,금융 기관에서 금융 거래를 할 때에 가명 혹은 무기명에 의한 거래를 금지하고 실명임을 확인한 후에만 금융거래가 이루어지도록 하는 제도의 이름은?,금융실명제 ,https://ko.wikipedia.org/wiki/%EA%B8%88%EC%9C%B5%EC%8B%A4%EB%AA%85%EC%A0%9C,What is the name of the system that prohibits transactions using pseudonyms or anonymous names at financial institutions and requires that transactions be conducted only after verifying real names?,What is the name of the system that prohibits anonymous or pseudonymous financial transactions and requires identity verification before conducting financial transactions at financial institutions in South Korea?,,Real-Name Financial System,,,,
305,Seongjun Ahn,Minhyuk Kim,kor_hang,Korea,"국민연금 사업에 필요한 재원을 원활하게 확보하고, 급여에 충당하기 위한 책임준비금으로서 운영하는 조직의 이름은?",국민연금기금,https://ko.wikipedia.org/wiki/%EB%8C%80%ED%95%9C%EB%AF%BC%EA%B5%AD%EC%9D%98_%EA%B5%AD%EB%AF%BC%EC%97%B0%EA%B8%88#,What is the name of the organization that operates as a liability reserve to smoothly secure the funds necessary for the National Pension program and cover benefits?,What is the name of the organization that manages funds as a reserve to secure the necessary resources for the National Pension program and to cover benefit payments in South Korea?,,National Pension Fund,,,,
306,Seongjun Ahn,Minhyuk Kim,kor_hang,Korea,모바일 운전면허 확인 서비스가 시작된 이동통신사의 앱 이름은?,PASS,https://ko.wikipedia.org/wiki/%EB%AA%A8%EB%B0%94%EC%9D%BC_%EC%9A%B4%EC%A0%84%EB%A9%B4%ED%97%88%EC%A6%9D,What is the name of the app from the mobile carrier that launched the mobile driver's license verification service?,What is the name of the mobile carrier app through which the mobile driver's license verification service was launched in South Korea?,,PASS,,,,
307,Seongjun Ahn,Minhyuk Kim,kor_hang,Korea,대한민국의 선거일은 공직선거법에 의해 어떤 요일로 지정되어 있는가?,수요일,https://ko.wikipedia.org/wiki/%EC%84%A0%EA%B1%B0%EC%9D%BC_(%EB%8C%80%ED%95%9C%EB%AF%BC%EA%B5%AD),On what day of the week is South Korea's election day designated by the Public Official Election Act?,"According to the Public Official Election Act, which day of the week is designated as Election Day in South Korea?",,Wednesday,,,,
308,Seongjun Ahn,Minhyuk Kim,kor_hang,Korea,2015 개정 교육과정에서 수학은 몇 단위인가?,8,https://ko.wikipedia.org/wiki/%EB%8C%80%ED%95%9C%EB%AF%BC%EA%B5%AD%EC%9D%98_%EA%B3%A0%EB%93%B1%ED%95%99%EA%B5%90_%EA%B5%90%EA%B3%BC%EB%AA%A9#%EA%B3%B5%ED%86%B5_%EA%B5%90%EA%B3%BC,How many units is mathematics in the 2015 revised curriculum?,How many units is mathematics in the 2015 revised curriculum in South Korea?,,8,,,,