ID,Author,Checked By,Language,Country/Region,Question,Answer,Evidence_url,Question Automatic Translation,Question Corrected Translation,Answer Automatic Translation,Exclude,Answer Corrected Translation,Translation Corrected By,Notes,URL language (if different from target language),
1,Christian Hoang,Quang Anh Nhu,vie_latn,Viet Nam/ Thai Binh,Tỉnh Thái Bình trước thời điểm sáp nhập đơn vị hành chính Việt Nam 2024-2025 thuộc đồng bằng nào?,Sông Hồng,https://vi.wikipedia.org/wiki/L%E1%BB%8Bch_s%E1%BB%AD_h%C3%A0nh_ch%C3%ADnh_Th%C3%A1i_B%C3%ACnh,"Before its administrative merger with Vietnam in 2024-2025, which delta region did Thai Binh province belong to?","Before the administrative merger of Vietnam in 2024-2025, which delta was Thai Binh province in? ",Red River,,Hồng River,"Quang Anh Nhu, Catherine Arnett",,,Hồng River
2,Christian Hoang,Quang Anh Nhu,vie_latn,Viet Nam/ Thai Binh,Tỉnh Thái Bình trước thế kỉ 10 ở quận nào?,Giao Chỉ,https://vi.wikipedia.org/wiki/L%E1%BB%8Bch_s%E1%BB%AD_h%C3%A0nh_ch%C3%ADnh_Th%C3%A1i_B%C3%ACnh,"Before the 10th century, which district did Thai Binh province belong to?",Which area did modern-day Thai Binh province belong to before 10th century? ,Giao Chi,,Giao Chỉ,"Quang Anh Nhu, Catherine Arnett",,,
3,Christian Hoang,Quang Anh Nhu,vie_latn,Viet Nam ,Thẳm Tát Tòng có nghĩa là gì trong tiếng Thái vùng Tây Bắc?,hang thác đồng,https://vi.wikipedia.org/wiki/Th%E1%BA%B3m_T%C3%A1t_T%C3%B2ng,What does Tham Tat Tong mean in the Northwest Thai dialect?,What does “Thẳm Tát Tòng” mean in the Thai language spoken in northwestern Vietnam?,Dong Waterfall Cave,,Đồng Waterfall Cave,"Quang Anh Nhu, Catherine Arnett",,,
4,Christian Hoang,Quang Anh Nhu,vie_latn,Viet Nam ,Tên gọi khác của thẳm Tát Tòng là gì?,hang Nước,https://vi.wikipedia.org/wiki/Th%E1%BA%B3m_T%C3%A1t_T%C3%B2ng,What is another name for the Tat Tong abyss?,What is another name for Thẳm Tát Tòng?,Water Cave,,Water Cave,"Quang Anh Nhu, Catherine Arnett",,,
5,Christian Hoang,Quang Anh Nhu,vie_latn,Viet Nam/ Thai Nguyen,"Tính đến năm 2014, Đại học Nông Lâm Thái Nguyên đã đào tạo khoảng bao nhiêu kỹ sư?","14,000","https://vi.wikipedia.org/wiki/Tr%C6%B0%E1%BB%9Dng_%C4%90%E1%BA%A1i_h%E1%BB%8Dc_N%C3%B4ng_L%C3%A2m,_%C4%90%E1%BA%A1i_h%E1%BB%8Dc_Th%C3%A1i_Nguy%C3%AAn","As of 2014, approximately how many engineers had Thai Nguyen University of Agriculture and Forestry trained?","As of 2014, approximately how many engineers had Thai Nguyen University of Agriculture and Forestry trained?","14,000",,"14,000","Quang Anh Nhu, Catherine Arnett",,,
6,Christian Hoang,Quang Anh Nhu,vie_latn,Viet Nam ,"Trụ sở làm việc của Ủy ban Quốc phòng, An ninh và Đối ngoại nằm tại tòa nhà nào?",Nhà Quốc hội,"https://vi.wikipedia.org/wiki/%E1%BB%A6y_ban_Qu%E1%BB%91c_ph%C3%B2ng,_An_ninh_v%C3%A0_%C4%90%E1%BB%91i_ngo%E1%BA%A1i_c%E1%BB%A7a_Qu%E1%BB%91c_h%E1%BB%99i_(Vi%E1%BB%87t_Nam)","In which building is the headquarters of the Committee on National Defence, Security and Foreign Affairs located?","The headquarters of the Committee on National Defence, Security and Foreign Affairs is located in which building?",Parliament House,,National Assembly House,"Quang Anh Nhu, Catherine Arnett",,,
7,Christian Hoang,Quang Anh Nhu,vie_latn,Viet Nam ,"Chủ nhiệm khóa XVI của ủy ban Quốc phòng, An ninh và Đối ngoại của Quốc hội Việt Nam là ai?",Thượng tướng Lê Tấn Tới,"https://vi.wikipedia.org/wiki/%E1%BB%A6y_ban_Qu%E1%BB%91c_ph%C3%B2ng,_An_ninh_v%C3%A0_%C4%90%E1%BB%91i_ngo%E1%BA%A1i_c%E1%BB%A7a_Qu%E1%BB%91c_h%E1%BB%99i_(Vi%E1%BB%87t_Nam)","Who is the chairman of the 16th term of the Committee on National Defense, Security and Foreign Affairs of the Vietnamese National Assembly?","Who is the Chairman of the 16th term of the National Defence, Security and Foreign Affairs Committee of the National Assembly of Vietnam?",General Le Tan Toi,,Colonel General Le Tan Toi,"Quang Anh Nhu, Catherine Arnett",,,
8,Christian Hoang,Quang Anh Nhu,vie_latn,Viet Nam ,"""Thằng điên"" đã nhận bao nhiêu đề cử cho hạng mục ""Video âm nhạc của năm"" tại Zing Music Award?",1,https://vi.wikipedia.org/wiki/Th%E1%BA%B1ng_%C4%91i%C3%AAn_(b%C3%A0i_h%C3%A1t),"How many nominations did ""The Madman"" receive for the ""Music Video of the Year"" category at the Zing Music Awards?",How many nominations did “Thằng điên” receive in the “Music Video of the Year” category at the Zing Music Awards?,1,,1,"Quang Anh Nhu, Catherine Arnett",,,
9,Christian Hoang,Quang Anh Nhu,vie_latn,Viet Nam ,"Diễn viên người Đức gốc Việt xuất hiện trong bài ""Thằng điên"" là ai?",Lâm Vissay,https://vi.wikipedia.org/wiki/Th%E1%BA%B1ng_%C4%91i%C3%AAn_(b%C3%A0i_h%C3%A1t),"Who is the German-Vietnamese actor featured in the song ""The Madman""?",Which Vietnamese-German actor appeared in the music video for “Thằng điên”?,Vissay Forest,,Lâm Vissay,"Quang Anh Nhu, Catherine Arnett",,,
10,Christian Hoang,Quang Anh Nhu,vie_latn,Viet Nam/ Thai Nguyen,Đại học Nông Lâm Thái Nguyên có khoảng bao nhiêu phần trăm con em các dân tộc thiểu số và người sống ở vùng sâu vùng xa?,50,"https://vi.wikipedia.org/wiki/Tr%C6%B0%E1%BB%9Dng_%C4%90%E1%BA%A1i_h%E1%BB%8Dc_N%C3%B4ng_L%C3%A2m,_%C4%90%E1%BA%A1i_h%E1%BB%8Dc_Th%C3%A1i_Nguy%C3%AAn",What percentage of students at Thai Nguyen University of Agriculture and Forestry are from ethnic minority groups and remote areas?,Approximately what percentage of students at Thai Nguyen University of Agriculture and Forestry come from ethnic minority families or remote areas?,50,,50,"Quang Anh Nhu, Catherine Arnett",,,
11,Christian Hoang,Quang Anh Nhu,vie_latn,Viet Nam ,Ai sáng tác ca khúc Ai đến Sài Gòn?,Hoàng Dũng,https://vi.wikipedia.org/wiki/Danh_s%C3%A1ch_b%C3%A0i_h%C3%A1t_v%E1%BB%81_S%C3%A0i_G%C3%B2n_%E2%80%93_Th%C3%A0nh_ph%E1%BB%91_H%E1%BB%93_Ch%C3%AD_Minh,"Who composed the song ""Who Comes to Saigon?""","Who composed the Vietnamese song ""Ai đến Sài Gòn""?",Hoang Dung,,Hoàng Dũng,"Quang Anh Nhu, Catherine Arnett",,,
12,Christian Hoang,Quang Anh Nhu,vie_latn,Viet Nam ,Ai sáng tác ca khúc Chiều thủ đô?,Khánh Băng,https://vi.wikipedia.org/wiki/Danh_s%C3%A1ch_b%C3%A0i_h%C3%A1t_v%E1%BB%81_S%C3%A0i_G%C3%B2n_%E2%80%93_Th%C3%A0nh_ph%E1%BB%91_H%E1%BB%93_Ch%C3%AD_Minh,"Who composed the song ""Chiều thủ đô"" (Afternoon in the Capital)?","Who composed the Vietnamese song ""Chiều thủ đô""?",Khanh Bang,,Khánh Băng,"Quang Anh Nhu, Catherine Arnett",,,
13,Christian Hoang,Quang Anh Nhu,vie_latn,Viet Nam ,Đỗ Quang Thành trúng cử đại biểu Quốc hội khóa XIV năm bao nhiêu?,2016,https://vi.wikipedia.org/wiki/%C4%90%E1%BB%97_Quang_Th%C3%A0nh,In what year was Do Quang Thanh elected as a member of the 14th National Assembly?,In what year was Đỗ Quang Thành elected to Vietnam’s 14th National Assembly?,2016,,2016,"Quang Anh Nhu, Catherine Arnett",,,
14,Christian Hoang,Quang Anh Nhu,vie_latn,Viet Nam ,"Năm 2022, quân hàm của Đỗ Quang Thành là gì?",Trung tướng,https://vi.wikipedia.org/wiki/%C4%90%E1%BB%97_Quang_Th%C3%A0nh,What was Do Quang Thanh's rank in 2022?,What military rank did Đỗ Quang Thành hold in 2022?,Lieutenant General,,Lieutenant General,"Quang Anh Nhu, Catherine Arnett",,,
15,Christian Hoang,Quang Anh Nhu,vie_latn,Viet Nam ,Chùa Bộc các gò Đống Đa khoảng bao xa?,300 mét,https://vi.wikipedia.org/wiki/Ch%C3%B9a_B%E1%BB%99c,How far is Chùa Bộc from Đống Đa hill?,Approximately how far is Bộc Pagoda from Đống Đa Mound?,300 meters,,300 meters,"Quang Anh Nhu, Catherine Arnett",,,
16,Christian Hoang,Quang Anh Nhu,vie_latn,Viet Nam ,Đối thoại 06 là album phòng thu thứ bao nhiêu của ca sĩ Trần Thu Hà?,5,https://vi.wikipedia.org/wiki/%C4%90%E1%BB%91i_tho%E1%BA%A1i_06,Dialogue 06 is the ______ studio album number for singer Tran Thu Ha.,"The album ""Đối thoại 06"" is which number studio album of the Vietnamese singer Tran Thu Ha?",5,,5th,"Quang Anh Nhu, Catherine Arnett",,,
17,Christian Hoang,Quang Anh Nhu,vie_latn,Viet Nam ,"Năm 2004, ca sĩ Trần Thu Hà kết hôn cùng ai?",Đoàn Bình,https://vi.wikipedia.org/wiki/%C4%90%E1%BB%91i_tho%E1%BA%A1i_06,"In 2004, who did singer Tran Thu Ha marry?","In 2004, who did singer Tran Thu Ha marry?",Doan Binh,,Đoàn Bình,"Quang Anh Nhu, Catherine Arnett",,,
18,Christian Hoang,Quang Anh Nhu,vie_latn,Viet Nam ,Nguyễn Thụy Kha học trường cấp ba nào?,Trường Trung học phổ thông Ngô Quyền - Hải Phòng,https://vi.wikipedia.org/wiki/Nguy%E1%BB%85n_Th%E1%BB%A5y_Kha,Which high school did Nguyen Thuy Kha attend?,Which high school did Nguyễn Thụy Kha attend?,Ngo Quyen High School - Hai Phong,,Ngô Quyền High School - Hải Phòng,"Quang Anh Nhu, Catherine Arnett",,,
19,Christian Hoang,Quang Anh Nhu,vie_latn,Viet Nam ,Nguyễn Thụy Khoa qua đời ở bệnh viện nào?,Trung ương Quân đội 108,https://vi.wikipedia.org/wiki/Nguy%E1%BB%85n_Th%E1%BB%A5y_Kha,Which hospital did Nguyen Thuy Khoa pass away in?,At which hospital did Nguyễn Thụy Khoa die?,Central Military Command 108,,108 Military Central Hospital,"Quang Anh Nhu, Catherine Arnett",,,
20,Christian Hoang,Quang Anh Nhu,vie_latn,Viet Nam ,Tên đầy đủ của chùa Bộc trước đây là gì?,Sùng Phúc Tự,https://vi.wikipedia.org/wiki/Ch%C3%B9a_B%E1%BB%99c,What was the original full name of Bộc Pagoda?,What was the former full name of Bộc Pagoda?,Sung Phuc Temple,,Sùng Phúc Tự,"Quang Anh Nhu, Catherine Arnett",,,
21,Christian Hoang,Quang Anh Nhu,vie_latn,Viet Nam ,Ca sĩ GreyD sinh vào ngày tháng năm nào?,Ngày 11 tháng 12 năm 2000,https://vi.wikipedia.org/wiki/Grey_D,What is the birth date of singer GreyD?,What is the date of birth of Vietnamese singer Grey D?,"December 11, 2000",,"December 11th, 2000","Quang Anh Nhu, Catherine Arnett",,,
22,Christian Hoang,Quang Anh Nhu,vie_latn,Viet Nam ,GreyD là cựu thành viên của nhóm nhạc nam nào?,Monstar,https://vi.wikipedia.org/wiki/Grey_D,GreyD is a former member of which boy group?,Grey D was a former member of which Vietnamese boy band?,Monstar,,Monstar,"Quang Anh Nhu, Catherine Arnett",,,
23,Christian Hoang,Quang Anh Nhu,vie_latn,Viet Nam ,Ban Kinh tế Trung ương được hợp nhất về Văn phòng Trung ương Đảng khi nào?,5/2007,"https://vi.wikipedia.org/wiki/Ban_Ch%C3%ADnh_s%C3%A1ch,_Chi%E1%BA%BFn_l%C6%B0%E1%BB%A3c_Trung_%C6%B0%C6%A1ng_%C4%90%E1%BA%A3ng_C%E1%BB%99ng_s%E1%BA%A3n_Vi%E1%BB%87t_Nam",When was the Central Economic Committee merged into the Central Party Office?,When was the Central Economic Commission merged into the Office of the Party Central Committee?,5/2007,,May 2007,"Quang Anh Nhu, Catherine Arnett",,,
24,Christian Hoang,Quang Anh Nhu,vie_latn,Viet Nam ,"Ban Chính sách, Chiến lược Trung ương Đảng Cộng sản Việt Nam có bao nhiêu chức năng chính?",6,"https://vi.wikipedia.org/wiki/Ban_Ch%C3%ADnh_s%C3%A1ch,_Chi%E1%BA%BFn_l%C6%B0%E1%BB%A3c_Trung_%C6%B0%C6%A1ng_%C4%90%E1%BA%A3ng_C%E1%BB%99ng_s%E1%BA%A3n_Vi%E1%BB%87t_Nam",How many main functions does the Central Policy and Strategy Committee of the Communist Party of Vietnam have?,How many main functions does the Central Policy and Strategy Commission of the Communist Party of Vietnam have?,6,,6,"Quang Anh Nhu, Catherine Arnett",,,
25,Christian Hoang,Quang Anh Nhu,vie_latn,Viet Nam ,Khoa Keangnam là biệt danh của ai?,Trần Đăng Khoa,https://vi.wikipedia.org/wiki/Tr%E1%BA%A7n_%C4%90%C4%83ng_Khoa_(doanh_nh%C3%A2n),Whose nickname is Khoa Keangnam?,“Khoa Keangnam” is the nickname of whom?,Tran Dang Khoa,,Trần Đăng Khoa,"Quang Anh Nhu, Catherine Arnett",,,
26,Truc Tran Trung,Christian Hoang,vie_latn,Viet Nam ,Vợ của Khoa Keangnam là ai?,Nguyễn Thị Minh Hồng,https://vi.wikipedia.org/wiki/Tr%E1%BA%A7n_%C4%90%C4%83ng_Khoa_(doanh_nh%C3%A2n),Who is Khoa Keangnam's wife?,Who is Khoa Keangnam’s wife?,Nguyen Thi Minh Hong,,Nguyễn Thị Minh Hồn,"Christian Hoang, Catherine Arnett",,,
27,Truc Tran Trung,Christian Hoang,vie_latn,Viet Nam ,Ngày tháng năm sinh của Lê Chiêm là ngày mấy?,ngày 1 tháng 1 năm 1958,https://vi.wikipedia.org/wiki/L%C3%AA_Chi%C3%AAm,What is Le Chiem's ​​date of birth?,What is Le Chiem's date of birth?,"January 1, 1958",,"January 1, 1958","Christian Hoang, Catherine Arnett",,,
28,Truc Tran Trung,Christian Hoang,vie_latn,Viet Nam ,Lê Chiêm gia nhập đảng cộng sản Việt Nam vào ngày tháng năm nào?,ngày 22 tháng 2 năm 1980,https://vi.wikipedia.org/wiki/L%C3%AA_Chi%C3%AAm,On what date did Le Chiem join the Communist Party of Vietnam?,On what date did Le Chiem join the Communist Party of Vietnam?,"February 22, 1980",,"February 22, 1980","Christian Hoang, Catherine Arnett",,,
29,Truc Tran Trung,Christian Hoang,vie_latn,Viet Nam ,Tên khai sinh của nghệ sĩ Thanh Anh là gì?,Bùi Anh Phò,https://vi.wikipedia.org/wiki/Thanh_Anh,What is the birth name of artist Thanh Anh?,What is artist Thanh Anh’s birth name?,Bui Anh Pho,,Bùi Anh Phò,"Christian Hoang, Catherine Arnett",,,
30,Truc Tran Trung,Christian Hoang,vie_latn,Viet Nam ,Nghệ sĩ Bùi Anh Phò có khoảng bao nhiêu tác phẩm?,250,https://vi.wikipedia.org/wiki/Thanh_Anh,Approximately how many works does artist Bui Anh Pho have?,Approximately how many works did artist Bùi Anh Phò create?,250,,250,"Christian Hoang, Catherine Arnett",,,
31,Truc Tran Trung,Christian Hoang,vie_latn,Viet Nam/ South Central Coast and Central Highlands,Các tên gọi khác của Duyên hải Nam Trung Bộ và Tây Nguyên là gì?,Nam Trung Bộ,https://vi.wikipedia.org/wiki/Duy%C3%AAn_h%E1%BA%A3i_Nam_Trung_B%E1%BB%99_v%C3%A0_T%C3%A2y_Nguy%C3%AAn,What are other names for the South Central Coast and the Central Highlands?,What are other names for the South Central Coast and the Central Highlands?,South Central Vietnam,,South Central Việt Nam,"Christian Hoang, Catherine Arnett",,,
32,Truc Tran Trung,Christian Hoang,vie_latn,Viet Nam/ South Central Coast and Central Highlands,Duyên hải Nam Trung Bộ và Tây Nguyên nằm trong vùng khí hậu nào?,vùng Nhiệt đới Xavan,https://vi.wikipedia.org/wiki/Duy%C3%AAn_h%E1%BA%A3i_Nam_Trung_B%E1%BB%99_v%C3%A0_T%C3%A2y_Nguy%C3%AAn,In which climate zone are the South Central Coast and the Central Highlands located?,Which climate zone are the South Central Coast and the Central Highlands located?,Tropical Savanna,,Tropical Savanna,"Christian Hoang, Catherine Arnett",,,
33,Truc Tran Trung,Christian Hoang,vie_latn,Viet Nam/ Tay Ninh,Xã Thạnh Bình cách phường Tân Ninh khoảng bao nhiêu km?,35,"https://vi.wikipedia.org/wiki/Th%E1%BA%A1nh_B%C3%ACnh,_T%C3%A2y_Ninh",How many kilometers is Thanh Binh commune from Tan Ninh ward?,Approximately kilometers far is Thạnh Bình Commune from Tân Ninh Ward?,35,,35,"Christian Hoang, Catherine Arnett",,,
34,Truc Tran Trung,Christian Hoang,vie_latn,Viet Nam/ Tay Ninh,Xã Thạnh Bình có diện tích bao nhiêu km² vào năm 2026?,"174,92 ","https://vi.wikipedia.org/wiki/Th%E1%BA%A1nh_B%C3%ACnh,_T%C3%A2y_Ninh",What is the area of ​​Thanh Binh commune in km² in 2026?,What was the kilometers square of Thạnh Bình Commune in 2026?,174.92,,174.92,"Christian Hoang, Catherine Arnett",,,
35,Truc Tran Trung,Christian Hoang,vie_latn,Viet Nam ,Hoa hậu Thanh Khoa tốt nghiệp tại trường nào?,Trường Đại học Công nghệ Thành phố Hồ Chí Minh,https://vi.wikipedia.org/wiki/Nguy%E1%BB%85n_Th%E1%BB%8B_Thanh_Khoa,Which school did Miss Thanh Khoa graduate from?,Which university did Miss Thanh Khoa graduate from?,Ho Chi Minh City University of Technology,,Ho Chi Minh City University of Technology,"Christian Hoang, Catherine Arnett",,,
36,Truc Tran Trung,Christian Hoang,vie_latn,Viet Nam ,Đặng Quang Thắng đóng vai gì trong chương trình Gặp nhau cuối năm?,Táo kinh tế,https://vi.wikipedia.org/wiki/Quang_Th%E1%BA%AFng,"What role did Dang Quang Thang play in the ""Meeting at the End of the Year"" program?",What role did Dang Quang Thang play in the Gặp nhau cuối năm program?,Economic apples,,The God of Economy,"Christian Hoang, Catherine Arnett",,,
37,Truc Tran Trung,Christian Hoang,vie_latn,Viet Nam ,Diễn viên - nghệ sĩ hài Quang Thắng sinh tại đâu?,Hải Phòng,https://vi.wikipedia.org/wiki/Quang_Th%E1%BA%AFng,Where was actor and comedian Quang Thắng born?,Where was the Vietnamese actor and comedian Quang Thang born?,Hai Phong,,Hải Phòng,"Christian Hoang, Catherine Arnett",,,
38,Truc Tran Trung,Christian Hoang,vie_latn,Viet Nam ,Ai đạt giải Best Fashion Face tại Elite Model Look năm 2014?,Nguyễn Thị Thanh Khoa,https://vi.wikipedia.org/wiki/Nguy%E1%BB%85n_Th%E1%BB%8B_Thanh_Khoa,Who won the Best Fashion Face award at Elite Model Look 2014?,Who won the Best Fashion Face award at Elite Model Look in 2014?,Nguyen Thi Thanh Khoa,,Nguyễn Thị Thanh Khoa,"Christian Hoang, Catherine Arnett",,,
39,Truc Tran Trung,Christian Hoang,vie_latn,Viet Nam ,Địa chỉ cụ thể tổ chức án lệ 17/2018/AL là gì?,"11 Tôn Đức Thắng, phường Phú Nhuận, thành phố Huế",https://vi.wikipedia.org/wiki/%C3%81n_l%E1%BB%87_17/2018/AL,What is the specific address of the organization that issued case law 17/2018/AL?,What is the exact address of the organization involved in Case Law No. 17/2018/AL?,"11 Ton Duc Thang Street, Phu Nhuan Ward, Hue City",,"11 Tôn Đức Thắng Street, Phú Nhuận Ward, Huế City","Christian Hoang, Catherine Arnett",,,
40,Truc Tran Trung,Christian Hoang,vie_latn,Viet Nam ,Sự việc xảy ra trong án lệ 17/2018/AL bắt đầu khi nào?,Khoảng tám giờ ngày 13 tháng 1 năm 2015,https://vi.wikipedia.org/wiki/%C3%81n_l%E1%BB%87_17/2018/AL,When did the events described in case law 17/2018/AL begin?,When did the incident in Case Law No. 17/2018/AL begin?,"Around eight o'clock on January 13, 2015",,"At around 8:00 a.m. on January 13, 2015","Christian Hoang, Catherine Arnett",,,
41,Truc Tran Trung,Christian Hoang,vie_latn,Viet Nam ,Tường lửa là phiên bản Việt của chương trình nào?,The Wall của NBC (Mỹ),https://vi.wikipedia.org/wiki/T%C6%B0%E1%BB%9Dng_l%E1%BB%ADa_(tr%C3%B2_ch%C6%A1i_truy%E1%BB%81n_h%C3%ACnh),What program is Firewall the Vietnamese version of?,"What program is Tường lửa"" the Vietnamese version of?","The Wall, NBC (USA)",,NBC's The Wall,"Christian Hoang, Catherine Arnett",,,
42,Truc Tran Trung,Christian Hoang,vie_latn,Viet Nam ,Tường lửa bắt đầu phát sóng trên VTV3 vào ngày nào?,Ngày 18 tháng 7 năm 2019,https://vi.wikipedia.org/wiki/T%C6%B0%E1%BB%9Dng_l%E1%BB%ADa_(tr%C3%B2_ch%C6%A1i_truy%E1%BB%81n_h%C3%ACnh),When did The Firewall start airing on VTV3?,When did Tường lửa begin airing on VTV3?,"July 18, 2019",,"July 18,2019","Christian Hoang, Catherine Arnett",,,
43,Truc Tran Trung,Christian Hoang,vie_latn,Viet Nam ,Người sáng lập của Base.vn là ai?,Phạm Kim Hùng,https://vi.wikipedia.org/wiki/Base.vn,Who is the founder of Base.vn?,Who founded Base.vn?,Pham Kim Hung,,Phạm Kim Hùng,"Christian Hoang, Catherine Arnett",,,
44,Truc Tran Trung,Christian Hoang,vie_latn,Viet Nam ,Base.vn được thành lập khi nào?,Tháng 8 năm 2016,https://vi.wikipedia.org/wiki/Base.vn,When was Base.vn founded?,When was Base.vn founded?,August 2016,,August 2016,"Christian Hoang, Catherine Arnett",,,
45,Truc Tran Trung,Christian Hoang,vie_latn,Viet Nam/ Can Tho,Viện Đại học Cần Thơ được sáng lập vào năm nào?,1966,https://vi.wikipedia.org/wiki/Vi%E1%BB%87n_%C4%90%E1%BA%A1i_h%E1%BB%8Dc_C%E1%BA%A7n_Th%C6%A1,When was Can Tho University founded?,In what year was Can Tho University Institute founded?,1966,,1966,"Christian Hoang, Catherine Arnett",,,
46,Truc Tran Trung,Christian Hoang,vie_latn,Viet Nam ,Nguyễn Thiện Thành sinh ngày nào? ,30 tháng 9 năm 1919,https://vi.wikipedia.org/wiki/Nguy%E1%BB%85n_Thi%E1%BB%87n_Th%C3%A0nh,When was Nguyen Thien Thanh born?,On what date was Nguyen Thien Thanh born?,"September 30, 1919",,"September 30, 1919","Christian Hoang, Catherine Arnett",,,
47,Truc Tran Trung,Christian Hoang,vie_latn,Viet Nam ,Gia đình Nguyễn Thiện Thành có bao nhiêu anh chị em? ,9,https://vi.wikipedia.org/wiki/Nguy%E1%BB%85n_Thi%E1%BB%87n_Th%C3%A0nh,How many siblings does Nguyen Thien Thanh's family have?,How many siblings did Nguyen Thien Thanh have?,9,,9,"Christian Hoang, Catherine Arnett",,,
48,Truc Tran Trung,Christian Hoang,vie_latn,Viet Nam/ Can Tho,Số sinh viên học tại viện Đại học Cần Thơ niên học 1967-68 là bao nhiêu?,1.396,https://vi.wikipedia.org/wiki/Vi%E1%BB%87n_%C4%90%E1%BA%A1i_h%E1%BB%8Dc_C%E1%BA%A7n_Th%C6%A1,How many students studied at Can Tho University during the 1967-68 academic year?,How many students attended Can Tho University Institute during the 1967–68 academic year?,"1,396",,"1,396","Christian Hoang, Catherine Arnett",,,
49,Truc Tran Trung,Christian Hoang,vie_latn,Viet Nam ,"Năm 2026, chỉ huy của Trung đoàn 141, Sư đoàn 3 là ai?",Trung tá Trần Lê Thái,"https://vi.wikipedia.org/wiki/Trung_%C4%91o%C3%A0n_141,_S%C6%B0_%C4%91o%C3%A0n_3,_Qu%C3%A2n_%C4%91%E1%BB%99i_nh%C3%A2n_d%C3%A2n_Vi%E1%BB%87t_Nam","In 2026, who will be the commander of the 141st Regiment, 3rd Division?",Who commanded Regiment 141 of Division 3 in 2026?,Lieutenant Colonel Tran Le Thai,,Lieutenant Colonel Trần Lê Thái,"Christian Hoang, Catherine Arnett",,,
50,Truc Tran Trung,Christian Hoang,vie_latn,Viet Nam ,"Quy mô của Trung đoàn 141, Sư đoàn 3 là bao nhiêu?",3000,"https://vi.wikipedia.org/wiki/Trung_%C4%91o%C3%A0n_141,_S%C6%B0_%C4%91o%C3%A0n_3,_Qu%C3%A2n_%C4%91%E1%BB%99i_nh%C3%A2n_d%C3%A2n_Vi%E1%BB%87t_Nam","What is the size of the 141st Regiment, 3rd Division?",What was the size of Regiment 141 of Division 3?,3000,,"3,000","Christian Hoang, Catherine Arnett",,,
51,Trung Khai Hoang,Christian Hoang,vie_latn,Viet Nam ,"Album ""Đại lộ đón gió"" thuộc dòng nhạc chính nào?",Alternative rock,https://vi.wikipedia.org/wiki/%C4%90%E1%BA%A1i_l%E1%BB%99_%C4%91%C3%B3n_gi%C3%B3,"What genre does the album ""Boulevard of Winds"" belong to?","What genre does the album ""Đại Lộ Đón Gió"" belong to?",Alternative rock,,Alternative rock,"Christian Hoang, Catherine Arnett",,,
52,Trung Khai Hoang,Christian Hoang,vie_latn,Viet Nam ,"Nhạc sĩ nào đã sáng tác ca khúc chủ đề của album ""Đại lộ đón gió""?",Đức Tiến,https://vi.wikipedia.org/wiki/%C4%90%E1%BA%A1i_l%E1%BB%99_%C4%91%C3%B3n_gi%C3%B3,"Which musician composed the title track of the album ""Boulevard Welcoming the Wind""?","Which Vietnamese musician composed the title track of the ""Đại Lộ Đón Gió""?",Duc Tien,,Đức Tiến,"Christian Hoang, Catherine Arnett",,,
53,Trung Khai Hoang,Christian Hoang,vie_latn,Viet Nam ,Sách Khi đồng minh tháo chạy có bao nhiêu trang?,705,https://vi.wikipedia.org/wiki/Khi_%C4%91%E1%BB%93ng_minh_th%C3%A1o_ch%E1%BA%A1y,"How many pages does the book ""When the Allies Fled"" have?",How many pages does the book “Khi đồng minh tháo chạy” have?,705,,705,"Christian Hoang, Catherine Arnett",,,
54,Trung Khai Hoang,Christian Hoang,vie_latn,Viet Nam ,Sách Khi đồng minh tháo chạy có bao nhiêu chương?,20,https://vi.wikipedia.org/wiki/Khi_%C4%91%E1%BB%93ng_minh_th%C3%A1o_ch%E1%BA%A1y,"How many chapters does the book ""When the Allies Fled"" have?",How many chapters does the book “Khi đồng minh tháo chạy” have?,20,,20,"Christian Hoang, Catherine Arnett",,,
55,Trung Khai Hoang,Christian Hoang,vie_latn,Viet Nam ,Nguyễn Hoài Anh làm Chủ tịch Ủy ban nhân dân tỉnh Thanh Hóa bao lâu?,305 ngày,https://vi.wikipedia.org/wiki/Nguy%E1%BB%85n_Ho%C3%A0i_Anh_(ch%C3%ADnh_kh%C3%A1ch),How long did Nguyen Hoai Anh serve as Chairman of the People's Committee of Thanh Hoa province?,How long did Nguyễn Hoài Anh serve as Chair of the Thanh Hóa Provincial People’s Committee?,305 days,,305 days,"Christian Hoang, Catherine Arnett",,,
56,Trung Khai Hoang,Christian Hoang,vie_latn,Viet Nam ,Triều đại nào ban hành Luật Hồng Đức?,Nhà Lê sơ,https://vi.wikipedia.org/wiki/Ch%E1%BA%BF_%C4%91%E1%BB%8Bnh_tr%C3%A1ch_nhi%E1%BB%87m_d%C3%A2n_s%E1%BB%B1_(Lu%E1%BA%ADt_H%E1%BB%93ng_%C4%90%E1%BB%A9c),Which dynasty promulgated the Hong Duc Law?,Which dynasty promulgated the Hong Duc Law?,Early Le Dynasty,,Early Lê Dynasty,"Christian Hoang, Catherine Arnett",,,
57,Trung Khai Hoang,Christian Hoang,vie_latn,Viet Nam ,Nguyễn Hoài Anh làm Bí thư Tỉnh ủy Bình Thuận bao lâu?,"1 năm, 93 ngày",https://vi.wikipedia.org/wiki/Nguy%E1%BB%85n_Ho%C3%A0i_Anh_(ch%C3%ADnh_kh%C3%A1ch),How long did Nguyen Hoai Anh serve as Secretary of the Binh Thuan Provincial Party Committee?,How long did Nguyễn Hoài Anh serve as Secretary of the Bình Thuận Provincial Party Committee?,"1 year, 93 days",,1 year and 93 days,"Christian Hoang, Catherine Arnett",,,
58,Trung Khai Hoang,Christian Hoang,vie_latn,Viet Nam ,Luật Hồng Đức còn được gọi bằng tên nào khác?,Quốc Triều Hình Luật,https://vi.wikipedia.org/wiki/Ch%E1%BA%BF_%C4%91%E1%BB%8Bnh_tr%C3%A1ch_nhi%E1%BB%87m_d%C3%A2n_s%E1%BB%B1_(Lu%E1%BA%ADt_H%E1%BB%93ng_%C4%90%E1%BB%A9c),What year was Pham Gia Trieu born?,What other names is the Hong Duc Law known by?,National Penal Code,,Quốc triều hình luật,"Christian Hoang, Catherine Arnett",,,
59,Trung Khai Hoang,Christian Hoang,vie_latn,Viet Nam/ Ha Noi,Phùng Thị Hồng Hà làm Chủ tịch Hội đồng nhân dân thành phố nào?,Hà Nội,https://vi.wikipedia.org/wiki/Ph%C3%B9ng_Th%E1%BB%8B_H%E1%BB%93ng_H%C3%A0,In which city does Phùng Thị Hồng Hà serve as the Chairperson of the People's Council?,Of which city’s People’s Council is Phùng Thị Hồng Hà the Chair?,Hanoi,,Hanoi,"Christian Hoang, Catherine Arnett",,,
60,Trung Khai Hoang,Christian Hoang,vie_latn,Viet Nam/ Ha Noi,Phùng Thị Hồng Hà làm Phó Bí thư Thành ủy ở đâu?,Hà Nội,https://vi.wikipedia.org/wiki/Ph%C3%B9ng_Th%E1%BB%8B_H%E1%BB%93ng_H%C3%A0,Where does Phung Thi Hong Ha serve as Deputy Secretary of the City Party Committee?,Where did Phùng Thị Hồng Hà serve as Deputy Secretary of the municipal Party Committee?,Hanoi,,Hanoi,"Christian Hoang, Catherine Arnett",,,
61,Trung Khai Hoang,Christian Hoang,vie_latn,Viet Nam ,Phạm Gia Triệu sinh năm nào?,1918,https://vi.wikipedia.org/wiki/Ph%E1%BA%A1m_Gia_Tri%E1%BB%87u,What year was Pham Gia Trieu born?,Pham Gia Trieu was born in which year?,1918,,1918,"Quang Anh Nhu, Catherine Arnett",,,
62,Trung Khai Hoang,Christian Hoang,vie_latn,Viet Nam ,Chức vụ đầu tiên của Phạm Gia Triệu trong quân y là gì?,Trưởng ban Quân y Đông Triều,https://vi.wikipedia.org/wiki/Ph%E1%BA%A1m_Gia_Tri%E1%BB%87u,What was Pham Gia Trieu's first position in the military medical corps?,What was Pham Gia Trieu’s first position in the military medical service?,Head of the Military Medical Department of Dong Trieu,,Head of the Military Medical Department of Dong Trieu,"Christian Hoang, Catherine Arnett",,,
63,Trung Khai Hoang,Christian Hoang,vie_latn,Viet Nam ,"Năm 2012, ca sĩ Hoàng Thục Linh hợp tác với hãng đĩa nào?",Vân Sơn,https://vi.wikipedia.org/wiki/Ho%C3%A0ng_Th%E1%BB%A5c_Linh,"In 2012, which record label did singer Hoang Thuc Linh collaborate with?",Which record label did singer Hoàng Thục Linh work with in 2012?,Van Son,,Vân Sơn,"Christian Hoang, Catherine Arnett",,,
64,Trung Khai Hoang,Christian Hoang,vie_latn,Viet Nam ,"Năm 2014, ca sĩ Hoàng Thục Linh hợp tác với hãng đĩa nào?", Asia ,https://vi.wikipedia.org/wiki/Ho%C3%A0ng_Th%E1%BB%A5c_Linh,"In 2014, which record label did singer Hoang Thuc Linh collaborate with?",Which record label did singer Hoàng Thục Linh work with in 2014?,Asia,,Asia,"Christian Hoang, Catherine Arnett",,,
65,Trung Khai Hoang,Christian Hoang,vie_latn,Viet Nam ,Địa chỉ chi tiết của Trường Cao đẳng Công nghệ cao Đồng An là gì?,"Số 90 Đường 30 tháng 4, Khu phố Hiệp Thắng, phường Đông Hòa, Thành phố Hồ Chí Minh",https://vi.wikipedia.org/wiki/Tr%C6%B0%E1%BB%9Dng_Cao_%C4%91%E1%BA%B3ng_ngh%E1%BB%81_%C4%90%E1%BB%93ng_An,What is the detailed address of Dong An High-Tech College?,What is the full address of Đồng An High Technology College?,"No. 90, 30th April Street, Hiep Thang Quarter, Dong Hoa Ward, Ho Chi Minh City",,"90 April 30 Street, Hiệp Thắng Quarter, Đông Hòa Ward, Ho Chi Minh City","Christian Hoang, Catherine Arnett",,,
66,Trung Khai Hoang,Christian Hoang,vie_latn,Viet Nam ,Ai là Phó Bí thư Thành ủy TP.HCM kiêm Chủ tịch HĐND TP.HCM từ năm 2011 đến 2018?,Nguyễn Thị Quyết Tâm,https://vi.wikipedia.org/wiki/Nguy%E1%BB%85n_Th%E1%BB%8B_Quy%E1%BA%BFt_T%C3%A2m,Who served as Deputy Secretary of the Ho Chi Minh City Party Committee and Chairman of the Ho Chi Minh City People's Council from 2011 to 2018?,Who served as Deputy Secretary of the Ho Chi Minh City Party Committee and concurrently Chairwoman of the Ho Chi Minh City People’s Council from 2011 to 2018?,Nguyen Thi Quyet Tam,,Nguyễn Thị Quyết Tâm,"Christian Hoang, Catherine Arnett",,,
67,Trung Khai Hoang,Christian Hoang,vie_latn,Viet Nam ,Khi nào Trường Cao đẳng Công nghệ cao Đồng An thành lập?,7 tháng 5 năm 2008,https://vi.wikipedia.org/wiki/Tr%C6%B0%E1%BB%9Dng_Cao_%C4%91%E1%BA%B3ng_ngh%E1%BB%81_%C4%90%E1%BB%93ng_An,When was Dong An High-Tech College established?,When was Đồng An High Technology College established?,"May 7, 2008",,"May 7, 2008","Christian Hoang, Catherine Arnett",,,
68,Trung Khai Hoang,Christian Hoang,vie_latn,Viet Nam ,Tên thật của ca sĩ Phạm Khánh Hưng là gì?,Phạm Quốc Hưng ,https://vi.wikipedia.org/wiki/Ph%E1%BA%A1m_Kh%C3%A1nh_H%C6%B0ng,What is the real name of singer Pham Khanh Hung?,What is singer Phạm Khánh Hưng’s real name?,Pham Quoc Hung,,Phạm Quốc Hưng,"Christian Hoang, Catherine Arnett",,,
69,Trung Khai Hoang,Christian Hoang,vie_latn,Viet Nam ,Nguyễn Thị Quyết Tâm là Ủy viên Ban Thường vụ Thành ủy TP.HCM từ năm nào?,2006,https://vi.wikipedia.org/wiki/Nguy%E1%BB%85n_Th%E1%BB%8B_Quy%E1%BA%BFt_T%C3%A2m,Since when has Nguyen Thi Quyet Tam been a member of the Standing Committee of the Ho Chi Minh City Party Committee?,Since when has Nguyen Thi Quyet Tam been a member of the Standing Committee of the Ho Chi Minh City Party Committee?,2006,,2006,"Christian Hoang, Catherine Arnett",,,
70,Trung Khai Hoang,Christian Hoang,vie_latn,Viet Nam ,Ca sĩ Phạm Khánh Hưng bắt đầu hoạt động khi nào?,2004,https://vi.wikipedia.org/wiki/Ph%E1%BA%A1m_Kh%C3%A1nh_H%C6%B0ng,When did singer Pham Khanh Hung begin his career?,When did singer Phạm Khánh Hưng begin his career?,2004,,2004,"Christian Hoang, Catherine Arnett",,,
71,Trung Khai Hoang,Christian Hoang,vie_latn,Viet Nam/ Ho Chi Minh,"Ban đầu, bảo tàng Tôn Đức Thắng có tên là gì?",Nhà trưng bày cuộc đời và sự nghiệp Chủ tịch Tôn Đức Thắng,https://vi.wikipedia.org/wiki/B%E1%BA%A3o_t%C3%A0ng_T%C3%B4n_%C4%90%E1%BB%A9c_Th%E1%BA%AFng,What was the original name of the Ton Duc Thang Museum?,What was the Tôn Đức Thắng Museum originally called?,The exhibition hall showcasing the life and career of President Ton Duc Thang.,,Exhibition House on the Life and Career of President Tôn Đức Thắng,"Christian Hoang, Catherine Arnett",,,
72,Trung Khai Hoang,Christian Hoang,vie_latn,Viet Nam/ Ho Chi Minh,"Tuyển tập ảnh ""Hiện vật về Chủ tịch Tôn Đức Thắng"" bao gồm bao nhiêu ảnh?",74,https://vi.wikipedia.org/wiki/B%E1%BA%A3o_t%C3%A0ng_T%C3%B4n_%C4%90%E1%BB%A9c_Th%E1%BA%AFng,"How many photos are included in the photo collection ""Artifacts related to President Ton Duc Thang""?",How many photographs are included in the collection “Artifacts of President Tôn Đức Thắng”?,74,,74,"Christian Hoang, Catherine Arnett",,,
73,Trung Khai Hoang,Christian Hoang,vie_latn,Viet Nam ,Thân phụ của tác giả Hoàng Nguyễn Thự là ai?,Hoàng Đình Hân,https://vi.wikipedia.org/wiki/Ho%C3%A0ng_Nguy%E1%BB%85n_Th%E1%BB%B1,Who was the father of author Hoang Nguyen Thu?,Who was the father of author Hoàng Nguyễn Thự?,Hoang Dinh Han,,Hoàng Đình Hân,"Christian Hoang, Catherine Arnett",,,
74,Trung Khai Hoang,Christian Hoang,vie_latn,Viet Nam ,Án lệ 54/2022/AL là án lệ thứ mấy về hôn nhân và gia đình?,Thứ ba,https://vi.wikipedia.org/wiki/%C3%81n_l%E1%BB%87_54/2022/AL,Case Law 54/2022/AL is the ______ case law concerning marriage and family.,Which number is Precedent No. 54/2022/AL among the precedents on marriage and family law?,Tuesday,,3rd,"Christian Hoang, Catherine Arnett",,,
75,Trung Khai Hoang,Christian Hoang,vie_latn,Viet Nam ,"Trong án lệ 54/2022/AL, vụ án ly hôn xảy ra tại đâu?","Xã Ea Kênh, Huyện Krông Pắc, Tỉnh Đắk Lắk",https://vi.wikipedia.org/wiki/%C3%81n_l%E1%BB%87_54/2022/AL,"In case 54/2022/AL, where did the divorce case take place?",Where did the divorce case in Precedent No. 54/2022/AL take place?,"Ea Kênh Commune, Krông Pắc District, Đắk Lắk Province",,"Ea Kênh Commune, Krông Pắc District, Đắk Lắk Province","Christian Hoang, Catherine Arnett",,,
76,Trung Khai Hoang,Christian Hoang,vie_latn,Viet Nam ,"Đạo diễn của bộ phim ""Vòng xoáy tình yêu"" là ai?",Vũ Trường Khoa và Trần Quang Đại,https://vi.wikipedia.org/wiki/V%C3%B2ng_xo%C3%A1y_t%C3%ACnh_y%C3%AAu,"Who is the director of the film ""The Whirlwind of Love""?","Who directed the Vietnamese television series ""Vòng xoáy tình yêu""?",Vu Truong Khoa and Tran Quang Dai,,Vũ Trường Khoa and Trần Quang Đại,"Christian Hoang, Catherine Arnett",,,
77,Kiet Le,Quang Anh Nhu,vie_latn,Vietnam,"Bộ phim truyền hình Việt Nam ""Vòng xoáy tình yêu"" (2005) được mua kịch bản chuyển thể từ bộ phim nào của Thái Lan?",Mia Jum Pen,https://vi.wikipedia.org/wiki/V%C3%B2ng_xo%C3%A1y_t%C3%ACnh_y%C3%AAu,"The Vietnamese television series ""The Whirlwind of Love"" (2005) was adapted from which Thai film?","Which Thai television drama was the 2005 Vietnamese series ""Vòng xoáy tình yêu"" adapted from?",Mia Jump Pen,,Mia Jum Pen,"Quang Anh Nhu, Catherine Arnett",,,
78,Kiet Le,Quang Anh Nhu,vie_latn,Vietnam,Quốc tịch của tác giả Hoàng Nguyễn Thự là gì?,Đại Việt,https://vi.wikipedia.org/wiki/Ho%C3%A0ng_Nguy%E1%BB%85n_Th%E1%BB%B1,What is the nationality of the author Hoang Nguyen Thu?,What was author Hoàng Nguyễn Thự’s nationality?,Dai Viet,,Đại Việt,"Quang Anh Nhu, Catherine Arnett",,,
79,Kiet Le,Quang Anh Nhu,vie_latn,Vietnam,Khu bảo tồn thiên nhiên Kon Chư Răng có tổng diện tích bao nhiêu ha?,"71,900",https://vi.wikipedia.org/wiki/Khu_b%E1%BA%A3o_t%E1%BB%93n_thi%C3%AAn_nhi%C3%AAn_Kon_Ch%C6%B0_R%C4%83ng,What is the total area of ​​the Kon Chư Răng Nature Reserve in hectares?,What is the total hectares of Kon Chư Răng Nature Reserve?,"71,900",,"71,900","Quang Anh Nhu, Catherine Arnett",,,
80,Kiet Le,Quang Anh Nhu,vie_latn,Vietnam,Khu bảo tồn thiên nhiên Kon Chư Răng nằm toàn bộ trên cao nguyên nào?,Kon Hà Nừng,https://vi.wikipedia.org/wiki/Khu_b%E1%BA%A3o_t%E1%BB%93n_thi%C3%AAn_nhi%C3%AAn_Kon_Ch%C6%B0_R%C4%83ng,On which plateau is the Kon Chư Răng Nature Reserve located entirely?,On which plateau is Kon Chư Răng Nature Reserve located entirely?,Kon Ha Nung,,Kon Hà Nừng Plateau,"Quang Anh Nhu, Catherine Arnett",,,
81,Kiet Le,Quang Anh Nhu,vie_latn,Vietnam,Nhóm nhạc nam V-pop Uprize chính thức ra mắt công chúng tại thành phố nào của Việt Nam vào năm 2026?,Thành phố Hồ Chí Minh,https://vi.wikipedia.org/wiki/Uprize,In which Vietnamese city will the V-pop boy band Uprize officially debut in 2026?,In which Vietnamese city did the V-pop boy band Uprize officially debut to the public in 2026?,Ho Chi Minh City,,Hồ Chí Minh City,"Quang Anh Nhu, Catherine Arnett",,,
82,Kiet Le,Quang Anh Nhu,vie_latn,Vietnam,Tên cộng đồng người hâm mộ (fandom) của nhóm nhạc Việt Nam Uprize là gì?,RIZER,https://vi.wikipedia.org/wiki/Uprize,What is the name of the fandom of the Vietnamese music group Uprize?,What is the name of the fandom of the Vietnamese boy band Uprize?,RIZER,,RIZER,"Quang Anh Nhu, Catherine Arnett",,,
83,Kiet Le,Quang Anh Nhu,vie_latn,Vietnam/ Thanh Hoa,Quê của nhạc sĩ Lê Tịnh là gì?,Đông Sơn - Thanh Hóa,https://vi.wikipedia.org/wiki/L%C3%AA_T%E1%BB%8Bnh,What is the hometown of musician Le Tinh?,Where was composer Lê Tịnh from?,Dong Son - Thanh Hoa,,Đông Sơn - Thanh Hóa,"Quang Anh Nhu, Catherine Arnett",,,
84,Kiet Le,Quang Anh Nhu,vie_latn,Vietnam/ Thanh Hoa,Thời gian đầu nhạc sĩ Lê Tịnh hoạt động ở khu vực nào?,Tây Bắc,https://vi.wikipedia.org/wiki/L%C3%AA_T%E1%BB%8Bnh,In which region did composer Le Tinh initially work?,In which region was composer Lê Tịnh active early in his career?,Northwest,,Northwestern Vietnam,"Quang Anh Nhu, Catherine Arnett",,,
85,Kiet Le,Quang Anh Nhu,vie_latn,Vietnam,Đạo diễn phim Vẫn có em bên đời là ai? ,Võ Việt Hùng ,https://vi.wikipedia.org/wiki/V%E1%BA%ABn_c%C3%B3_em_b%C3%AAn_%C4%91%E1%BB%9Di,"Who is the director of the film ""I Still Have You By My Side""?",Who directed the film “Vẫn có em bên đời”?,Vo Viet Hung,,Võ Việt Hùng,"Quang Anh Nhu, Catherine Arnett",,,
86,Kiet Le,Quang Anh Nhu,vie_latn,Vietnam,Nữ họa sĩ Văn Dương Thành sinh ra tại tỉnh nào của Việt Nam?,Phú Yên,https://vi.wikipedia.org/wiki/V%C4%83n_D%C6%B0%C6%A1ng_Th%C3%A0nh,In which province of Vietnam was the female artist Van Duong Thanh born?,In which province of Vietnam was female painter Van Duong Thanh born?,Phu Yen,,Phú Yên ,"Quang Anh Nhu, Catherine Arnett",,,
87,Kiet Le,Quang Anh Nhu,vie_latn,Vietnam,Mỗi tập của phim Vẫn có em bên đời dài bao nhiêu?,45 phút,https://vi.wikipedia.org/wiki/V%E1%BA%ABn_c%C3%B3_em_b%C3%AAn_%C4%91%E1%BB%9Di,"How long is each episode of the series ""I Still Have You By My Side""?",How long is each episode of “Vẫn có em bên đời”?,45 minutes,,45 minutes,"Quang Anh Nhu, Catherine Arnett",,,
88,Kiet Le,Quang Anh Nhu,vie_latn,Vietnam,"Tháng 5 năm 2019, họa sĩ Văn Dương Thành đã vẽ tranh trên chiếc khăn lụa dài 2 mét để làm quà tặng quốc gia cho công chúa của nước nào?",Thụy Điển,https://vi.wikipedia.org/wiki/V%C4%83n_D%C6%B0%C6%A1ng_Th%C3%A0nh,"In May 2019, artist Van Duong Thanh painted on a 2-meter-long silk scarf as a national gift for the princess of which country?","In May 2019, artist Van Duong Thanh painted on a 2-meter long silk scarf as a national gift for the princess of which country?",Sweden,,Sweden,"Quang Anh Nhu, Catherine Arnett",,,
89,Kiet Le,Quang Anh Nhu,vie_latn,Vietnam,Ba của Quý ròm dạy ở trường nào?,Họa mi ,https://vi.wikipedia.org/wiki/K%C3%ADnh_v%E1%BA%A1n_hoa_(truy%E1%BB%87n),Which school does Quy Rom's father teach at?,At which school did Quý Ròm’s father teach?,Nightingale,,Họa Mi School,"Quang Anh Nhu, Catherine Arnett",,,
90,Kiet Le,Quang Anh Nhu,vie_latn,Vietnam,Em họ của Quý ròm sống với mẹ ở đâu?,Vũng Tàu,https://vi.wikipedia.org/wiki/K%C3%ADnh_v%E1%BA%A1n_hoa_(truy%E1%BB%87n),Where does Quy Rom's cousin live with his mother?,Where did Quý Ròm’s cousin live with their mother?,Vung Tau,,Vũng Tàu,"Quang Anh Nhu, Catherine Arnett",,,
91,Kiet Le,Quang Anh Nhu,vie_latn,Vietnam,Bí thư Tỉnh ủy Đồng Tháp trong nhiệm kỳ 2015-2020 là ai?,Lê Minh Hoan,https://vi.wikipedia.org/wiki/Th%C6%B0%E1%BB%9Dng_tr%E1%BB%B1c_T%E1%BB%89nh_%E1%BB%A7y_2015%E2%80%932020,Who was the Secretary of the Dong Thap Provincial Party Committee during the 2015-2020 term?,Who was the Secretary of the Dong Thap Provincial Party Committee for the 2015-2020 term?,Le Minh Hoan,,Lê Minh Hoan,"Quang Anh Nhu, Catherine Arnett",,,
92,Kiet Le,Quang Anh Nhu,vie_latn,Vietnam,Ai là Bí thư Thành ủy Hà Nội được bổ nhiệm vào tháng 2 năm 2020?,Vương Đình Huệ,https://vi.wikipedia.org/wiki/Th%C6%B0%E1%BB%9Dng_tr%E1%BB%B1c_T%E1%BB%89nh_%E1%BB%A7y_2015%E2%80%932020,Who was the Secretary of the Hanoi City Party Committee appointed in February 2020?,Who was appointed Secretary of the Hanoi Party Committee in February 2020?,Vuong Dinh Hue,,Vương Đình Huệ,"Quang Anh Nhu, Catherine Arnett",,,
93,Kiet Le,Quang Anh Nhu,vie_latn,Vietnam,Khu di tích chiến thắng Rạch Gầm – Xoài Mút cách phường Mỹ Tho bao nhiêu km?,12,https://vi.wikipedia.org/wiki/Khu_di_t%C3%ADch_chi%E1%BA%BFn_th%E1%BA%AFng_R%E1%BA%A1ch_G%E1%BA%A7m_%E2%80%93_Xo%C3%A0i_M%C3%BAt,How many kilometers is the Rach Gam – Xoai Mut Victory Monument from My Tho ward?,Approximately how kilometers is the Rạch Gầm–Xoài Mút Victory Historical Site from Mỹ Tho Ward?,12,,12,"Quang Anh Nhu, Catherine Arnett",,,
94,Kiet Le,Quang Anh Nhu,vie_latn,Vietnam,Khu di tích chiến thắng Rạch Gầm – Xoài Mút ở tọa độ nào?,"10° 19′ 42.32″ N, 106° 14′ 49.28″ E",https://vi.wikipedia.org/wiki/Khu_di_t%C3%ADch_chi%E1%BA%BFn_th%E1%BA%AFng_R%E1%BA%A1ch_G%E1%BA%A7m_%E2%80%93_Xo%C3%A0i_M%C3%BAt,What are the coordinates of the Rach Gam – Xoai Mut Victory Monument?,What are the coordinates of the Rạch Gầm–Xoài Mút Victory Historical Site?,"10° 19′ 42.32″ N, 106° 14′ 49.28″ E",,"10°19′42.32″N, 106°14′49.28″E","Quang Anh Nhu, Catherine Arnett",,,
95,Kiet Le,Quang Anh Nhu,vie_latn,Vietnam,Ngũ Phụng Tề Phi ở Việt Nam biết đến với sự kiện vào năm bao nhiêu?,1898,https://vi.wikipedia.org/wiki/Ng%C5%A9_Ph%E1%BB%A5ng_T%E1%BB%81_Phi,"In Vietnam, the event known as ""Ngũ Phụng Tề Phi"" (Five Phoenixes Soaring Together) is famously mentioned.","In Vietnam, Ngũ Phụng Tề Phi is associated with an event that occurred in what year?",1898,,1898,"Quang Anh Nhu, Catherine Arnett",,,
96,Kiet Le,Quang Anh Nhu,vie_latn,Vietnam,"Theo giới nghiên cứu ở Việt Nam, Ngũ phụng tề phi có bao nhiêu cách lý giải?",4,https://vi.wikipedia.org/wiki/Ng%C5%A9_Ph%E1%BB%A5ng_T%E1%BB%81_Phi,"According to researchers in Vietnam, how many interpretations are there for the phrase ""Ngũ phụng tề phi"" (Five Phoenixes Soaring Together)?","According to Vietnamese researchers, how many interpretations of Ngũ Phụng Tề Phi are there?",4,,4,"Quang Anh Nhu, Catherine Arnett",,,
97,Kiet Le,Quang Anh Nhu,vie_latn,Vietnam,Người sáng lập Explore Real Asia là ai?,Hoàng Thị Mai,https://vi.wikipedia.org/wiki/Explore_Real_Asia,Who founded Explore Real Asia?,Who founded Explore Real Asia?,Hoang Thi Mai,,Hoàng Thị Mai,"Quang Anh Nhu, Catherine Arnett",,,
98,Kiet Le,Quang Anh Nhu,vie_latn,Vietnam,Mô hình thu dung và phân loại điều trị bệnh nhân COVID-19 được Sở Y tế Thành phố Hồ Chí Minh áp dụng vào tháng 7 năm 2021 được gọi là gì?,Tháp 5 tầng,https://vi.wikipedia.org/wiki/%C4%90%E1%BA%A1i_d%E1%BB%8Bch_COVID-19_t%E1%BA%A1i_Th%C3%A0nh_ph%E1%BB%91_H%E1%BB%93_Ch%C3%AD_Minh,What is the name of the model for admitting and classifying COVID-19 patients applied by the Ho Chi Minh City Department of Health in July 2021?,What was the model for admitting and classifying COVID-19 patients applied by the Ho Chi Minh City Department of Health in July 2021 called?,5-story tower,,5-tier pyramid model,"Quang Anh Nhu, Catherine Arnett","In this case, pyramid is more suitable, look at the shape of the model in this article https://taimuihongtphcm.vn/chuyen-doi-sang-mo-hinh-thap-5-tang-trong-thu-dung-dieu-tri-cac-truong-hop-f0/",,
99,Kiet Le,Quang Anh Nhu,vie_latn,Vietnam,Ca nhiễm COVID-19 đầu tiên ở Thành phố Hồ Chí Minh (cũng là ca đầu tiên tại Việt Nam) vào tháng 1 năm 2020 được điều trị tại bệnh viện nào?,Bệnh viện Chợ Rẫy,https://vi.wikipedia.org/wiki/%C4%90%E1%BA%A1i_d%E1%BB%8Bch_COVID-19_t%E1%BA%A1i_Th%C3%A0nh_ph%E1%BB%91_H%E1%BB%93_Ch%C3%AD_Minh,Which hospital treated the first COVID-19 case in Ho Chi Minh City (also the first in Vietnam) in January 2020?,At which hospital was the first COVID-19 case in Ho Chi Minh City in January 2020 treated?,Cho Ray Hospital,,Chợ Rẫy Hospital,"Quang Anh Nhu, Catherine Arnett",,,
100,Kiet Le,Quang Anh Nhu,vie_latn,Vietnam,Explore Real Asia được thành lập khi nào?,19/12/2006,https://vi.wikipedia.org/wiki/Explore_Real_Asia,When was Explore Real Asia founded?,When was Explore Real Asia founded?,"December 19, 2006",,"December 19, 2006","Quang Anh Nhu, Catherine Arnett",,,
101,Kiet Le,Quang Anh Nhu,vie_latn,Vietnam/ Da Nang,Trường Đại học Kỹ thuật Y - Dược Đà Nẵng được thành lập khi nào?,26/3/1963,https://vi.wikipedia.org/wiki/Tr%C6%B0%E1%BB%9Dng_%C4%90%E1%BA%A1i_h%E1%BB%8Dc_K%E1%BB%B9_thu%E1%BA%ADt_Y_D%C6%B0%E1%BB%A3c_%C4%90%C3%A0_N%E1%BA%B5ng,When was Da Nang University of Medical and Pharmaceutical Technology established?,When was Da Nang University of Medical Technology and Pharmacy established?,"March 26, 1963",,"March 26, 1963","Quang Anh Nhu, Catherine Arnett",,,
102,Lap Hoang,Quang Anh Nhu,vie_latn,Vietnam/ Da Nang,Tên đầu tiên của trường Đại học Kỹ thuật Y - Dược Đà Nẵng  là gì?,Trường Cán bộ Quân - Dân y Trung Trung Bộ,https://vi.wikipedia.org/wiki/Tr%C6%B0%E1%BB%9Dng_%C4%90%E1%BA%A1i_h%E1%BB%8Dc_K%E1%BB%B9_thu%E1%BA%ADt_Y_D%C6%B0%E1%BB%A3c_%C4%90%C3%A0_N%E1%BA%B5ng,What was the original name of Da Nang University of Medical and Pharmaceutical Technology?,What was the original name of Da Nang University of Medical Technology and Pharmacy?,Central Vietnam Military-Civilian Medical Cadre School,,Central Vietnam School for Military and Civilian Medical Personnel,"Quang Anh Nhu, Catherine Arnett",,,
103,Lap Hoang,Quang Anh Nhu,vie_latn,Vietnam/ Phu Tho,Trường Trung học phổ thông Long Châu Sa Phú Thọ thành lập năm bao nhiêu?,1960,https://vi.wikipedia.org/wiki/Danh_s%C3%A1ch_tr%C6%B0%E1%BB%9Dng_trung_h%E1%BB%8Dc_ph%E1%BB%95_th%C3%B4ng_t%E1%BA%A1i_Ph%C3%BA_Th%E1%BB%8D,When was Long Chau Sa High School in Phu Tho established?,In what year was Long Châu Sa High School in Phú Thọ established?,1960,,1960,"Quang Anh Nhu, Catherine Arnett",,,
104,Lap Hoang,Quang Anh Nhu,vie_latn,Vietnam,Giáo sư Vũ Đình Huy sinh tại thành phố nào?,Bắc Ninh,https://vi.wikipedia.org/wiki/V%C5%A9_%C4%90%C3%ACnh_Huy,In which city was Professor Vu Dinh Huy born?,In which city was Professor Vu Dinh Huy born?,Bac Ninh,,Bắc Ninh,"Quang Anh Nhu, Catherine Arnett",,,
105,Lap Hoang,Quang Anh Nhu,vie_latn,Vietnam,Viện Hàn lâm khoa học nào đã bầu Vũ Đình Huy làm Viện sĩ năm 1995?,New York,https://vi.wikipedia.org/wiki/V%C5%A9_%C4%90%C3%ACnh_Huy,Which Academy of Sciences elected Vu Dinh Huy as a member in 1995?,Which Academy of Sciences elected Professor Vu Dinh Huy as an Academician in 1995?,New York,,New York,"Quang Anh Nhu, Catherine Arnett",,,
106,Lap Hoang,Quang Anh Nhu,vie_latn,Vietnam/ Phu Tho,Trường Trung học phổ thông Trung Nghĩa Phú Thọ thành lập năm bao nhiêu?,1984,https://vi.wikipedia.org/wiki/Danh_s%C3%A1ch_tr%C6%B0%E1%BB%9Dng_trung_h%E1%BB%8Dc_ph%E1%BB%95_th%C3%B4ng_t%E1%BA%A1i_Ph%C3%BA_Th%E1%BB%8D,When was Trung Nghia High School in Phu Tho established?,In what year was Trung Nghĩa High School in Phú Thọ established?,1984,,1984,"Quang Anh Nhu, Catherine Arnett",,,
107,Lap Hoang,Quang Anh Nhu,vie_latn,Vietnam,Nhà báo Ngô Quang Châu được ai dìu dắt vào con đường cách mạng?,Lưu Đức Hiểu,https://vi.wikipedia.org/wiki/Ng%C3%B4_Quang_Ch%C3%A2u,Who guided journalist Ngo Quang Chau onto the revolutionary path?,Who guided journalist Ngô Quang Châu into revolutionary activities?,Luu Duc Hieu,,Lưu Đức Hiểu,"Quang Anh Nhu, Catherine Arnett",,,
108,Lap Hoang,Quang Anh Nhu,vie_latn,Vietnam,Quê của vợ nhà báo Ngô Quang Châu ở đâu?,Hà Nam,https://vi.wikipedia.org/wiki/Ng%C3%B4_Quang_Ch%C3%A2u,Where is journalist Ngo Quang Chau's wife from?,Where was journalist Ngô Quang Châu’s wife from?,Ha Nam,,Hà Nam,"Quang Anh Nhu, Catherine Arnett",,,
109,Lap Hoang,Quang Anh Nhu,vie_latn,Vietnam,Các học sinh tiêu biểu của trường THPT chuyên Hùng Vương Gia Lai thường xuyên góp mặt và đạt thành tích cao tại sân chơi truyền hình nào?,Đường lên đỉnh Olympia,"https://vi.wikipedia.org/wiki/Tr%C6%B0%E1%BB%9Dng_Trung_h%E1%BB%8Dc_ph%E1%BB%95_th%C3%B4ng_chuy%C3%AAn_H%C3%B9ng_V%C6%B0%C6%A1ng,_Gia_Lai",Which television competition do the outstanding students of Hung Vuong Specialized High School in Gia Lai frequently participate in and achieve high results in?,Which television competition have outstanding students from Hung Vuong Gifted High School in Gia Lai participated in?,Road to Olympia,,Road to Olympia,"Quang Anh Nhu, Catherine Arnett",,,
110,Lap Hoang,Quang Anh Nhu,vie_latn,Vietnam,Ai của trường THPT chuyên Hùng Vương giành giải nhất quý tại Olympia năm thứ 24 (2024)?,Nguyễn Quốc Nhật Minh,"https://vi.wikipedia.org/wiki/Tr%C6%B0%E1%BB%9Dng_Trung_h%E1%BB%8Dc_ph%E1%BB%95_th%C3%B4ng_chuy%C3%AAn_H%C3%B9ng_V%C6%B0%C6%A1ng,_Gia_Lai",Who from Hung Vuong Specialized High School won first prize in the quarterly round of Olympia in its 24th year (2024)?,Which student from Hung Vuong Gifted High School in Gia Lai won the Quarter Final of Olympia Season 24 (2024)?,Nguyen Quoc Nhat Minh,,Nguyễn Quốc Nhật Minh,"Quang Anh Nhu, Catherine Arnett",,,
111,Lap Hoang,Quang Anh Nhu,vie_latn,Vietnam,Tên tiếng Pháp của trường Mỹ thuật Đông Dương khi thành lập là gì?,École Supérieure des Beaux-Arts de l'Indochine,"https://vi.wikipedia.org/wiki/Tr%C6%B0%E1%BB%9Dng_Cao_%C4%91%E1%BA%B3ng_M%E1%BB%B9_thu%E1%BA%ADt_%C4%90%C3%B4ng_D%C6%B0%C6%A1ng,_Vi%E1%BB%87n_%C4%90%E1%BA%A1i_h%E1%BB%8Dc_%C4%90%C3%B4ng_D%C6%B0%C6%A1ng",What was the French name of the Indochina School of Fine Arts when it was founded?,What was the French name of the École des Beaux-Arts de l’Indochine when it was founded?,École Supérieure des Beaux-Arts de l'Indochine,,École Supérieure des Beaux-Arts de l’Indochine,"Quang Anh Nhu, Catherine Arnett",,,
112,Lap Hoang,Quang Anh Nhu,vie_latn,Vietnam,Triển lãm thuộc địa tại Paris năm 1931 có bao nhiêu họa sĩ tham gia?,13,"https://vi.wikipedia.org/wiki/Tr%C6%B0%E1%BB%9Dng_Cao_%C4%91%E1%BA%B3ng_M%E1%BB%B9_thu%E1%BA%ADt_%C4%90%C3%B4ng_D%C6%B0%C6%A1ng,_Vi%E1%BB%87n_%C4%90%E1%BA%A1i_h%E1%BB%8Dc_%C4%90%C3%B4ng_D%C6%B0%C6%A1ng",How many artists participated in the 1931 Colonial Exhibition in Paris?,How many painters participated in the 1931 Paris Colonial Exhibition?,13,,13,"Quang Anh Nhu, Catherine Arnett",,,
113,Lap Hoang,Quang Anh Nhu,vie_latn,Vietnam,Đội Á Quân của giải bóng đá tập huấn mùa xuân 1999 là gì?,Công an Hà Nội,https://vi.wikipedia.org/wiki/Gi%E1%BA%A3i_b%C3%B3ng_%C4%91%C3%A1_t%E1%BA%ADp_hu%E1%BA%A5n_m%C3%B9a_xu%C3%A2n_1999,What was the runner-up team in the 1999 spring training football tournament?,Which team finished as runner-up in the 1999 Spring Training Football Tournament?,Hanoi Police,,Công an Hà Nội,"Quang Anh Nhu, Catherine Arnett",,,
114,Lap Hoang,Quang Anh Nhu,vie_latn,Vietnam,Giải bóng đá Vô địch Quốc gia 2008 có tên chính thưc là gì?,Giải bóng đá Vô địch Quốc gia Petro Vietnam Gas 2008 ,https://vi.wikipedia.org/wiki/Gi%E1%BA%A3i_b%C3%B3ng_%C4%91%C3%A1_v%C3%B4_%C4%91%E1%BB%8Bch_qu%E1%BB%91c_gia_2008_(l%E1%BB%8Bch_thi_%C4%91%E1%BA%A5u),What was the official name of the 2008 National Football Championship?,What was the official name of the 2008 Vietnam National Football Championship?,Petro Vietnam Gas National Football Championship 2008,,Petro Vietnam Gas National Football Championship 2008,"Quang Anh Nhu, Catherine Arnett",,,
115,Lap Hoang,Quang Anh Nhu,vie_latn,Vietnam,Hai câu lạc bộ nào thi đấu sớm ở Giải bóng đá Vô địch Quốc gia 2008 để tham dự Cúp châu Á năm 2008?,Bình Dương and Nam Định,https://vi.wikipedia.org/wiki/Gi%E1%BA%A3i_b%C3%B3ng_%C4%91%C3%A1_v%C3%B4_%C4%91%E1%BB%8Bch_qu%E1%BB%91c_gia_2008_(l%E1%BB%8Bch_thi_%C4%91%E1%BA%A5u),Which two clubs played early in the 2008 National Football Championship to qualify for the 2008 Asian Cup?,Which two Vietnam clubs played early matches the 2008 Vietnam National Football Championship to participate in the 2008 AFC Cup?,Binh Duong and Nam Dinh,,Bình Dương and Nam Định,"Quang Anh Nhu, Catherine Arnett",,,
116,Lap Hoang,Quang Anh Nhu,vie_latn,Vietnam,Giải bóng đá tập huấn mùa xuân 1999 có bao nhiêu thẻ vàng?,136,https://vi.wikipedia.org/wiki/Gi%E1%BA%A3i_b%C3%B3ng_%C4%91%C3%A1_t%E1%BA%ADp_hu%E1%BA%A5n_m%C3%B9a_xu%C3%A2n_1999,How many yellow cards were there in the 1999 Spring Training Football Tournament?,How many yellow cards were issued during the 1999 Spring Training Football Tournament?,136,,136,"Quang Anh Nhu, Catherine Arnett",,,
117,Lap Hoang,Quang Anh Nhu,vie_latn,Vietnam,Tên vợ bí thư Lê Hà là ai?,Trần Thị Kim Anh,https://vi.wikipedia.org/wiki/L%C3%AA_H%C3%A0,Who is the name of Secretary Le Ha's wife?,Who was Party Secretary Lê Hà’s wife?,Tran Thi Kim Anh,,Trần Thị Kim Anh,"Quang Anh Nhu, Catherine Arnett",,,
118,Lap Hoang,Quang Anh Nhu,vie_latn,Vietnam,Tên mẹ bí thư Lê Hà là gì?,Lê Thị Muôn,https://vi.wikipedia.org/wiki/L%C3%AA_H%C3%A0,What is the name of Secretary Le Ha's mother?,What was the name of Party Secretary Lê Hà’s mother?,Le Thi Muon,,Lê Thị Muôn,"Quang Anh Nhu, Catherine Arnett",,,
119,Lap Hoang,Quang Anh Nhu,vie_latn,Vietnam,"Nhà thơ nổi tiếng với bài thơ ""Em ơi Hà Nội Phố"" là ai?",Phan Vũ,https://vi.wikipedia.org/wiki/Danh_s%C3%A1ch_nh%C3%A2n_v%E1%BA%ADt_li%C3%AAn_quan_v%E1%BB%9Bi_H%E1%BA%A3i_Ph%C3%B2ng,"Who is the famous poet known for the poem ""Oh, Hanoi Street""?","Who is the poet famous for the poem ""Em Ơi Hà Nội Phố""?",Phan Vu,,Phan Vũ,"Quang Anh Nhu, Catherine Arnett",,,
120,Lap Hoang,Quang Anh Nhu,vie_latn,Vietnam,"Ca sĩ nào được mệnh danh là ""Ông hoàng nhạc sến"" và sinh tại Đồ Sơn?",Ngọc Sơn,https://vi.wikipedia.org/wiki/Danh_s%C3%A1ch_nh%C3%A2n_v%E1%BA%ADt_li%C3%AAn_quan_v%E1%BB%9Bi_H%E1%BA%A3i_Ph%C3%B2ng,"Which singer, dubbed the ""King of sentimental music,"" was born in Do Son?","Which singer was born in Đồ Sơn and is known as the ""King of Sentimental Music""?",Ngoc Son,,Ngọc Sơn,"Quang Anh Nhu, Catherine Arnett",,,
121,Lap Hoang,Quang Anh Nhu,vie_latn,Vietnam,Album nào thắng Giải thưởng Cống hiến cho Album của năm lần 1?,Chat với Mozart,https://vi.wikipedia.org/wiki/Gi%E1%BA%A3i_th%C6%B0%E1%BB%9Fng_C%E1%BB%91ng_hi%E1%BA%BFn_cho_Album_c%E1%BB%A7a_n%C4%83m,Which album won the first Dedication Award for Album of the Year?,Which album won Album of the Year at the first Cống hiến Music Awards?,Chat with Mozart,,Chat với Mozart,"Quang Anh Nhu, Catherine Arnett",,,
122,Lap Hoang,Quang Anh Nhu,vie_latn,Vietnam,Tác giả thắng Giải thưởng Cống hiến cho Album của năm lần 4 là ai?,Đỗ Bảo,https://vi.wikipedia.org/wiki/Gi%E1%BA%A3i_th%C6%B0%E1%BB%9Fng_C%E1%BB%91ng_hi%E1%BA%BFn_cho_Album_c%E1%BB%A7a_n%C4%83m,Who is the author who won the 4th Annual Dedication Award for Album of the Year?,Who won Album of the Year at the fourth Cống hiến Music Awards?,Do Bao,,Đỗ Bảo,"Quang Anh Nhu, Catherine Arnett",,,
123,Lap Hoang,Quang Anh Nhu,vie_latn,Vietnam,Gà Tiên Yên là đặc sản của tỉnh nào?,Quảng Ninh,https://vi.wikipedia.org/wiki/G%C3%A0_Ti%C3%AAn_Y%C3%AAn,Tien Yen chicken is a specialty of which province?,Tiên Yên chicken is a specialty of which Vietnamese province?,Quang Ninh,,Quảng Ninh,"Quang Anh Nhu, Catherine Arnett",,,
124,Lap Hoang,Quang Anh Nhu,vie_latn,Vietnam,TyhD Thùy Dương từng là sinh viên của trung tâm đào tạo nào?,Arena Multimedia,https://vi.wikipedia.org/wiki/TyhD_Th%C3%B9y_D%C6%B0%C6%A1ng,Which training center did Thuy Duong TyhD attend?,Which training center did TyhD Thùy Dương study at?,Arena Multimedia,,Arena Multimedia,"Quang Anh Nhu, Catherine Arnett",,,
125,Lap Hoang,Quang Anh Nhu,vie_latn,Vietnam,TyhD Thùy Dương sinh tại thành phố nào của Việt Nam?,Thành phố Hồ Chí Minh,https://vi.wikipedia.org/wiki/TyhD_Th%C3%B9y_D%C6%B0%C6%A1ng,In which city in Vietnam was TyhD Thùy Dương born?,In which city of Vietnam was TyhD Thùy Dương born?,Ho Chi Minh City,,Hồ Chí Minh City,"Quang Anh Nhu, Catherine Arnett",,,
126,Duc Nghiem,Hoang Ngo,vie_latn,Vietnam,The Tale of Kieu gồm bao nhiêu câu thơ lục bát?,3.254 câu,https://vi.wikipedia.org/wiki/Truy%E1%BB%87n_Ki%E1%BB%81u,How many six-eight syllable verses are there in The Tale of Kieu?,How many luc bat verses does Truyen Kieu consist of?,"3,254 sentences",,"3,254 verses",Duc Nghiem,,,
127,Duc Nghiem,Hoang Ngo,vie_latn,Vietnam,The Tale of Kieu được viết bằng chữ gì?,Chữ Nôm,https://vi.wikipedia.org/wiki/Truy%E1%BB%87n_Ki%E1%BB%81u,In what script was The Tale of Kieu written?,In which script was Truyen Kieu written?,Nom script,,Vietnamese demotic script,Duc Nghiem,,,
128,Duc Nghiem,Hoang Ngo,vie_latn,Vietnam,The Tale of Kieu được viết bởi ai?,Nguyễn Du,https://vi.wikipedia.org/wiki/Truy%E1%BB%87n_Ki%E1%BB%81u,Who wrote The Tale of Kieu?,Who wrote The Tale of Kieu ?,Nguyen Du,,Nguyen Du,Duc Nghiem,,,
129,Duc Nghiem,Hoang Ngo,vie_latn,Vietnam,"Năm 1964, tổ chức nào vinh danh Nguyễn Du là Danh nhân văn hóa thế giới?",Hội đồng Hòa bình thế giới ,https://vi.wikipedia.org/wiki/Nguy%E1%BB%85n_Du,"In 1964, which organization honored Nguyen Du as a World Cultural Figure?","In 1964, which organization honored Nguyen Du as a World Cultural Luminary?",World Peace Council,,World Peace Council,Duc Nghiem,,,
130,Duc Nghiem,Hoang Ngo,vie_latn,Vietnam/Quang Ninh,Vịnh Hạ Long lần đầu được UNESCO công nhận là Di sản thiên nhiên thế giới vào năm nào?,Năm 1994,https://vi.wikipedia.org/wiki/V%E1%BB%8Bnh_H%E1%BA%A1_Long,In what year was Ha Long Bay first recognized by UNESCO as a World Natural Heritage site?,In what year was Ha Long Bay first recognized by UNESCO as a Natural World Heritage Site?,1994,,1994,Duc Nghiem,,,
131,Duc Nghiem,Hoang Ngo,vie_latn,Vietnam/Quang Ninh,Vịnh Hạ Long thuộc tỉnh nào của Việt Nam?,Quảng Ninh,https://vi.wikipedia.org/wiki/V%E1%BB%8Bnh_H%E1%BA%A1_Long,In which province of Vietnam does Ha Long Bay belong?,Which province of Vietnam does Ha Long Bay belong to?,Quang Ninh,,Quang Ninh province,Duc Nghiem,,,
132,Duc Nghiem,Hoang Ngo,vie_latn,Vietnam/Quang Ninh,Vịnh Hạ Long có bao nhiêu hòn đảo?,1.969 hòn đảo,https://vi.wikipedia.org/wiki/V%E1%BB%8Bnh_H%E1%BA%A1_Long,How many islands are there in Ha Long Bay?,How many islands does Ha Long Bay have?,"1,969 islands",,"1,969 islands",Duc Nghiem,,,
133,Duc Nghiem,Hoang Ngo,vie_latn,Vietnam/Quang Binh,Hang Sơn Đoòng nằm ở tỉnh nào của Việt Nam?,Quảng Bình,https://vi.wikipedia.org/wiki/S%C6%A1n_%C4%90o%C3%B2ng,In which province of Vietnam is Son Doong Cave located?,Hang Son Doong cave is located in which province of Vietnam?,Quang Binh,,Quang Binh province,Duc Nghiem,,,
134,Duc Nghiem,Hoang Ngo,vie_latn,Vietnam/Quang Binh,Hang Sơn Đoòng được Guinness công nhận là hang động tự nhiên lớn nhất thế giới vào năm nào?,Năm 2013,https://vi.wikipedia.org/wiki/S%C6%A1n_%C4%90o%C3%B2ng,In what year was Son Doong Cave recognized by Guinness as the world's largest natural cave?,In what year did Guinness officially recognize Son Doong as the world's largest natural cave?,2013,,2013,Duc Nghiem,,,
135,Duc Nghiem,Hoang Ngo,vie_latn,Vietnam/Quang Binh,Ai là người địa phương đầu tiên phát hiện ra hang Sơn Đoòng?,Hồ Khanh,https://vi.wikipedia.org/wiki/S%C6%A1n_%C4%90o%C3%B2ng,Who was the first local person to discover Son Doong Cave?,Who was the local person who first discovered Son Doong cave?,Ho Khanh,,Ho Khanh,Duc Nghiem,,,
136,Duc Nghiem,Hoang Ngo,vie_latn,Vietnam/Hue,Quần thể di tích Cố đô Huế được UNESCO công nhận là Di sản văn hóa thế giới vào năm nào?,Năm 1993,https://vi.wikipedia.org/wiki/Qu%E1%BA%A7n_th%E1%BB%83_di_t%C3%ADch_C%E1%BB%91_%C4%91%C3%B4_Hu%E1%BA%BF,In what year was the Hue Imperial Citadel complex recognized by UNESCO as a World Cultural Heritage site?,In what year was the Complex of Hue Monuments recognized by UNESCO as a World Cultural Heritage?,1993,,1993,Duc Nghiem,,,
137,Duc Nghiem,Hoang Ngo,vie_latn,Vietnam/Hue,Cố đô Huế là kinh đô của triều đại phong kiến nào của Việt Nam?,Triều Nguyễn,https://vi.wikipedia.org/wiki/Qu%E1%BA%A7n_th%E1%BB%83_di_t%C3%ADch_C%E1%BB%91_%C4%91%C3%B4_Hu%E1%BA%BF,"Hue, the former imperial capital, was the capital of which feudal dynasty of Vietnam?",The ancient capital of Hue was the imperial capital of which Vietnamese feudal dynasty?,Nguyen Dynasty,,Nguyen Dynasty,Duc Nghiem,,,
138,Duc Nghiem,Hoang Ngo,vie_latn,Vietnam/Hue,Nhã nhạc cung đình Huế được UNESCO công nhận là kiệt tác văn hóa phi vật thể vào năm nào?,Năm 2003,https://vi.wikipedia.org/wiki/Nh%C3%A3_nh%E1%BA%A1c_cung_%C4%91%C3%ACnh_Hu%E1%BA%BF,In what year was Hue Royal Court Music recognized by UNESCO as a masterpiece of intangible cultural heritage?,In what year was Hue Royal Court Music recognized by UNESCO as an Intangible Cultural Heritage masterpiece?,2003,,2003,Duc Nghiem,,,
139,Duc Nghiem,Hoang Ngo,vie_latn,Vietnam/Quang Nam,Phố cổ Hội An được UNESCO công nhận là Di sản văn hóa thế giới vào năm nào?,Năm 1999,https://vi.wikipedia.org/wiki/Ph%E1%BB%91_c%E1%BB%95_H%E1%BB%99i_An,In what year was Hoi An Ancient Town recognized as a UNESCO World Heritage Site?,In what year was Hoi An Ancient Town recognized by UNESCO as a World Cultural Heritage?,1999,,1999,Duc Nghiem,,,
140,Duc Nghiem,Hoang Ngo,vie_latn,Vietnam/Quang Nam,"Trước khi có tên là Hội An, đô thị này còn có tên gọi nào khác do các thương nhân nước ngoài đặt?",Faifo,https://vi.wikipedia.org/wiki/Ph%E1%BB%91_c%E1%BB%95_H%E1%BB%99i_An,"Before being called Hoi An, what other names did this town have, given to it by foreign merchants?","Before being called Hoi An, what other name did foreign merchants give to this ancient town?",Faifo,,Faifo,Duc Nghiem,,,
141,Duc Nghiem,Hoang Ngo,vie_latn,Vietnam/Quang Nam,Thánh địa Mỹ Sơn được UNESCO công nhận là Di sản văn hóa thế giới vào năm nào?,Năm 1999,https://vi.wikipedia.org/wiki/Th%C3%A1nh_%C4%91%E1%BB%8Ba_M%E1%BB%B9_S%C6%A1n,In what year was My Son Sanctuary recognized by UNESCO as a World Cultural Heritage site?,In what year was My Son Sanctuary recognized by UNESCO as a World Cultural Heritage?,1999,,1999,Duc Nghiem,,,
142,Duc Nghiem,Hoang Ngo,vie_latn,Vietnam,Áo dài Việt Nam xuất hiện lần đầu vào thời của chúa nào?,Chúa Nguyễn Phúc Khoát,https://vi.wikipedia.org/wiki/%C3%81o_d%C3%A0i,During which ruler's reign did the Vietnamese ao dai (traditional dress) first appear?,The Vietnamese ao dai first appeared during the reign of which lord?,Lord Nguyen Phuc Khoat,,Lord Nguyen Phuc Khoat,Duc Nghiem,,,
143,Duc Nghiem,Hoang Ngo,vie_latn,Vietnam/Dien Bien,Chiến dịch Điện Biên Phủ kết thúc vào ngày nào năm 1954?,Ngày 7 tháng 5 năm 1954,https://vi.wikipedia.org/wiki/Chi%E1%BA%BFn_d%E1%BB%8Bch_%C4%90i%E1%BB%87n_Bi%C3%AAn_Ph%E1%BB%A7,On what date in 1954 did the Dien Bien Phu campaign end?,On what date in 1954 did the Dien Bien Phu campaign end?,"May 7, 1954",,"May 7, 1954",Duc Nghiem,,,
144,Duc Nghiem,Hoang Ngo,vie_latn,Vietnam/Dien Bien,Ai là Tư lệnh chỉ huy chiến dịch Điện Biên Phủ của Quân đội nhân dân Việt Nam?,Đại tướng Võ Nguyên Giáp,https://vi.wikipedia.org/wiki/Chi%E1%BA%BFn_d%E1%BB%8Bch_%C4%90i%C3%AAn_Bi%C3%AAn_Ph%E1%BB%A7,Who was the commander-in-chief of the Dien Bien Phu campaign of the Vietnam People's Army?,Who was the commanding general of the Vietnam People's Army at the Battle of Dien Bien Phu?,General Vo Nguyen Giap,,General Vo Nguyen Giap,Duc Nghiem,,,
145,Duc Nghiem,Hoang Ngo,vie_latn,Vietnam/Quang Binh,Đại tướng Võ Nguyên Giáp sinh tại huyện nào của tỉnh Quảng Bình?,Huyện Lệ Thủy,https://vi.wikipedia.org/wiki/V%C3%B5_Nguy%C3%AAn_Gi%C3%A1p,In which district of Quang Binh province was General Vo Nguyen Giap born?,General Vo Nguyen Giap was born in which district of Quang Binh province?,Le Thuy District,,Le Thuy district,Duc Nghiem,,,
146,Duc Nghiem,Hoang Ngo,vie_latn,Vietnam,Hiệp định Geneva năm 1954 chia đôi Việt Nam theo vĩ tuyến nào?,Vĩ tuyến 17,https://vi.wikipedia.org/wiki/Hi%E1%BB%87p_%C4%91%E1%BB%8Bnh_Geneva_1954,Along which parallel did the 1954 Geneva Accords divide Vietnam?,The 1954 Geneva Accords divided Vietnam along which parallel?,17th parallel,,17th parallel,Duc Nghiem,,,
147,Duc Nghiem,Hoang Ngo,vie_latn,Vietnam,Sự kiện 30 tháng 4 năm 1975 đánh dấu điều gì trong lịch sử Việt Nam?,Thống nhất đất nước ,https://vi.wikipedia.org/wiki/S%E1%BB%B1_ki%E1%BB%87n_30_th%C3%A1ng_4_n%C4%83m_1975,"What did the events of April 30, 1975, mark in Vietnamese history?","What does the April 30, 1975 event mark in Vietnamese history?",Unification of the country,,Reunification of Vietnam ,Duc Nghiem,,,
148,Duc Nghiem,Hoang Ngo,vie_latn,Vietnam,Chính sách Đổi Mới của Việt Nam được khởi xướng vào năm nào?,Năm 1986,https://vi.wikipedia.org/wiki/%C4%90%E1%BB%95i_M%E1%BB%9Bi,When was Vietnam's Doi Moi (Renovation) policy initiated?,When was Vietnam Renovation policy initiated?,1986,,1986,Duc Nghiem,,,
149,Duc Nghiem,Hoang Ngo,vie_latn,Vietnam,Đại hội Đảng Cộng sản Việt Nam lần thứ mấy đã thông qua chính sách Đổi Mới năm 1986?,Đại hội VI,https://vi.wikipedia.org/wiki/%C4%90%E1%BB%95i_M%E1%BB%9Bi,Which Congress of the Communist Party of Vietnam adopted the Doi Moi (Renovation) policy in 1986?,Which National Congress of the Communist Party of Vietnam adopted the Doi Moi policy in 1986?,Sixth Congress,,6th National Congress,Duc Nghiem,,,
150,Duc Nghiem,Hoang Ngo,vie_latn,Vietnam/Hue,Món ăn đặc sản nổi tiếng của Huế thường được nấu từ bún và thịt bò là gì?,Bún bò Huế,https://vi.wikipedia.org/wiki/B%C3%BAn_b%C3%B2_Hu%E1%BA%BF,What is a famous Hue specialty dish that is often made with rice noodles and beef?,What is the famous specialty dish of Hue made from vermicelli noodles and beef?,Bun bo Hue (Hue-style beef noodle soup),x,Hue-style beef noodle soup,Duc Nghiem,,,
151,Duc Nghiem,Hoang Ngo,vie_latn,Vietnam/Ho Chi Minh City,Bánh mì Việt Nam được đặt tên theo loại bánh mì nào của Pháp?,Bánh mì baguette,https://vi.wikipedia.org/wiki/B%C3%A1nh_m%C3%AC_Vi%E1%BB%87t_Nam,What type of French bread is the Vietnamese banh mi named after?,The Vietnamese banh mi is named after which type of French bread?,Baguette,,Baguette,Duc Nghiem,,,
152,Duc Nghiem,Hoang Ngo,vie_latn,Vietnam,Ngọn núi cao nhất Việt Nam là ngọn núi nào?,Fansipan,https://vi.wikipedia.org/wiki/Fansipan,What is the highest mountain in Vietnam?,Which is the highest mountain peak in Vietnam?,Fansipan,,Fansipan,Duc Nghiem,,,
153,Duc Nghiem,Hoang Ngo,vie_latn,Vietnam,Vườn quốc gia Phong Nha – Kẻ Bàng nằm ở tỉnh nào?,Quảng Bình,https://vi.wikipedia.org/wiki/V%C6%B0%E1%BB%9Dn_qu%E1%BB%91c_gia_Phong_Nha_-_K%E1%BA%BB_B%C3%A0ng,In which province is Phong Nha – Ke Bang National Park located?,Phong Nha – Ke Bang National Park is located in which province?,Quang Binh,,Quang Binh province,Duc Nghiem,,,
154,Duc Nghiem,Hoang Ngo,vie_latn,Vietnam,Đội tuyển bóng đá Việt Nam vô địch AFF Cup lần đầu tiên vào năm nào?,Năm 2008,https://vi.wikipedia.org/wiki/AFF_Championship_2008,In what year did the Vietnamese national football team win the AFF Cup for the first time?,In what year did the Vietnamese national football team win the AFF Cup for the first time?,2008,,2008,Duc Nghiem,,,
155,Duc Nghiem,Hoang Ngo,vie_latn,Vietnam,Huấn luyện viên người Hàn Quốc nào đã dẫn dắt đội tuyển Việt Nam vô địch AFF Cup 2018?,Park Hang-seo,https://vi.wikipedia.org/wiki/Park_Hang-seo,Which South Korean coach led the Vietnamese national team to victory in the 2018 AFF Cup?,Which South Korean coach led the Vietnamese national team to win the 2018 AFF Cup?,Park Hang-seo,,Park Hang-seo,Duc Nghiem,,,
156,Duc Nghiem,Hoang Ngo,vie_latn,Vietnam,Vận động viên cờ vua Lê Quang Liêm đã đạt danh hiệu gì vào năm 2010?,Đại kiện tướng quốc tế ,https://vi.wikipedia.org/wiki/L%C3%AA_Quang_Li%C3%AAm,What title did chess player Le Quang Liem achieve in 2010?,What title did Vietnamese chess player Le Quang Liem achieve in 2010?,International Grandmaster,,International Grandmaster,Duc Nghiem,,,
157,Duc Nghiem,Hoang Ngo,vie_latn,Vietnam,Nhạc sĩ nào được mệnh danh là Ông hoàng nhạc Việt và nổi tiếng với ca khúc The Old Beauty?,Trịnh Công Sơn,https://vi.wikipedia.org/wiki/Tr%E1%BB%8Bnh_C%C3%B4ng_S%C6%A1n,"Which musician is known as the ""King of Vietnamese Music"" and is famous for the song ""The Old Beauty""?",Which musician is known as the 'King of Vietnamese Music' and famous for the song 'Diem Xua'?,Trinh Cong Son,,Trinh Cong Son,Duc Nghiem,,,
158,Duc Nghiem,Hoang Ngo,vie_latn,Vietnam,Quan họ Bắc Ninh folk songs được UNESCO công nhận là Di sản văn hóa phi vật thể vào năm nào?,Năm 2009,https://vi.wikipedia.org/wiki/Quan_h%E1%BB%8D,In what year was Quan Ho folk songs from Bac Ninh recognized by UNESCO as an Intangible Cultural Heritage?,In what year was Quan Ho Bac Ninh folk singing recognized by UNESCO as an Intangible Cultural Heritage?,2009,,2009,Duc Nghiem,,,
159,Duc Nghiem,Hoang Ngo,vie_latn,Vietnam/Bac Ninh,Quan họ là loại hình dân ca đặc trưng của tỉnh nào ở Việt Nam?,Bắc Ninh,https://vi.wikipedia.org/wiki/Quan_h%E1%BB%8D,Quan Ho is a type of folk music characteristic of which province in Vietnam?,Quan Ho is a traditional folk singing genre characteristic of which Vietnamese province?,Bac Ninh,,Bac Ninh province,Duc Nghiem,,,
160,Duc Nghiem,Hoang Ngo,vie_latn,Vietnam,Art of Đờn ca tài tử music and song in southern Viet Nam được UNESCO công nhận là Di sản văn hóa phi vật thể vào năm nào?,Năm 2013,https://vi.wikipedia.org/wiki/%C4%90%C3%B2n_ca_t%C3%A0i_t%E1%BB%AD_Nam_B%E1%BB%99,In what year was the art of Đờn ca tài tử music and song in southern Vietnam recognized by UNESCO as an Intangible Cultural Heritage?,In which year was the Art of Don Ca Tai Tu music and song in southern Vietnam recognized by UNESCO as Intangible Cultural Heritage?,2013,,2013,Duc Nghiem,,,
161,Duc Nghiem,Hoang Ngo,vie_latn,Vietnam,Ai là vị vua sáng lập ra nhà Lý và dời đô về Thăng Long năm 1010?,Lý Thái Tổ ,https://vi.wikipedia.org/wiki/L%C3%BD_Th%C3%A1i_T%E1%BB%95,Who was the king who founded the Ly Dynasty and moved the capital to Thang Long in 1010?,Who was the king who founded the Ly dynasty and moved the capital to Thang Long in 1010?,Ly Thai To,,King Ly Thai To,Duc Nghiem,,,
162,Duc Nghiem,Hoang Ngo,vie_latn,Vietnam,Nữ anh hùng nào lãnh đạo cuộc khởi nghĩa chống lại nhà Hán vào năm 40 sau Công nguyên?,Hai Bà Trưng,https://vi.wikipedia.org/wiki/Kh%E1%BB%9Fi_ngh%C4%A9a_Hai_B%C3%A0_Tr%C6%B0ng,Which heroine led the rebellion against the Han dynasty in 40 AD?,Which female heroes led the uprising against the Han dynasty in 40 AD?,The Two Trung Sisters,x,The Trung Sisters,Duc Nghiem,,,
163,Duc Nghiem,Hoang Ngo,vie_latn,Vietnam,Nguyễn Huệ lên ngôi hoàng đế với tên hiệu là gì?,Quang Trung,https://vi.wikipedia.org/wiki/Quang_Trung,What was the title given to Nguyen Hue when he ascended the throne?,By what imperial title did Nguyen Hue ascend to the throne?,Quang Trung,,Quang Trung,Duc Nghiem,,,
164,Duc Nghiem,Hoang Ngo,vie_latn,Vietnam,Vua Quang Trung đại phá quân Thanh vào dịp Tết năm nào?,Tết Kỷ Dậu,https://vi.wikipedia.org/wiki/Tr%E1%BA%ADn_%C4%90%E1%BB%91ng_%C4%90a,In which year did King Quang Trung decisively defeat the Qing army during Tet (Vietnamese New Year)?,During which Tet did King Quang Trung defeat the Qing army?,Tet Ky Dau,,Tet Ky Dau,Duc Nghiem,,,
165,Duc Nghiem,Hoang Ngo,vie_latn,Vietnam,Chương trình truyền hình Đường lên đỉnh Olympia được phát sóng trên kênh nào?,VTV3,https://vi.wikipedia.org/wiki/%C4%90%C6%B0%E1%BB%9Dng_l%C3%AAn_%C4%91%E1%BB%89nh_Olympia,"On which channel is the ""Road to Olympia"" television program broadcast?",On which TV channel is the 'Road to Mount Olympia' quiz show broadcast?,VTV3,,VTV3,Duc Nghiem,,,
166,Duc Nghiem,Hoang Ngo,vie_latn,Vietnam,Giải thưởng Fields Medal đầu tiên của Việt Nam được trao cho ai vào năm 1982?,Giáo sư Ngô Bảo Châu,https://vi.wikipedia.org/wiki/Ng%C3%B4_B%E1%BA%A3o_Ch%C3%A2u,Who was awarded Vietnam's first Fields Medal in 1982?,"Who was the first Vietnamese person to win the Fields Medal, awarded in 2010?",Professor Ngo Bao Chau,,Professor Ngo Bao Chau,Duc Nghiem,,,
167,Duc Nghiem,Hoang Ngo,vie_latn,Vietnam,Bộ phim hoạt hình Việt Nam nổi tiếng Hero Hesman được sản xuất bởi hãng phim nào?,Hãng phim Hoạt hình Việt Nam,https://vi.wikipedia.org/wiki/H%C3%A3ng_phim_Ho%E1%BA%A1t_h%C3%ACnh_Vi%E1%BB%87t_Nam,Which film studio produced the popular Vietnamese animated film Hero Hesman?,Which studio produced the famous Vietnamese animated series 'Dung si Hesman'?,Vietnam Animation Film Studio,,Vietnam Animation Studio,Duc Nghiem,,,
168,Duc Nghiem,Hoang Ngo,vie_latn,Vietnam,Đạo diễn Việt kiều nào đã đạo diễn bộ phim The Scent of Green Papaya (1993) được đề cử Oscar?,Trần Anh Hùng,https://vi.wikipedia.org/wiki/Tr%E1%BA%A7n_Anh_H%C3%B9ng,Which Vietnamese-American director directed the Oscar-nominated film The Scent of Green Papaya (1993)?,Which overseas Vietnamese director directed the Oscar-nominated film 'The Scent of Green Papaya' (1993)?,Tran Anh Hung,,Tran Anh Hung,Duc Nghiem,,,
169,Duc Nghiem,Hoang Ngo,vie_latn,Vietnam,Tôn giáo nào có số lượng tín đồ đông nhất tại Việt Nam?,Phật giáo,https://vi.wikipedia.org/wiki/T%C3%B4n_gi%C3%A1o_t%E1%BA%A1i_Vi%E1%BB%87t_Nam,Which religion has the largest number of followers in Vietnam?,Which religion has the largest number of followers in Vietnam?,Buddhism,,Buddhism,Duc Nghiem,,,
170,Duc Nghiem,Hoang Ngo,vie_latn,Vietnam,The Practice of the Vietnamese Mother Goddess Worship of the Three Palaces của người Việt được UNESCO công nhận là Di sản phi vật thể vào năm nào?,Năm 2016,https://vi.wikipedia.org/wiki/T%C3%ADn_ng%C6%B0%E1%BB%A1ng_th%E1%BB%9D_M%E1%BA%ABu_Tam_ph%E1%BB%A7,In what year was the Vietnamese practice of the Mother Goddess Worship of the Three Palaces recognized by UNESCO as an Intangible Cultural Heritage?,In what year was the Vietnamese Mother Goddess worship (Tam Phu) recognized by UNESCO as an Intangible Heritage?,2016,,2016,Duc Nghiem,,,
171,Duc Nghiem,Hoang Ngo,vie_latn,Vietnam/Ho Chi Minh City,Thành phố Hồ Chí Minh trước năm 1975 có tên là gì?,Sài Gòn,https://vi.wikipedia.org/wiki/Th%C3%A0nh_ph%E1%BB%91_H%E1%BB%93_Ch%C3%AD_Minh,What was Ho Chi Minh City called before 1975?,What was Ho Chi Minh City called before 1975?,Saigon,x,Saigon,Duc Nghiem,,,
172,Duc Nghiem,Hoang Ngo,vie_latn,Vietnam/Ho Chi Minh City,Chợ Bến Thành nằm ở quận nào của Thành phố Hồ Chí Minh?,Quận 1,https://vi.wikipedia.org/wiki/Ch%E1%BB%A3_B%E1%BA%BFn_Th%C3%A0nh,In which district of Ho Chi Minh City is Ben Thanh Market located?,Ben Thanh Market is located in which district of Ho Chi Minh City?,District 1,,District 1,Duc Nghiem,,,
173,Duc Nghiem,Hoang Ngo,vie_latn,Vietnam/Da Nang,Cầu Rồng ở Đà Nẵng bắc qua con sông nào?,Sông Hàn,https://vi.wikipedia.org/wiki/C%E1%BA%A7u_R%E1%BB%93ng,Which river does the Dragon Bridge in Da Nang span?,The Dragon Bridge in Da Nang spans which river?,Han River,,Han River,Duc Nghiem,,,
174,Duc Nghiem,Hoang Ngo,vie_latn,Vietnam,Việt Nam có bao nhiêu dân tộc chính thức được công nhận?,54,https://vi.wikipedia.org/wiki/D%C3%A2n_t%E1%BB%99c_Vi%E1%BB%87t_Nam,How many officially recognized ethnic groups are there in Vietnam?,How many officially recognized ethnic groups does Vietnam have?,54,,54,Duc Nghiem,,,
175,Duc Nghiem,Hoang Ngo,vie_latn,Vietnam/Northwest,Lễ hội Gầu Tào là lễ hội truyền thống của dân tộc nào ở Việt Nam?,Dân tộc Mông ,https://vi.wikipedia.org/wiki/Ng%C6%B0%E1%BB%9Di_M%C3%B4ng,The Gau Tao Festival is a traditional festival of which ethnic group in Vietnam?,The Gau Tao festival is a traditional festival of which ethnic group in Vietnam?,Hmong ethnic group,,Hmong ethnic group,Duc Nghiem,,,
176,Duc Nghiem,Hoang Ngo,vie_latn,Vietnam,Vệ tinh nhân tạo đầu tiên của Việt Nam có tên là gì?,VINASat-1,https://vi.wikipedia.org/wiki/VINASAT-1,What was the name of Vietnam's first artificial satellite?,What is the name of Vietnam's first artificial satellite?,VINASat-1,,VINASat-1,Duc Nghiem,,,
177,Duc Nghiem,Hoang Ngo,vie_latn,Vietnam,VINASat-1 được phóng lên quỹ đạo vào năm nào?,Năm 2008,https://vi.wikipedia.org/wiki/VINASAT-1,In what year was VINASat-1 launched into orbit?,In what year was VINASat-1 launched into orbit?,2008,,2008,Duc Nghiem,,,
178,Duc Nghiem,Hoang Ngo,vie_latn,Vietnam,Việt Nam gia nhập Tổ chức Thương mại Thế giới vào năm nào?,Năm 2007,https://vi.wikipedia.org/wiki/Vi%E1%BB%87t_Nam_v%C3%A0_WTO,When did Vietnam join the World Trade Organization?,In what year did Vietnam join the World Trade Organization?,2007,,2007,Duc Nghiem,,,
179,Duc Nghiem,Hoang Ngo,vie_latn,Vietnam,Mặt hàng xuất khẩu nông sản nào mà Việt Nam đứng thứ hai thế giới về sản lượng?,Cà phê,https://vi.wikipedia.org/wiki/C%C3%A0_ph%C3%AA_Vi%E1%BB%87t_Nam,Which agricultural export product does Vietnam rank second in the world in terms of production volume?,In which agricultural export commodity does Vietnam rank second in the world in production?,Coffee,,Coffee,Duc Nghiem,,,
180,Duc Nghiem,Hoang Ngo,vie_latn,Vietnam/Central Highlands,Tỉnh nào của Việt Nam được mệnh danh là thủ đô cà phê?,Đắk Lắk,https://vi.wikipedia.org/wiki/%C4%90%E1%BA%AFk_L%E1%BA%AFk,Which province in Vietnam is known as the coffee capital?,Which Vietnamese province is known as the 'coffee capital'?,Dak Lak,,Dak Lak province,Duc Nghiem,,,
181,Duc Nghiem,Hoang Ngo,vie_latn,Vietnam/Khanh Hoa,Thành phố biển nào của Việt Nam nổi tiếng với vịnh biển đẹp và là nơi tổ chức Tuần lễ Vịnh thế giới?,Nha Trang,https://vi.wikipedia.org/wiki/Nha_Trang,Which coastal city in Vietnam is famous for its beautiful bay and is the venue for World Bay Week?,Which Vietnamese coastal city is famous for its beautiful bay and hosts the World Bay Festival?,Nha Trang,,Nha Trang,Duc Nghiem,,,
182,Duc Nghiem,Hoang Ngo,vie_latn,Vietnam/Lam Dong,Thành phố Đà Lạt nằm trên cao nguyên nào và ở tỉnh nào của Việt Nam?,"Cao nguyên Lâm Viên, tỉnh Lâm Đồng",https://vi.wikipedia.org/wiki/%C4%90%C3%A0_L%E1%BA%A1t,On which plateau and in which province of Vietnam is Da Lat city located?,Da Lat city sits on which plateau and in which province of Vietnam?,"Lam Vien Plateau, Lam Dong Province",,"Lam Vien Plateau, Lam Dong province",Duc Nghiem,,,
183,Duc Nghiem,Hoang Ngo,vie_latn,Vietnam,Quốc hội Việt Nam họp thường kỳ mỗi năm mấy kỳ?,2,https://vi.wikipedia.org/wiki/Qu%E1%BB%91c_h%E1%BB%99i_Vi%E1%BB%87t_Nam,How many regular sessions does the Vietnamese National Assembly hold each year?,How many regular sessions does the Vietnamese National Assembly hold per year?,2,,2,Duc Nghiem,,,
184,Duc Nghiem,Hoang Ngo,vie_latn,Vietnam,Bộ luật nào được coi là bộ luật hoàn chỉnh đầu tiên của Việt Nam dưới triều Lê?,Quốc triều hình luật ,https://vi.wikipedia.org/wiki/Qu%E1%BB%91c_tri%E1%BB%81u_h%C3%ACnh_lu%E1%BA%ADt,Which legal code is considered the first complete legal code of Vietnam under the Le Dynasty?,Which legal code is considered the first complete legal code of Vietnam under the Le dynasty?,National Penal Code,,Hong Duc Code,Duc Nghiem,,,
185,Duc Nghiem,Hoang Ngo,vie_latn,Vietnam/Mekong Delta,Đồng bằng sông Cửu Long còn được gọi là gì?,Đồng bằng Nam Bộ hoặc vùng Tây Nam Bộ,https://vi.wikipedia.org/wiki/%C4%90%E1%BB%93ng_b%E1%BA%B1ng_s%C3%B4ng_C%E1%BB%ADu_Long,What is the Mekong Delta also known as?,What is the Mekong Delta also commonly called in Vietnam?,Southern Delta or Southwestern region,,Nam Bo Delta or the Southwest region,Duc Nghiem,,,
186,Duc Nghiem,Hoang Ngo,vie_latn,Vietnam/Mekong Delta,Chợ nổi Cái Răng nổi tiếng nằm ở tỉnh/thành phố nào của đồng bằng sông Cửu Long?,Thành phố Cần Thơ,https://vi.wikipedia.org/wiki/Ch%E1%BB%A3_n%E1%BB%95i_C%C3%A1i_R%C4%83ng,In which province/city of the Mekong Delta is the famous Cai Rang floating market located?,The famous Cai Rang floating market is located in which city/province of the Mekong Delta?,Can Tho City,,Can Tho city,Duc Nghiem,,,
187,Duc Nghiem,Hoang Ngo,vie_latn,Vietnam/Bac Ninh,Lễ hội Lim gắn liền với loại hình nghệ thuật dân gian nào của vùng Kinh Bắc?,Quan họ,https://vi.wikipedia.org/wiki/L%E1%BB%85_h%E1%BB%99i_Lim,The Lim Festival is associated with which type of folk art from the Kinh Bac region?,The Lim Festival is associated with which folk art form of the Kinh Bac region?,Quan Ho,,Quan Ho folk singing,Duc Nghiem,,,
188,Duc Nghiem,Hoang Ngo,vie_latn,Vietnam,Đồng tiền chính thức của Việt Nam có tên là gì?,Đồng ,https://vi.wikipedia.org/wiki/%C4%90%E1%BB%93ng_Vi%E1%BB%87t_Nam,What is the official currency of Vietnam called?,What is the official currency of Vietnam?,Copper ,,Dong,Duc Nghiem,,,
189,Duc Nghiem,Hoang Ngo,vie_latn,Vietnam/Ninh Binh,Quần thể danh thắng Tràng An được UNESCO công nhận là Di sản hỗn hợp văn hóa và thiên nhiên thế giới vào năm nào?,Năm 2014,https://vi.wikipedia.org/wiki/Danh_s%C3%A1ch_di_s%E1%BA%A3n_th%E1%BA%BF_gi%E1%BB%9Bi_t%E1%BA%A1i_Vi%E1%BB%87t_Nam,In what year was the Trang An Scenic Landscape Complex recognized by UNESCO as a mixed cultural and natural World Heritage Site?,In what year was the Trang An Landscape Complex recognized by UNESCO as a mixed cultural and natural World Heritage Site?,2014,,2014,Duc Nghiem,,,
190,Duc Nghiem,Hoang Ngo,vie_latn,Vietnam/Ninh Binh,Tràng An là di sản loại hỗn hợp duy nhất của Việt Nam và khu vực nào?,Đông Nam Á,https://vi.wikipedia.org/wiki/Danh_s%C3%A1ch_di_s%E1%BA%A3n_th%E1%BA%BF_gi%E1%BB%9Bi_t%E1%BA%A1i_Vi%E1%BB%87t_Nam,Trang An is the only mixed heritage site in Vietnam and which region?,Trang An is Vietnam's only mixed heritage site and also the only one in which region?,Southeast Asia,,Southeast Asia,Duc Nghiem,,,
191,Duc Nghiem,Hoang Ngo,vie_latn,Vietnam/Thanh Hoa,Thành nhà Hồ được UNESCO công nhận là Di sản văn hóa thế giới vào ngày tháng năm nào?,Ngày 27 tháng 6 năm 2011,https://soctrangtourism.vn/thanh-nha-ho-duoc-unesco-cong-nhan/,On what date was the Ho Dynasty Citadel recognized by UNESCO as a World Cultural Heritage site?,On what date was the Ho Dynasty Citadel recognized by UNESCO as a World Cultural Heritage?,"June 27, 2011",,"June 27, 2011",Duc Nghiem,,,
192,Duc Nghiem,Hoang Ngo,vie_latn,Vietnam/Thanh Hoa,Thành nhà Hồ do ai cho xây dựng vào cuối thế kỷ 14?,Hồ Quý Ly,https://soctrangtourism.vn/thanh-nha-ho-duoc-unesco-cong-nhan/,Who commissioned the construction of the Ho Dynasty Citadel in the late 14th century?,Who ordered the construction of the Ho Dynasty Citadel in the late 14th century?,Ho Quy Ly,,Ho Quy Ly,Duc Nghiem,,,
193,Duc Nghiem,Hoang Ngo,vie_latn,Vietnam/Hanoi,Khu trung tâm Hoàng thành Thăng Long được UNESCO công nhận là Di sản văn hóa thế giới vào năm nào?,Năm 2010,https://vi.wikipedia.org/wiki/Ho%C3%A0ng_th%C3%A0nh_Th%C4%83ng_Long,In what year was the central area of ​​Thang Long Imperial Citadel recognized by UNESCO as a World Cultural Heritage site?,In what year was the Central Sector of the Imperial Citadel of Thang Long recognized by UNESCO as a World Cultural Heritage?,2010,,2010,Duc Nghiem,,,
194,Duc Nghiem,Hoang Ngo,vie_latn,Vietnam/Hanoi,Hoàng thành Thăng Long là minh chứng cho truyền thống văn hóa của người Việt trong khoảng bao nhiêu thế kỷ liên tục?,13 thế kỷ,https://vi.wikipedia.org/wiki/Ho%C3%A0ng_th%C3%A0nh_Th%C4%83ng_Long,The Thang Long Imperial Citadel is a testament to the cultural traditions of the Vietnamese people for how many centuries?,The Imperial Citadel of Thang Long is evidence of continuous Vietnamese cultural tradition over how many centuries?,13 centuries,,13 centuries,Duc Nghiem,,,
195,Duc Nghiem,Hoang Ngo,vie_latn,Vietnam,"Ai là tác giả của Proclamation of Victory over the Wu, được xem như bản tuyên ngôn độc lập thứ hai của Việt Nam?",Nguyễn Trãi,https://vi.wikipedia.org/wiki/Kh%E1%BB%9Fi_ngh%C4%A9a_Lam_S%C6%A1n,"Who is the author of the Proclamation of Victory over the Wu, considered Vietnam's second declaration of independence?","Who wrote The Great Proclamation upon the Pacification of the Wu, regarded as Vietnam's second declaration of independence?",Nguyen Trai,,Nguyen Trai,Duc Nghiem,,,
196,Duc Nghiem,Hoang Ngo,vie_latn,Vietnam,Proclamation of Victory over the Wu được viết để tổng kết thắng lợi của cuộc khởi nghĩa nào?,Khởi nghĩa Lam Sơn,https://vi.wikipedia.org/wiki/Kh%E1%BB%9Fi_ngh%C4%A9a_Lam_S%C6%A1n,The Proclamation of Victory over the Wu was written to summarize the victory of which rebellion?,The Great Proclamation upon the Pacification of the Wu was written to summarize the victory of which uprising?,Lam Son Uprising,,The Lam Son uprising,Duc Nghiem,,,
197,Duc Nghiem,Hoang Ngo,vie_latn,Vietnam,"Cuộc khởi nghĩa Lam Sơn do ai lãnh đạo, sau này lên ngôi vua sáng lập triều Hậu Lê?",Lê Lợi,https://vi.wikipedia.org/wiki/Kh%E1%BB%9Fi_ngh%C4%A9a_Lam_S%C6%A1n,Who led the Lam Son Uprising and later ascended the throne to found the Later Le Dynasty?,"The Lam Son uprising was led by whom, who later ascended the throne to found the Later Le dynasty?",Le Loi,,Le Loi,Duc Nghiem,,,
198,Duc Nghiem,Hoang Ngo,vie_latn,Vietnam/Quang Ninh,Trận Bạch Đằng năm 1288 do vị tướng nào chỉ huy đánh bại quân Nguyên Mông?,Trần Hưng Đạo ,https://vi.wikipedia.org/wiki/Tr%E1%BA%ADn_B%E1%BA%A1ch_%C4%90%E1%BA%B1ng_(1288),Which general commanded the Battle of Bạch Đằng in 1288 and defeated the Mongol army?,"The 1288 Battle of Bach Dang, which defeated the Yuan-Mongol invaders, was commanded by which general?",Tran Hung Dao,,Tran Hung Dao,Duc Nghiem,,,
199,Duc Nghiem,Hoang Ngo,vie_latn,Vietnam,"Ai là người chỉ huy trận Bạch Đằng lần đầu tiên vào năm 938, đánh bại quân Nam Hán?",Ngô Quyền,https://vi.wikipedia.org/wiki/Tr%E1%BA%ADn_B%E1%BA%A1ch_%C4%90%E1%BA%B1ng_(938),"Who commanded the first Battle of Bạch Đằng in 938, defeating the Southern Han army?","Who commanded the first Battle of Bach Dang in 938, defeating the Southern Han forces?",Ngo Quyen,,Ngo Quyen,Duc Nghiem,,,
200,Duc Nghiem,Hoang Ngo,vie_latn,Vietnam,Nữ kình ngư nào được mệnh danh là tiểu tiên cá của bơi lội Việt Nam với 25 huy chương vàng SEA Games?,Nguyễn Thị Ánh Viên,https://nvsk.vnanet.vn/nguyen-thi-anh-vien-6745.vna,"Which female swimmer is dubbed the ""little mermaid"" of Vietnamese swimming, having won 25 SEA Games gold medals?","Which female swimmer, nicknamed the little mermaid of Vietnamese swimming, won 25 SEA Games gold medals?",Nguyen Thi Anh Vien,,Nguyen Thi Anh Vien,Duc Nghiem,,,
201,Duc Nghiem,Hoang Ngo,vie_latn,Vietnam,"Tại SEA Games 28 năm 2015, Nguyễn Thị Ánh Viên đã giành bao nhiêu huy chương vàng và phá bao nhiêu kỷ lục?",8 huy chương vàng,https://nvsk.vnanet.vn/nguyen-thi-anh-vien-6745.vna,"At the 28th SEA Games in 2015, how many gold medals did Nguyen Thi Anh Vien win and how many records did she break?","At the 2015 SEA Games 28, how many gold medals did Nguyen Thi Anh Vien win and how many records did she break?",8 gold medals,,8 gold medals,Duc Nghiem,,,
202,Duc Nghiem,Hoang Ngo,vie_latn,Vietnam,"Việt Nam có bao nhiêu tỉnh, thành phố trực thuộc trung ương tính theo đơn vị hành chính truyền thống trước sáp nhập?",63,https://vi.wikipedia.org/wiki/Vi%E1%BB%87t_Nam,"How many provinces and centrally-administered cities does Vietnam have, based on the traditional administrative units before the mergers?",How many provinces and centrally-governed cities did Vietnam traditionally have before administrative mergers?,63,,63,Duc Nghiem,,,
203,Duc Nghiem,Hoang Ngo,vie_latn,Vietnam,"Đồng bằng sông Hồng là vựa lúa lớn thứ mấy của Việt Nam, sau đồng bằng sông Cửu Long?",Lớn thứ hai,https://vi.wikipedia.org/wiki/%C4%90%E1%BB%93ng_b%E1%BA%B1ng_s%C3%B4ng_H%E1%BB%93ng,"The Red River Delta is the ______ largest rice granary in Vietnam, after the Mekong Delta?","The Red River Delta is Vietnam's rice granary, ranking which in size after the Mekong Delta?",Second largest,,Second largest,Duc Nghiem,,,
204,Duc Nghiem,Hoang Ngo,vie_latn,Vietnam,Phía trái Việt Nam có chung đường biên giới trên bộ với những quốc gia nào?,Lào ,https://vi.wikipedia.org/wiki/Vi%E1%BB%87t_Nam,Which countries does Vietnam share a land border with on its left side?,Which country does the left of Vietnam share a land border with?,Laos,,Laos,Duc Nghiem,,,
205,Duc Nghiem,Hoang Ngo,vie_latn,Vietnam/Hanoi,Món phở có nguồn gốc từ vùng nào của Việt Nam trước khi phổ biến khắp cả nước?,Miền Bắc ,https://vi.wikipedia.org/wiki/Ph%E1%BB%9F,Where in Vietnam did pho originate before it became popular throughout the country?,From which region of Vietnam did pho originate before becoming popular nationwide?,North ,,Northern Vietnam,Duc Nghiem,,,
206,Duc Nghiem,Hoang Ngo,vie_latn,Vietnam/Hoi An,"Món ăn đặc sản của Hội An làm từ sợi mì vàng, tôm, thịt heo và rau sống có tên gì?",Cao lầu,https://vi.wikipedia.org/wiki/Cao_l%E1%BA%A7u,"What is the name of the Hoi An specialty dish made from yellow noodles, shrimp, pork, and fresh vegetables?","What is the name of the Hoi An specialty dish made from yellow noodles, shrimp, pork, and fresh herbs?",Cao Lau,,Cao lau,Duc Nghiem,,,
207,Duc Nghiem,Hoang Ngo,vie_latn,Vietnam,Nhã nhạc cung đình Huế được UNESCO công nhận lần đầu là Di sản văn hóa phi vật thể vào năm nào?,Năm 2003,https://vi.wikipedia.org/wiki/Nh%C3%A3_nh%E1%BA%A1c_cung_%C4%91%C3%ACnh_Hu%E1%BA%BF,In what year was Hue Royal Court Music first recognized by UNESCO as an Intangible Cultural Heritage?,In what year was Hue Royal Court Music first recognized by UNESCO as an Intangible Cultural Heritage?,2003,,2003,Duc Nghiem,,,
208,Duc Nghiem,Hoang Ngo,vie_latn,Vietnam/Tay Nguyen,Không gian văn hóa Cồng chiêng Tây Nguyên được UNESCO công nhận vào năm nào?,Năm 2005,https://mofa.gov.vn/tin-chi-tiet/chi-tiet/danh-sach-cac-di-sandanh-hieu-cua-vn-da-duoc-unesco-cong-nhanghi-danh-57106-153.html,In what year was the Central Highlands Gong Culture Space recognized by UNESCO?,In what year was the Space of Gong Culture in the Central Highlands recognized by UNESCO?,2005,,2005,Duc Nghiem,,,
209,Duc Nghiem,Hoang Ngo,vie_latn,Vietnam,Giáo sư Ngô Bảo Châu đạt giải thưởng Fields danh giá vào năm nào?,Năm 2010,https://vi.wikipedia.org/wiki/Ng%C3%B4_B%E1%BA%A3o_Ch%C3%A2u,In what year did Professor Ngo Bao Chau win the prestigious Fields Prize?,In what year did Professor Ngo Bao Chau win the prestigious Fields Medal?,2010,,2010,Duc Nghiem,,,
210,Duc Nghiem,Hoang Ngo,vie_latn,Vietnam,Chủ tịch Hồ Chí Minh đọc bản Tuyên ngôn Độc lập tại địa điểm nào ở Hà Nội?,Quảng trường Ba Đình,https://vi.wikipedia.org/wiki/Tuy%C3%AAn_ng%C3%B4n_%C4%91%E1%BB%99c_l%E1%BA%ADp_(Vi%E1%BB%87t_Nam_D%C3%A2n_ch%E1%BB%A7_C%E1%BB%99ng_h%C3%B2a),Where in Hanoi did President Ho Chi Minh read the Declaration of Independence?,At which location in Hanoi did President Ho Chi Minh read the Declaration of Independence?,Ba Dinh Square,,Ba Dinh Square,Duc Nghiem,,,
211,Duc Nghiem,Hoang Ngo,vie_latn,Vietnam,Nguyễn Trãi bị hàm oan và chịu án 'tru di tam tộc' liên quan đến vụ án nào?,Vụ án Lệ Chi Viên,https://loigiaihay.com/dai-cao-binh-ngo-nguyen-trai-c363a51792.html,In which case was Nguyen Trai unjustly accused and sentenced to 'extermination of three generations'?,Nguyen Trai was wrongfully accused and suffered execution of three generations of his family due to which case?,The Le Chi Vien case,,The Le Chi Vien case,Duc Nghiem,,,
212,Duc Nghiem,Hoang Ngo,vie_latn,Vietnam,Nguyễn Trãi được UNESCO vinh danh là Danh nhân văn hóa thế giới vào năm nào?,Năm 1980,https://vi.wikipedia.org/wiki/Nguy%E1%BB%85n_Tr%C3%A3i,In what year was Nguyen Trai honored by UNESCO as a World Cultural Figure?,In what year was Nguyen Trai honored by UNESCO as a World Cultural Figure?,1980,,1980,Duc Nghiem,,,
213,Duc Nghiem,Hoang Ngo,vie_latn,Vietnam/Hanoi,"Hồ nào nằm ở trung tâm thủ đô Hà Nội, gắn liền với truyền thuyết vua Lê Lợi trả gươm cho rùa thần?",Hồ Hoàn Kiếm,https://vi.wikipedia.org/wiki/H%E1%BB%93_Ho%C3%A0n_Ki%E1%BA%BFm,"Which lake, located in the heart of Hanoi, is associated with the legend of King Le Loi returning the sword to the sacred turtle?",Which lake in the center of Hanoi is linked to the legend of King Le Loi returning a magic sword to a sacred turtle?,Hoan Kiem Lake,,Hoan Kiem Lake ,Duc Nghiem,,,
214,Duc Nghiem,Hoang Ngo,vie_latn,Vietnam/Hanoi,Ngôi chùa được xây dựng trên một cột trụ duy nhất giữa hồ nước ở Hà Nội có tên gì?,Chùa Một Cột,https://vi.wikipedia.org/wiki/Ch%C3%B9a_M%E1%BB%99t_C%E1%BB%99t,What is the name of the temple built on a single pillar in the middle of a lake in Hanoi?,What is the name of the pagoda in Hanoi built on a single pillar in the middle of a pond?,One Pillar Pagoda,,One Pillar Pagoda,Duc Nghiem,,,
215,Duc Nghiem,Hoang Ngo,vie_latn,Vietnam/Ninh Binh,"Cố đô Hoa Lư, kinh đô đầu tiên của nhà nước phong kiến tập quyền Việt Nam, nằm ở tỉnh nào?",Ninh Bình,https://vi.wikipedia.org/wiki/Hoa_L%C6%B0,"In which province is Hoa Lu, the first capital of Vietnam's centralized feudal state, located?","Hoa Lu, the first capital of Vietnam's centralized feudal state, is located in which province?",Ninh Binh,,Ninh Binh province,Duc Nghiem,,,
216,Duc Nghiem,Hoang Ngo,vie_latn,Vietnam/Ninh Binh,"Ai là vị vua sáng lập kinh đô Hoa Lư, mở đầu triều đại nhà Đinh?",Đinh Bộ Lĩnh,https://vi.wikipedia.org/wiki/Hoa_L%C6%B0,"Who was the king who founded the capital of Hoa Lu, marking the beginning of the Dinh Dynasty?","Who was the king who founded the Hoa Lu capital, beginning the Dinh dynasty?",Dinh Bo Linh,,Dinh Bo Linh,Duc Nghiem,,,
217,Duc Nghiem,Hoang Ngo,vie_latn,Vietnam,"Trong 54 dân tộc Việt Nam, dân tộc nào có dân số đông nhất?",Dân tộc Kinh,https://vi.wikipedia.org/wiki/D%C3%A2n_t%E1%BB%99c_Vi%E1%BB%87t_Nam,"Among the 54 ethnic groups of Vietnam, which one has the largest population?","Among Vietnam's 54 ethnic groups, which one has the largest population?",Kinh ethnic group,,The Kinh ethnic group,Duc Nghiem,,,
218,Duc Nghiem,Hoang Ngo,vie_latn,Vietnam,"Món bánh truyền thống hình vuông, tượng trưng cho đất, thường xuất hiện trong dịp Tết Nguyên Đán có tên gì?",Bánh chưng,https://vi.wikipedia.org/wiki/B%C3%A1nh_ch%C6%B0ng,"What is the name of the traditional square-shaped cake, symbolizing the earth, that is often served during the Lunar New Year?","What is the name of the traditional square cake symbolizing the earth, commonly eaten during Tet?",Chung cake,,Banh chung,Duc Nghiem,,,
219,Duc Nghiem,Hoang Ngo,vie_latn,Vietnam,"Theo truyền thuyết, ai là người đã sáng tạo ra bánh chưng và bánh giầy để dâng vua Hùng?",Lang Liêu,https://vi.wikipedia.org/wiki/B%C3%A1nh_ch%C6%B0ng,"According to legend, who was the person who created banh chung and banh giay (traditional Vietnamese rice cakes) to offer to King Hung?","According to legend, who created banh chung and banh giay cakes to offer to the Hung King?",Lang Lieu,,Lang Lieu,Duc Nghiem,,,
220,Duc Nghiem,Hoang Ngo,vie_latn,Vietnam/Hanoi,"Trường đại học đầu tiên của Việt Nam, được xây dựng từ thời nhà Lý, có tên là gì?",Quốc Tử Giám,https://vi.wikipedia.org/wiki/V%C4%83n_Mi%E1%BA%BFu_-_Qu%E1%BB%91c_T%E1%BB%AD_Gi%C3%A1m,"What was the name of Vietnam's first university, built during the Ly Dynasty?","What is the name of Vietnam's first university, built during the Ly dynasty?",Quoc Tu Giam,,Quoc Tu Giam,Duc Nghiem,,,
221,Duc Nghiem,Hoang Ngo,vie_latn,Vietnam/Hanoi,Văn Miếu - Quốc Tử Giám được xây dựng vào năm nào?,Năm 1070 ,https://vi.wikipedia.org/wiki/V%C4%83n_Mi%E1%BA%BFu_-_Qu%E1%BB%91c_T%E1%BB%AD_Gi%C3%A1m,When was the Temple of Literature - National University built?,In what year was the Temple of Literature - Imperial Academy built?,1070,,1070,Duc Nghiem,,,
222,Duc Nghiem,Hoang Ngo,vie_latn,Vietnam/Ninh Binh,"Vườn quốc gia Cúc Phương, vườn quốc gia đầu tiên của Việt Nam, nằm chủ yếu ở tỉnh nào?",Ninh Bình,https://vi.wikipedia.org/wiki/V%C6%B0%E1%BB%9Dn_qu%E1%BB%91c_gia_C%C3%BAc_Ph%C6%B0%C6%A1ng,"In which province is Cuc Phuong National Park, Vietnam's first national park, primarily located?","Cuc Phuong National Park, Vietnam's first national park, is located mainly in which province?",Ninh Binh,,Ninh Binh province,Duc Nghiem,,,
223,Gia Nghia,Mai,vie_latn,Vietnam/Northern Midland and Mountainous Regions,Lễ Gạ ma thú được người Hà Nhì tổ chức vào mùa nào?,Mùa xuân,https://dsvh.gov.vn/le-ga-ma-thu-cung-ban-cua-nguoi-ha-nhi-3127,In which season do the Ha Nhi people hold the Ga Ma Thu ceremony?,In which season do the Ha Nhi people hold the Ga Ma Thu ceremony?,Spring,,Spring,Gia Nghia,,,
224,Gia Nghia,Mai,vie_latn,Vietnam/Northern Midland and Mountainous Regions,Người Mông nhuộm vải lanh bằng cây Cang (giống cây chàm) trong những tháng nào?,Tháng 7,https://dsvh.gov.vn/nghe-thuat-tao-hoa-van-tren-trang-phuc-cua-nguoi-mong-hoa-tinh-son-la-3255,During which months do the Hmong people dye linen fabric using the Cang plant (a type of indigo plant)?,During which month do the Hmong people dye linen fabric using the Cang plant (a type of indigo plant)?,July,,July,Gia Nghia,,,
225,Gia Nghia,Mai,vie_latn,Vietnam/Northern Midland and Mountainous Regions,"Người Mông nhuộm vải lanh bằng cây Cang (giống cây chàm). Cây Cang được chặt cả thân, lá, cành về đem băm, vò kỹ ngâm vào chum, vại. Khi lá Cang nát ngấm thì vớt ra bỏ bã, nước chàm được lọc kỹ qua một cái rá đựng trấu. Sau đó lấy tro bếp để vào trong một cái rổ có lót lá chuối, đổ nước Cang cho chảy qua rổ tro bếp xuống một cái chum. Dung dịch này sẽ được để mấy ngày?",3 ngày,https://dsvh.gov.vn/nghe-thuat-tao-hoa-van-tren-trang-phuc-cua-nguoi-mong-hoa-tinh-son-la-3255,"The Hmong people dye linen fabric using the Cang plant (a type of indigo). The entire Cang plant, including the trunk, leaves, and branches, is chopped, crushed, and soaked in a jar or container. Once the leaves are crushed and the dye has infused, the residue is removed, and the indigo dye is carefully filtered through a sieve filled with rice husks. Then, wood ash is placed in a basket lined with banana leaves, and the Cang dye is poured through the ash into a jar. How many days is this solution left to stand?","The Hmong people dye linen fabric using the Cang plant (a type of indigo). The entire Cang plant, including the trunk, leaves, and branches, is chopped, crushed, and soaked in a jar or container. Once the leaves are crushed and the dye has infused, the residue is removed, and the indigo dye is carefully filtered through a sieve filled with rice husks. Then, wood ash is placed in a basket lined with banana leaves, and the Cang dye is poured through the ash into a jar. How many days is this solution left to stand?",3 days,x,3 days,Gia Nghia,,,
226,Gia Nghia,Mai,vie_latn,Vietnam/Central Highlands,Lễ hội Ada Koonh (Mừng lúa mới) của người Pa Cô được diễn ra vào tháng nào?,Tháng 12,https://dsvh.gov.vn/le-hoi-ada-koonh-mung-lua-moi-cua-nguoi-pa-co-3212,In which month does the Ada Koonh (New Rice Festival) of the Pa Cô people take place?,In which month does the Ada Koonh (New Rice Festival) of the Pa Cô people take place?,December,,December,Gia Nghia,,,
227,Gia Nghia,Mai,vie_latn,Vietnam/Northern Midland and Mountainous Regions,Lễ cấp sắc của người Dao Tiền được tổ chức thường kéo dài ba ngày,3 ngày,https://dsvh.gov.vn/le-cap-sac-cua-nguoi-dao-tien-tinh-phu-tho-3254,The coming-of-age ceremony of the Dao Tien people is usually held over three days.,The coming-of-age ceremony of the Dao Tien people is usually held over three days.,3 days,,3 days,Gia Nghia,,,
228,Gia Nghia,Mai,vie_latn,Vietnam/Northern Midland and Mountainous Regions,"Nghi lễ Gội đầu (Lúng Ta) của người Thái trắng ở huyện Quỳnh Nhai, tỉnh Sơn La, gắn với câu chuyện về Nàng Han xinh đẹp, giả trai đi đánh giặc, chiến thắng trở về vào ngày mồng mấy Tết âm lịch?",30 Tết,https://dsvh.gov.vn/nghi-le-goi-dau-lung-ta-cua-nguoi-thai-trang-3266,"The Hair Washing Ceremony (Lúng Ta) of the White Thai people in Quỳnh Nhai district, Sơn La province, is associated with the story of the beautiful Lady Han, who disguised herself as a man to fight the enemy and returned victorious on which day of the Lunar New Year?","The Hair Washing Ceremony (Lúng Ta) of the White Thai people in Quỳnh Nhai district, Sơn La province, is associated with the story of the beautiful Lady Han, who disguised herself as a man to fight the enemy and returned victorious on which day of the Lunar New Year?",30th of Tet,,30th of Tet,Gia Nghia,,,
229,Gia Nghia,Mai,vie_latn,Vietnam/Northern Midland and Mountainous Regions,Trường ca Xa Nhà Ca của người Hà Nhì có bao nhiêu chương?,11 Chương,https://dantocphattrien.vietnamnet.vn/truong-ca-xa-nha-ca-cung-chieu-dai-lich-su-nguoi-ha-nhi-46880.html,"How many chapters are there in the Ha Nhi people's epic poem ""Away from Home""?","How many chapters are there in the Ha Nhi people of Vietnam's epic poem ""Away from Home""?",11 Chapters,,11 Chapters,Gia Nghia,,,
230,Gia Nghia,Mai,vie_latn,Vietnam/Northern Midland and Mountainous Regions,"Thông thường, một cuộc hát Sli của người Nùng thường diễn ra với mấy chặng?",3 chặng,https://dsvh.gov.vn/hat-sli-cua-nguoi-nung-3117,"Typically, how many stages does a Nung people's Sli singing performance consist of?","Typically, how many stages does a Nung people's Sli singing performance consist of?",3 stages,,3 stages,Gia Nghia,,,
231,Gia Nghia,Mai,vie_latn,Vietnam/Mekong Delta,Nhạc Ngũ âm truyền thống của người Khmer (Pinn Peat) là một dàn nhạc được hợp thành bởi mấy bộ nhạc cụ?,5 bộ,https://dsvh.gov.vn/nhac-ngu-am-cua-nguoi-khmer-o-soc-trang-3203,The traditional Khmer Pinn Peat is an orchestra composed of how many sets of musical instruments?,The traditional Khmer Pinn Peat is an orchestra composed of how many sets of musical instruments?,5 sets,,5 sets,Gia Nghia,,,
232,Gia Nghia,Mai,vie_latn,Vietnam/Central Highlands,Tục chơi diều sáo được thực hành trong lễ hội Sáo Đền từ ngày mấy tới ngày mấy âm lịch?,22 - 28 tháng Ba Âm lịch,https://dsvh.gov.vn/tuc-choi-dieu-sao-trong-le-hoi-sao-den-3204,The tradition of flying kites with whistles is practiced during the Flute Temple Festival from which lunar date to which date?,The tradition of flying kites with whistles is practiced during the Flute Temple Festival from which lunar date to which date?,March 22-28 (Lunar Calendar),x,March 22-28 (Lunar Calendar),Gia Nghia,,,
233,Gia Nghia,Mai,vie_latn,Vietnam/Central Highlands,Lễ cúng mừng lúa mới của người Rơ Măm có tên gọi là gì trong tiếng Rơ Măm?,Et Nhu,https://baochinhphu.vn/net-van-hoa-cua-nguoi-ro-mam-10259337.htm,What is the name of the Rơ Măm people's harvest festival in the Rơ Măm language?,What is the name of the Rơ Măm people's harvest festival in the Rơ Măm language?,Et Nhu,,Et Nhu,Gia Nghia,,,
234,Gia Nghia,Mai,vie_latn,Vietnam/Mekong Delta,"Múa rom vong của người Khmer là điệu múa vòng tròn, theo nhịp gì?",Nhịp 2/4,https://dsvh.gov.vn/mua-rom-vong-cua-nguoi-khmer-tinh-soc-trang-3205,"The Khmer Rom Vong dance is a circular dance, following what rhythm?","The Khmer Rom Vong dance is a circular dance, to what rhythm?",2/4 time signature,,2/4 time signature,Gia Nghia,,,
235,Gia Nghia,Mai,vie_latn,Vietnam/Mekong Delta,"Trong kỹ thuật chế biến rượu cần của người Xtiêng tỉnh Bình Phước, cơm rượu và men được trộn với tỷ lệ nào?",1kg gạo trên 1 viên men,https://dsvh.gov.vn/ky-thuat-che-bien-ruou-can-cua-nguoi-xtieng-tinh-binh-phuoc-3195,"In the traditional rice wine-making technique of the Xtieng people in Binh Phuoc province, what is the ratio of fermented rice and yeast used in the mixture?","In the traditional rice wine-making technique of the Xtieng people in Binh Phuoc province, what is the ratio of fermented rice and yeast used in the mixture?",1 kg of rice per yeast tablet,x,1 kg of rice per yeast tablet,Gia Nghia,,,
236,Gia Nghia,Mai,vie_latn,Vietnam/Mekong Delta,Tết Chôl Chnăm Thmây của người Khmer báo hiệu sự chuyển giao giữa hai mùa nào?,Mùa khô và mùa mưa,https://nhandan.vn/special/Chaul-Chnam-Thmay/index.html,"The Khmer New Year, Chôl Chnăm Thmây, signals the transition between which two seasons?","The Khmer New Year, Chôl Chnăm Thmây, signals the transition between which two seasons?",Dry season and rainy season,x,Dry season and rainy season,Gia Nghia,,,
237,Gia Nghia,Mai,vie_latn,Vietnam/Mekong Delta,"Trong lễ hội Dua Tpeng (Phá Bàu) của người Khmer, già làng sẽ cột bao nhiêu chiếc lục lạc vào xe bò?",13 chiếc,https://dsvh.gov.vn/le-hoi-dua-tpeng-pha-bau-cua-nguoi-khmer-3196,"During the Khmer Dua Tpeng (Breaking the Pond) festival, how many bells will the village elder tie to the ox cart?","During the Khmer Dua Tpeng (Breaking the Pond) festival, how many bells will the village elder tie to the ox cart?",13 pieces,,13 pieces,Gia Nghia,,,
238,Gia Nghia,Mai,vie_latn,Vietnam/Mekong Delta,Lễ hội miếu Bà Rá diễn ra từ ngày naò tới ngày nào Âm lịch hàng năm? ,Ngày 01 đến 03 tháng Ba Âm lịch ,https://dsvh.gov.vn/le-hoi-mieu-ba-ra-3197,"When does the Ba Ra Temple Festival take place each year, from what date to what date according to the lunar calendar?","When does the Ba Ra Temple Festival take place each year, from what date to what date according to the lunar calendar?",The 1st to 3rd day of the third lunar month.,x,The 1st to 3rd day of the third lunar month.,Gia Nghia,,,
239,Gia Nghia,Mai,vie_latn,Vietnam/Central Highlands,Lễ hội nào của người dân tộc Brâu được tổ chức khi cộng đồng gặp biến cố lớn như hỏa hoạn hoặc dịch bệnh?,Lễ hội Bon-Xơ Ruk  ,https://vietnamtourism.gov.vn/post/61531,Which festival of the Brâu ethnic group is held when the community faces major events such as fires or epidemics?,Which festivals of the Brâu ethnic group of Vietnam are held when the community faces major crises such as fires or epidemics?,Bon-Xơ Ruk Festival,,Bon-Xơ Ruk Festival,Gia Nghia,,,
240,Gia Nghia,Mai,vie_latn,Vietnam/Nghe An,Người Ơ Đu ở Nghệ An bắt đầu một năm mới sau khi nghe thấy gì?,Tiếng sấm,https://dantoctongiao.vn/le-hoi-tieng-sam-dau-nam-cua-nguoi-o-du-o-nghe-an-1776316547034.htm,What do the O Du people in Nghe An hear to start the new year?,What do the O Du people in Nghe An hear to start the new year?,Thundering,,Thundering,Gia Nghia,,,
241,Gia Nghia,Mai,vie_latn,Vietnam/Northern Midland and Mountainous Regions,Người Mảng quan niệm vũ trụ có mấy tầng?,Bốn tầng,https://baolaichau.vn/van-hoa/doc-dao-ban-sac-van-hoa-dan-toc-mang,How many layers does the Mang people believe the universe has?,How many layers does the Mang people in Vietnam believe the universe has?,Four floors,,Four floors,Gia Nghia,,,
242,Gia Nghia,Mai,vie_latn,Vietnam/Northern Midland and Mountainous Regions,Truyền thuyết của người Mảng có hình tượng con người sinh ra từ quả gì?,Quả bầu,https://baolaichau.vn/van-hoa/doc-dao-ban-sac-van-hoa-dan-toc-mang,"According to the legends of the Mang people, what fruit did humans originate from?","According to the legends of the Mang people in Vietnam, what fruit did humans originate from?",Apple,,Apple,Gia Nghia,,,
243,Gia Nghia,Mai,vie_latn,Vietnam/Northern Midland and Mountainous Regions,Người Mảng tập trung nhiều nhất ở tỉnh nào?,tỉnh Lai Châu,https://tuoitre.vn/nguoi-mang-noi-cuoi-troi-tay-bac-269706.htm,In which province are the Mang people most concentrated?,In which Vietnamese province are the Mang people most concentrated?,Lai Chau province,,Lai Chau province,Gia Nghia,,,
244,Gia Nghia,Mai,vie_latn,Vietnam/Northern Midland and Mountainous Regions,"Trong tục cưới của dân tộc Pu Péo, nhà trai phải mang mấy con gà làm lễ vật?",2 con gà,https://vi.wikipedia.org/wiki/L%E1%BB%85_c%C6%B0%E1%BB%9Bi_(ng%C6%B0%E1%BB%9Di_Pu_P%C3%A9o),"In the wedding customs of the Pu Péo ethnic group, how many chickens must the groom's family bring as a gift?","In the wedding customs of the Pu Péo ethnic group in Vietnam, how many chickens must the groom's family bring as a gift?",2 chickens,,2 chickens,Gia Nghia,,,
245,Gia Nghia,Mai,vie_latn,Vietnam/Northern Midland and Mountainous Regions,"Người Pu Péo quan niệm mỗi người có mấy hồn, mấy vía?","8 hồn, 9 vía",https://nhandan.vn/dan-toc-pu-peo-post723949.html,The Pu Péo people believe that each person has several souls and spirits.,The Pu Péo people believe that each person has several souls and spirits.,"8 souls, 9 spirits",x,"8 souls, 9 spirits",Gia Nghia,,,
246,Gia Nghia,Mai,vie_latn,Vietnam/Northern Midland and Mountainous Regions,Người Pu Péo quan niệm rằng thế giới gồm mấy tầng?,3 tầng,https://nhandan.vn/dan-toc-pu-peo-post723949.html,The Pu Péo people believe the world consists of several layers.,The Pu Péo people believe the world consists of several layers.,3 floors,x,3 floors,Gia Nghia,,,
247,Gia Nghia,Mai,vie_latn,Vietnam/Northern Midland and Mountainous Regions,Người Si La ăn tết năm mới vào đầu tháng mấy âm lịch?,Tháng 12 âm lịch,https://nhandan.vn/dan-toc-si-la-post723939.html,At what beginning of the lunar calendar do the Si La people celebrate their New Year?,The Si La people celebrate the New Year at the beginning of the 12th lunar month.,December in the lunar calendar,x,December in the lunar calendar,Gia Nghia,,,
248,Gia Nghia,Mai,vie_latn,Vietnam/Northern Midland and Mountainous Regions,"Cứ mấy năm, người Si La lại làm lễ cúng hồn lúa?",7 năm,https://nhandan.vn/dan-toc-si-la-post723939.html,"Every few years, do the Si La people hold a ceremony to worship the spirit of the rice crop?","Every how many years, do the Si La people in Vietnam hold a ceremony to worship the spirit of the rice crop?",7 years,,7 years,Gia Nghia,,,
249,Gia Nghia,Mai,vie_latn,Vietnam/Northern Midland and Mountainous Regions,Đồng bào người Si La làm đám cưới mấy lần?,2 lần,https://dantocphattrien.vietnamnet.vn/nguoi-si-la-duy-tri-thuc-hien-net-van-hoa-dac-sac-y-nghia-trong-cuoi-hoi-51297.html,How many times do the Si La people hold a wedding ceremony?,How many times do the Si La people in Vietnam hold a wedding ceremony?,twice,,twice,Gia Nghia,,,
250,Gia Nghia,Mai,vie_latn,Vietnam/Northern Midland and Mountainous Regions,"Sau khi sinh con đầu bao nhiêu ngày, người sản phụ dân tộc Ngái mới được tìm đến nhà mẹ đẻ của mình?",60 ngày ,https://vi.wikipedia.org/wiki/Ng%C6%B0%E1%BB%9Di_Ng%C3%A1i,"After giving birth to her first child, how many days later can a woman of the Ngai ethnic group visit her mother's home?","After giving birth to her first child, how many days later can a woman of the Ngai ethnic group in Vietnam visit her mother's home?",60 days,,60 days,Gia Nghia,,,
251,Gia Nghia,Mai,vie_latn,Vietnam/Northern Midland and Mountainous Regions,"Vào dịp đầu năm mới, người Ngái tổ chức Lễ gì để cho mưa thuận gió hòa, mùa màng sinh sôi, tươi tốt?",Lễ Kỳ Yên,"https://vi.wikipedia.org/wiki/Ng%C6%B0%E1%BB%9Di_Ng%C3%A1i#T%E1%BB%A5c_l%E1%BB%87,_v%C4%83n_h%C3%B3a,_l%E1%BB%85_h%E1%BB%99i","What ceremony do the Ngai people hold at the beginning of the new year to pray for favorable weather, abundant harvests, and prosperity?","What ceremony do the Ngai people in Vietnam hold at the beginning of the new year to pray for favorable weather, abundant harvests, and prosperity?",Ky Yen Festival,,Ky Yen Festival,Gia Nghia,,,
252,Gia Nghia,Mai,vie_latn,Vietnam/Northern Midland and Mountainous Regions,Người Cống cho rằng nam giới có bao nhiêu hồn?,19 hồn,https://vi.wikipedia.org/wiki/Ng%C6%B0%E1%BB%9Di_C%E1%BB%91ng,The Cong people believe that men have how many souls?,The Cong people believe that men have how many souls?,19 souls,,19 souls,Gia Nghia,,,
253,Gia Nghia,Mai,vie_latn,Vietnam/Northern Midland and Mountainous Regions,"Trong phong tục tập quán người Cống, người cùng họ phải cách nhau mấy đời mới được kết hôn?",7 đời,https://vi.wikipedia.org/wiki/Ng%C6%B0%E1%BB%9Di_C%E1%BB%91ng#Phong_t%E1%BB%A5c,"In the customs of the Cong people, how many generations apart must people of the same surname be before they can marry?","In the customs of the Cong people, how many generations apart must people of the same surname be before they can marry?",7 generations,,7 generations,Gia Nghia,,,
254,Gia Nghia,Mai,vie_latn,Vietnam/Northern Midland and Mountainous Regions,"Người Bố Y quan niệm vũ trụ gồm ba tầng, với tầng cuối cùng là của ai?",Của những người tí hon ,https://nhandan.vn/dan-toc-bo-y-post723953.html,"The Bo Y people believe the universe consists of three layers, and who belongs to the bottom layer?","The Bo Y people in Vietnam believe the universe consists of three layers, and who belongs to the bottom layer?",Of the little people,,Of the little people,Gia Nghia,,,
255,Gia Nghia,Mai,vie_latn,Vietnam/Northern Midland and Mountainous Regions,Phụ nữ Bố Y mặc áo ngắn mấy thân?,Năm thân,https://nhandan.vn/dan-toc-bo-y-post723953.html,How many panels does a Bố Y woman's short blouse have?,How many panels does a Bố Y woman in Vietnam's short blouse have?,Year of the Monkey,,Year of the Monkey,Gia Nghia,,,
256,Gia Nghia,Mai,vie_latn,Vietnam/Northern Midland and Mountainous Regions,Lễ cầu mùa của người Cờ Lao được tổ chức vào tháng mấy âm lịch hàng năm?,Tháng 7 âm lịch,https://baophutho.vn/bao-ton-luu-giu-gia-tri-van-hoa-truyen-thong-cua-dan-toc-co-lao-197673.htm,In which lunar month of each year is the harvest festival of the Cờ Lao people held?,In which lunar month of each year is the harvest festival of the Cờ Lao people of Vietnam held?,July in the lunar calendar,,July in the lunar calendar,Gia Nghia,,,
257,Gia Nghia,Mai,vie_latn,Vietnam/Northern Midland and Mountainous Regions,Dân tộc Cờ Lao hầu như chỉ cư trú ở tỉnh nào?,Tỉnh Hà Giang,https://nhandan.vn/dan-toc-co-lao-post723954.html,In which province do the Co Lao ethnic group primarily reside?,In which province do the Co Lao ethnic group primarily reside?,Ha Giang Province,,Ha Giang Province,Gia Nghia,,,
258,Gia Nghia,Mai,vie_latn,Vietnam/Northern Midland and Mountainous Regions,Người Cờ Lao tin rằng thế giới được cấu thành từ bao nhiêu bộ phận?,3 bộ phần,https://nhandan.vn/dan-toc-co-lao-post723954.html,The Cờ Lao people believe the world is made up of how many parts?,The Cờ Lao people in Vietnam believe the world is made up of how many parts?,3 parts,,3 parts,Gia Nghia,,,
259,Gia Nghia,Mai,vie_latn,Vietnam/Northern Midland and Mountainous Regions,Phần lớn nhà ở của người Cờ Lao là nhà gì?,Nhà trình tường,https://nhandan.vn/dan-toc-co-lao-post723954.html,What type of houses are most commonly found among the Cờ Lao people?,What type of houses are most commonly found among the Cờ Lao people in Vietnam?,Earthen house,,Earthen house,Gia Nghia,,,
260,Gia Nghia,Mai,vie_latn,Vietnam/Northern Midland and Mountainous Regions,"Khi sinh ra, con người dân tộc Lô Lô lấy họ ai?",Họ cha,https://nhandan.vn/dan-toc-lo-lo-post723899.html,What surname do Lolo people take at birth?,What surname do Lolo people in Vietnam take at birth?,Father's surname,,Father's surname,Gia Nghia,,,
261,Gia Nghia,Mai,vie_latn,Vietnam/Northern Midland and Mountainous Regions,"Trong xã hội truyền thống của dân tộc Lự, mỗi bản có người đứng đầu gọi là gì?",Tạo bản,https://nhandan.vn/dan-toc-lu-post723951.html,"In the traditional society of the Lu ethnic group, what is the name of the leader of each village?","In the traditional society of the Lu ethnic group in Vietnam, what is the name of the leader of each village?",Create a copy,,"""Tạo bản""",Gia Nghia,,,
262,Gia Nghia,Mai,vie_latn,Vietnam/Northern Midland and Mountainous Regions,"Khác với người Thái, Lào, nhà người Lự luôn hướng về phía nào?",Tây bắc,https://nhandan.vn/dan-toc-lu-post723951.html,"Unlike the Thais and Laotians, which direction do the Lu people's houses always face?","Unlike the Thais and Laotians, which direction do the Lu people in Vietnam's houses always face?",Northwest,,Northwest,Gia Nghia,,,
263,Gia Nghia,Mai,vie_latn,Vietnam/Northern Midland and Mountainous Regions,Nhạc cụ sáo đôi của dân tộc Lự được gọi là gì trong tiếng Lự?,Pí me lụ,https://laichau.gov.vn/tin-tuc-su-kien/chuyen-de/lai-chau-dat-nuoc-va-nguoi/dac-sac-van-hoa-truyen-thong-cua-dan-toc-lu.html,What is the Lu ethnic group's double flute called in the Lu language?,What is the Lu ethnic group of Vietnam's double flute called in the Lu language?,Pi me lu,,Pi me lu,Gia Nghia,,,
264,Gia Nghia,Mai,vie_latn,Vietnam/Northern Midland and Mountainous Regions,Lễ hội nhảy lửa của người Pà Thẻn được tổ chức vào ngày nào hàng năm?,Ngày 16/10 âm lịch,https://special.nhandan.vn/net-van-hoa-truyen-thong-cua-dan-toc-Pa-then/index.html,On what date is the Pà Thẻn people's fire-dancing festival held annually?,On what date is the Pà Thẻn people of Vietnam's fire-dancing festival held annually?,October 16th (lunar calendar),,October 16th (lunar calendar),Gia Nghia,,,
265,Gia Nghia,Mai,vie_latn,Vietnam/Northern Midland and Mountainous Regions,"Trong lễ hội nhảy lửa, lễ cúng thần lửa kéo dài bao nhiêu phút?",30 phút,https://special.nhandan.vn/net-van-hoa-truyen-thong-cua-dan-toc-Pa-then/index.html,"During the fire-dancing festival, how many minutes does the ritual offering to the fire god last?","During the fire-dancing festival, how many minutes does the ritual offering to the fire god last?",30 minutes,x,30 minutes,Gia Nghia,,,
266,Gia Nghia,Mai,vie_latn,Vietnam/Northern Midland and Mountainous Regions,Người Pà Thẻn dùng màu gì làm chủ đạo trên trang phục cổ truyền?,Màu đỏ,https://nhandan.vn/dan-toc-pa-then-post723938.html,What color do the Pà Thẻn people primarily use in their traditional clothing?,What is the dominant color used by the Pà Thẻn people of Vietnam in their traditional clothing?,Red,,Red,Gia Nghia,,,
267,Gia Nghia,Mai,vie_latn,Vietnam/Northern Midland and Mountainous Regions,Lễ hội Pang A của người dân tộc La Ha được tổ chức để cảm tạ ai?,Thầy thuốc,https://baosonla.vn/van-hoa-van-nghe-the-thao/le-hoi-pang-a-net-van-hoa-doc-dao-cua-dan-toc-la-ha-8046.html,To whom is the Pang A festival of the La Ha ethnic group held in gratitude?,To whom is the Pang A festival of the La Ha ethnic group in Vietnam held in gratitude?,Physician,,Physician,Gia Nghia,,,
268,Gia Nghia,Mai,vie_latn,Vietnam/Northern Midland and Mountainous Regions,Tết truyền thống của dân tộc La Hủ (Nhi chê chê) diễn ra từ ngày nào tới ngày nào?,Từ ngày mùng 1 đến ngày mùng 5 tháng Mười Một,https://nhandan.vn/dan-toc-la-hu-post723937.html,From what date to what date does the traditional New Year celebration of the La Hủ (Nhi chê chê) ethnic group take place?,From what date to what date does the traditional New Year celebration of the La Hủ (Nhi chê chê) ethnic group in Vietnam take place?,From November 1st to November 5th,,From November 1st to November 5th,Gia Nghia,,,
269,Gia Nghia,Mai,vie_latn,Vietnam/Northern Midland and Mountainous Regions,"Trong tiếng La Hủ, cây sâm được gọi là gì?",Cây tam thất ,https://dantocphattrien.vietnamnet.vn/chuyen-ve-nguoi-la-hu-noi-cuoi-troi-tay-bac-cuoc-song-duoi-chan-nui-pu-si-lung-bai-1-50286.html,What is ginseng called in the Lahu language?,What is ginseng called in the Lahu language in Vietnam?,Panax notoginseng,,Panax notoginseng,Gia Nghia,,,
270,Gia Nghia,Mai,vie_latn,Vietnam/Northern Midland and Mountainous Regions,"Người Pa Dí nổi tiếng với những nét văn hóa độc đáo, nhất là trang phục với chiếc mũ đội đầu đặc trưng hình cái gì?",Hình mái nhà,https://vov2.vov.vn/van-hoa-giai-tri/dan-tron-hon-cot-van-hoa-cua-nguoi-pa-di-53371.vov2,"The Pa Dí people are famous for their unique cultural features, especially their clothing, with a distinctive headdress shaped like what?","The Pa Dí people of Vietnam are famous for their unique cultural features, especially their clothing, with a distinctive headdress shaped like what?",Roof shape,,Roof shape,Gia Nghia,,,
271,Gia Nghia,Mai,vie_latn,Vietnam/Northern Midland and Mountainous Regions,Cây đàn tròn của người Pa Dí có mấy dây?,Bốn dây,https://vov2.vov.vn/van-hoa-giai-tri/dan-tron-hon-cot-van-hoa-cua-nguoi-pa-di-53371.vov2,How many strings does the round-necked instrument of the Pa Dí people have?,How many strings does the round-necked instrument of the Pa Dí people of Vietnam have?,Four wires,,Four,Gia Nghia,,,
272,Gia Nghia,Mai,vie_latn,Vietnam/Central Highlands,"Về mặt ngôn ngữ, người Churu nói theo ngữ hệ gì?",Mã Lai - Đa Đảo (Malayo-Polynesian),https://lamdong.gov.vn/sites/book/DTLD/churu.htm,"In terms of language, what language family do the Churu people speak?","In terms of language, what language family do the Churu people of Vietnam speak?",Malayo-Polynesian,,Malayo-Polynesian,Gia Nghia,,,
273,Gia Nghia,Mai,vie_latn,Vietnam/Central Highlands,"Sau khi kết hôn, người chồng dân tộc Churu sẽ ở đâu?",Ở nhà vợ,https://lamdong.gov.vn/sites/book/DTLD/churu.htm,"After marriage, where will the Churu husband live?","After marriage, where will the Churu husband live?",At my wife's house,x,At the wife's house,Gia Nghia,,,
274,Gia Nghia,Mai,vie_latn,Vietnam/Northern Midland and Mountainous Regions,Người Xinh Mun có tập quán tìm các ngày nước để dựng nhà. Ngày nước theo phong tục người Xinh Mun là những ngày nào trong tháng?,"Các ngày 2, 6, 8, 9 trong tháng",https://nhandan.vn/dan-toc-xinh-mun-post723897.html,"The Xinh Mun people have a custom of choosing auspicious days to build their houses. According to Xinh Mun tradition, which days of the month are considered auspicious days for building houses?","The Xinh Mun people in Vietnam have a custom of choosing auspicious days to build their houses. According to Xinh Mun tradition, which days of the month are considered auspicious days for building houses?","The 2nd, 6th, 8th, and 9th days of the month",x,"The 2nd, 6th, 8th, and 9th days of the month",Gia Nghia,,,
275,Gia Nghia,Mai,vie_latn,Vietnam/Northern Midland and Mountainous Regions,Trong một ngôi nhà của người dân tộc Kháng có mấy chiếc bếp?,2 chiếc bếp,https://thegioidisan.vn/vi/vai-net-ve-dan-toc-khang.html,How many stoves are there in a Khang ethnic minority house?,How many stoves are there in a Khang ethnic minority house in Vietnam?,2 stoves,,2 stoves,Gia Nghia,,,
276,Gia Nghia,Mai,vie_latn,Vietnam/Northern Midland and Mountainous Regions,Ngôn ngữ Kháng được xếp vào ngữ hệ nào?,Ngữ hệ Nam Á,https://nhandan.vn/dan-toc-khang-post723917.html,To which language family does the Khang language belong?,To which language family does the Khang language spoken in Vietnam belong?,Austroasiatic language family,,Austroasiatic language family,Gia Nghia,,,
277,Gia Nghia,Mai,vie_latn,Vietnam/Northern Midland and Mountainous Regions,"Sau mấy năm ở rể, đôi vợ chồng trẻ người dân tộc Kháng phải làm lễ ra mắt hai họ, nhà trai mới tổ chức đón dâu?",3 năm,https://nhandan.vn/dan-toc-khang-post723917.html,"After several years of living with the groom's family, do the young Khang ethnic couple have to perform a ceremony to introduce themselves to both families before the groom's family organizes the wedding ceremony?","After several years of living with the groom's family, do the young Khang ethnic couple have to perform a ceremony to introduce themselves to both families before the groom's family organizes the wedding ceremony?",3 years,x,3 years,Gia Nghia,,,
278,Gia Nghia,Mai,vie_latn,Vietnam/Central Highlands,"Nhạc cụ truyền thống của người Mạ là bộ chiêng đồng, gồm có mấy chiếc?",6 chiếc,https://nhandan.vn/dan-toc-ma-post723943.html,The traditional musical instrument of the Ma people is a set of bronze gongs. How many gongs are there?,The traditional musical instrument of the Ma people in Vietnam is a set of bronze gongs. How many gongs are there?,6 pieces,,6 pieces,Gia Nghia,,,
279,Gia Nghia,Mai,vie_latn,Vietnam/Central Highlands,"Trong hôn nhân giữa hai người dân tộc Mạ, nếu nộp đầy đủ sính lễ cho nhà gái, người con rể chỉ cần ở lại nhà gái mấy ngày?",8 ngày,https://nhandan.vn/dan-toc-ma-post723943.html,"In a marriage between two people of the Ma ethnic group, if the groom pays the full dowry to the bride's family, how many days does he need to stay at the bride's house?","In a marriage between two people of the Ma ethnic group in Vietnam, if the groom pays the full dowry to the bride's family, how many days does he need to stay at the bride's house?",8 days,,8 days,Gia Nghia,,,
280,Gia Nghia,Mai,vie_latn,Vietnam/Central Highlands,"Người Mạ sinh sống tập trung theo từng làng, gọi là gì?",Bon,http://www.cema.gov.vn/gioi-thieu/cong-dong-54-dan-toc/nguoi-ma.htm,"The Ma people live in concentrated villages, what are they called?","The Ma people in Vietnam live in concentrated villages, what are they called?",Bon,,Bon,Gia Nghia,,,
281,Gia Nghia,Mai,vie_latn,Vietnam/Central Highlands,Nhà dài của dân tộc Mạ được ngăn vách bằng loại vật liệu gì?,Tre nứa,https://vtv.vn/video/nha-dai-cua-nguoi-ma-108677807.htm,What material are used to construct the walls of the longhouses of the Ma ethnic group?,What material are used to construct the walls of the longhouses of the Ma ethnic group in Vietnam?,Bamboo,,Bamboo,Gia Nghia,,,
282,Gia Nghia,Mai,vie_latn,Vietnam/Central Highlands,"Trước khi chọn rừng làm rẫy, người Mạ làm lễ cúng thần rừng vào tháng mấy âm lịch?",Tháng giêng (tháng 1),https://lamdong.gov.vn/sites/book/dantocldong/C22.htm,"Before choosing forest land for farming, in which lunar month do the Ma people perform a ritual to worship the forest god?","Before choosing forest land for farming, in which lunar month do the Ma people in Vietnam perform a ritual to worship the forest god?",January,,January,Gia Nghia,,,
283,Gia Nghia,Mai,vie_latn,Vietnam/Central Highlands,"Khi người Mạ làm lễ Yu rmul, người chủ trì lễ phải kiêng cữ trong mấy ngày?",7 ngày,https://lamdong.gov.vn/sites/book/dantocldong/C22.htm,"When the Ma people perform the Yu rmul ceremony, how many days must the person presiding over the ceremony observe a period of abstinence?","When the Ma people in Vietnam perform the Yu rmul ceremony, how many days must the person presiding over the ceremony observe a period of abstinence?",7 days,,7 days,Gia Nghia,,,
284,Gia Nghia,Mai,vie_latn,Vietnam/Hue,"Trai gái Tà Ôi sau khi đã cắt cụt mấy chiếc răng cửa hàm trên thì được tìm hiểu nhau và lấy vợ, lấy chồng?",6 chiếc,http://www.cema.gov.vn/gioi-thieu/cong-dong-54-dan-toc/nguoi-ta-oi.htm,"In the Ta Oi ethnic group, after having their upper front teeth removed, are Ta Oi boys and girls allowed to get to know each other and marry?","In the Ta Oi ethnic group in Vietnam, after having their upper front teeth removed, are Ta Oi boys and girls allowed to get to know each other and marry?",6 pieces,x,6 pieces,Gia Nghia,,,
285,Gia Nghia,Mai,vie_latn,Vietnam/Hue,Nhạc cụ khèn của người Tà Ôi gồm bao nhiêu ống nứa?,14 ống nứa,https://nhandan.vn/dan-toc-ta-oi-post723947.html,How many bamboo tubes are used in the Ta Oi people's mouth organ?,How many bamboo tubes are used in the Ta Oi people's mouth organ?,14 bamboo tubes,,14 bamboo tubes,Gia Nghia,,,
286,Gia Nghia,Mai,vie_latn,Vietnam/Hue,Gùi cánh dơi (hay còn gọi là gùi Koroh) của người Tà Ôi gồm bao nhiêu ngăn?,3 ngăn,https://dantocmiennui.baotintuc.vn/tinh-xao-gui-bac-tay-nguyen-post237818.html,How many compartments does the bat-winged basket (also known as the Koroh basket) of the Ta Oi people have?,How many compartments does the bat-winged basket (also known as the Koroh basket) of the Ta Oi people in Vietnam have?,3 compartments,,3 compartments,Gia Nghia,,,
287,Gia Nghia,Mai,vie_latn,Vietnam/Hue,"Mái nhà sàn Tà Ôi uốn tròn ở 2 đầu hồi, trên đỉnh dốc có cái gì nhô lên?",Khau cút ,https://nhandan.vn/dan-toc-ta-oi-post723947.html,"The roof of the Ta Oi stilt house is curved at both gable ends, and what protrudes from the top of the slope?","The roof of Ta Oi stilt houses in Vietnam are curved at both gable ends, and what protrudes from the top of the slope?",Khau cut,,Khau cut,Gia Nghia,,,
288,Gia Nghia,Mai,vie_latn,Vietnam/Central Highlands,"Trên đường đi rẫy, người Ve (một nhóm địa phương thuộc dân tộc Giẻ Triêng) sẽ đi về nếu gặp con gì?",Con rắn,https://dsvh.gov.vn/Upload/files/Tap%20chi%20DSVH/So%2027/2713_mot%20so%20luat%20tuc%20gan%20voi%20ton%20giao%20tin%20nguong%20cac%20dan%20toc%20thieu%20so%20Quang%20Nam.pdf,"On their way to the fields, what animal would the Ve people (a local group belonging to the Gie Trieng ethnic group) encounter if they returned home?","On their way to the fields, what animal would the Ve people (a local group belonging to the Gie Trieng ethnic group in Vietnam) encounter if they returned home?",Snake,,Snake,Gia Nghia,,,
289,Gia Nghia,Mai,vie_latn,Vietnam/Central Highlands,"Trong thời gian vợ ở cữ, người chồng dân tộc Giẻ-Triêng không được bắn cái gì lên trời?",Bắn ná,https://dsvh.gov.vn/Upload/files/Tap%20chi%20DSVH/So%2027/2713_mot%20so%20luat%20tuc%20gan%20voi%20ton%20giao%20tin%20nguong%20cac%20dan%20toc%20thieu%20so%20Quang%20Nam.pdf,"During the postpartum period, are Gie-Trieng men not allowed to shoot anything into the air?","During the postpartum period, what are Gie-Trieng men in Vietnam not allowed to shoot anything into the air?",Slingshot,,Slingshot,Gia Nghia,,,
290,Gia Nghia,Mai,vie_latn,Vietnam/Central Highlands,Người Giẻ-Triêng thường ăn tết cổ truyền vào tháng mấy?,Tháng mười một (khay cu điôt muôi),https://dsvh.gov.vn/Upload/files/Tap%20chi%20DSVH/So%2010/1007_Nam%20moi%20Le%20hoi%20chuyen%20mua%20cua%20Dong%20Nam%20A.pdf,In which month do the Gie-Trieng people usually celebrate their traditional New Year?,In which month do the Gie-Trieng people in Vietnam usually celebrate their traditional New Year?,November (salt diode tray),x,November (khay cu điôt muôi in the Giẻ-Triêng language),Gia Nghia,,,
291,Gia Nghia,Mai,vie_latn,Vietnam/Central Highlands,"Trong lễ hội ăn trâu của dồng bào Giẻ-Triêng, các thanh niên sẽ đeo khăn màu gì quanh đầu?",Màu đỏ,https://dsvh.gov.vn/Upload/files/Tap%20chi%20DSVH/So%2026/2614_Con%20trau%20trong%20tin%20nguong%20va%20le%20hoi%20dan%20gian%20Viet%20Nam.pdf,"During the buffalo-eating festival of the Gie-Trieng people, what color headscarf do the young men wear?","During the buffalo-eating festival of the Gie-Trieng people in Vietnam, what color headscarf do the young men wear?",Red,,Red,Gia Nghia,,,
292,Gia Nghia,Mai,vie_latn,Vietnam/Northern Midland and Mountainous Regions,Bộ ba nhạc cụ truyền thống của người Giáy là gì?,"Trống, chiêng và pí lè",https://nhandan.vn/dan-toc-giay-post723941.html,What are the three traditional musical instruments of the Giáy people?,What are the three traditional musical instruments of the Giáy people in Vietnam?,"Drums, gongs, and flutes",x,"Drums, gongs, and flutes",Gia Nghia,,,
293,Gia Nghia,Mai,vie_latn,Vietnam/Northern Midland and Mountainous Regions,"Trong lễ hội kéo co của người Giáy, dây được chia làm 2 phần đều nhau, phần chính giữa quấn vải hoặc giấy màu gì?",Màu đỏ,"https://dsvh.gov.vn/keo-co-cua-nguoi-tay,-nguoi-giay-o-lao-cai-1107","In the Giáy people's tug-of-war festival, the rope is divided into two equal parts, with what color cloth or paper wrapped around the middle section?","In the Giáy people of Vietnam's tug-of-war festival, the rope is divided into two equal parts, with what color cloth or paper wrapped around the middle section?",Red,,Red,Gia Nghia,,,
294,Gia Nghia,Mai,vie_latn,Vietnam/Northern Midland and Mountainous Regions,"Trong lễ hội Roóng Poọc của người Giáy, quả còn được làm bởi mấy cô gái đồng trinh?",5 cô gái,"https://dsvh.gov.vn/le-hoi-roong-pooc-cua-nguoi-giay-o-xa-ta-van,-huyen-sapa,-tinh-lao-cai-1100","In the Roóng Poọc festival of the Giáy people, are the fruits still made by virgin girls?","In the Roóng Poọc festival of the Giáy people in Vietnam, are the fruits still made by virgin girls?",5 girls,,5 girls,Gia Nghia,,,
295,Gia Nghia,Mai,vie_latn,Vietnam/Northern Midland and Mountainous Regions,"Sau khi quả còn đã được chuẩn bị xong, nam, nữ đứng riêng thành 2 hàng (mỗi bên 4 người) cầm những “quả còn” đã được “ra mắt” thần và ném tượng trưng mấy lần?",3 lần,"https://dsvh.gov.vn/le-hoi-roong-pooc-cua-nguoi-giay-o-xa-ta-van,-huyen-sapa,-tinh-lao-cai-1100","After the balls are prepared, men and women stand separately in two rows (4 people on each side), holding the balls that have been ""presented"" to the gods, and symbolically throw them a certain number of times.","After the balls have been prepared, the male and female attendants stand in two separate rows (four on each side), holding the ""balls"" that have been ""presented"" to the deity, and symbolically throw them a certain number of times.",3 times,x,3 times,Gia Nghia,,,
296,Gia Nghia,Mai,vie_latn,Vietnam/Northern Midland and Mountainous Regions,"Sáng sớm mùng Một Tết âm lịch, thầy cúng mặc trang phục chỉnh tề, cùng một số thanh niên khỏe mạnh, chưa vợ, mang một mâm lễ đến cúng tại miếu Bà, với lễ vật gồm mấy con gà?",2 con gà,https://dsvh.gov.vn/le-hoi-mung-nam-moi-cua-nguoi-giay-1050,"Early on the morning of the first day of the Lunar New Year, the shaman, dressed in formal attire, along with several strong, unmarried young men, brought an offering tray to the temple of the Goddess, which included several chickens.","Early on the morning of the first day of the Lunar New Year, the shaman, dressed in formal attire, along with several strong, unmarried young men, brought an offering tray to the temple of the Goddess, which included several chickens.",2 chickens,x,2 chickens,Gia Nghia,,,
297,Gia Nghia,Mai,vie_latn,Vietnam/Northern Midland and Mountainous Regions,Tết cổ truyền của người Giáy trùng với dịp nào?,Tết âm lịch,https://dsvh.gov.vn/le-hoi-mung-nam-moi-cua-nguoi-giay-1050,When does the traditional New Year of the Giáy people coincide with?,What holiday does the traditional New Year of the Giáy people of Vietnam coincide with?,Lunar New Year,,Lunar New Year,Gia Nghia,,,
298,Gia Nghia,Mai,vie_latn,Vietnam/Central Highlands,"Trong các buổi nói lý, hát lý của người dân tộc Cơ Tu, chỉ có những người trên bao nhiêu tuổi mới được tham gia?",50 tuổi,https://scov.gov.vn/ban-sac-van-hoa/gioi-thieu-ban-sac-van-hoa/noi-ly-hat-ly-trong-doi-song-dong-bao-co-tu.html,"In the traditional storytelling and singing sessions of the Co Tu ethnic group, only those of a certain age are allowed to participate?","In the traditional storytelling and singing sessions of the Co Tu ethnic group in Vietnam, after what age are people allowed to participate?",50 years old,,50 years old,Gia Nghia,,,
299,Gia Nghia,Mai,vie_latn,Vietnam/Central Highlands,"Theo quan niệm của người Cơtu, Yaya là điệu múa dành riêng cho ai?",Phụ nữ,https://dsvh.gov.vn/Upload/files/5017_Mua%20Tung%20tung%20Yaya.pdf,"According to the Katu people's beliefs, for whom is the Yaya dance specifically performed?","According to the Katu people in Vietnam's beliefs, for whom is the Yaya dance specifically performed?",Women,,Women,Gia Nghia,,,
300,Gia Nghia,Mai,vie_latn,Vietnam/Central Highlands,"Theo quan niệm của người Cơtu, Tung Tung là điệu múa dành riêng cho ai?",Nam giới,https://dsvh.gov.vn/Upload/files/5017_Mua%20Tung%20tung%20Yaya.pdf,"According to the Katu people's beliefs, who is the Tung Tung dance specifically for?","According to the Katu people in Vietnam's beliefs, who is the Tung Tung dance specifically for?",Men,,Men,Gia Nghia,,,
301,Gia Nghia,Mai,vie_latn,Vietnam/Central Highlands,Cây đàn Abel của người Cơtu được làm bằng vật liệu gì?,Ống tre,https://dsvh.gov.vn/Upload/files/Tap%20chi%20DSVH/So%2028/2811_Am%20nhac%20dan%20toc%20Cotu%20o%20Quang%20Nam.pdf,What material is the Abel instrument of the Co Tu people made of?,What material is the Abel instrument of the Co Tu people in Vietnam made of?,Bamboo pipe,,Bamboo pipe,Gia Nghia,,,
302,Gia Nghia,Mai,vie_latn,Vietnam/Central Highlands,Cây kèn Cơrơdol của người Cơtu được làm bằng vật liệu gì?,Sừng sơn dương,https://dsvh.gov.vn/Upload/files/Tap%20chi%20DSVH/So%2028/2811_Am%20nhac%20dan%20toc%20Cotu%20o%20Quang%20Nam.pdf,What material is the Cơrơdol horn of the Cơtu people made of?,What material is the Cơrơdol horn of the Cơtu people in Vietnam made of?,mountain goat horns,,mountain goat horns,Gia Nghia,,,
303,Gia Nghia,Mai,vie_latn,Vietnam/Central Highlands,Đàn Jưl của đồng bào Cơtu có mấy dây?,Hai dây,https://dsvh.gov.vn/Upload/files/Tap%20chi%20DSVH/So%2028/2811_Am%20nhac%20dan%20toc%20Cotu%20o%20Quang%20Nam.pdf,How many strings does the Jưl instrument of the Cơtu people have?,How many strings does the Jưl instrument of the Cơtu people in Vietnam have?,Two wires,,Two wires,Gia Nghia,,,
304,Gia Nghia,Mai,vie_latn,Vietnam/Northern Midland and Mountainous Regions,"Trong điệu múa Tăm đao của người Khơ Mú, cây tăm đao được làm từ cây gì?",Cây nứa,https://dsvh.gov.vn/mua-cua-nguoi-kho-mu-3388,"In the Khơ Mú people's ""Tăm Đao"" dance, what kind of tree is the toothpick made from?","In the Khơ Mú people of Vietnam's ""Tăm Đao"" dance, what kind of tree is the toothpick made from?",Bamboo,,Bamboo,Gia Nghia,,,
305,Gia Nghia,Mai,vie_latn,Vietnam/Northern Midland and Mountainous Regions,"Trên y phục của phụ nữ Khơ Mú, nổi bật nhất là hàng cúc bướm, làm bằng gì?",Bạc,https://dsvh.gov.vn/Upload/files/Tap%20chi%20DSVH/So%2012/1221_Suu%20tap%20y%20phuc%20truyen%20thong%20cua%20phu%20nu%2054%20dan%20toc%20tai%20Bao%20tang%20Phu%20nu%20Viet%20Nam.pdf,The most striking feature on the traditional clothing of Khơ Mú women is the row of butterfly-shaped buttons. What are they made of?,The most striking feature on the traditional clothing of Khơ Mú women in Vietnam is the row of butterfly-shaped buttons. What are they made of?,Silver,,Silver,Gia Nghia,,,
306,Gia Nghia,Mai,vie_latn,Vietnam/Northern Midland and Mountainous Regions,"Trong điệu múa vòng của người Khơ Mú, người tham gia thường di chuyển theo chiều nào?",Thuận chiều kim đồng hồ,https://dsvh.gov.vn/mua-cua-nguoi-kho-mu-3388,"In the Khơ Mú circle dance, in which direction do the participants usually move?","In the Khơ Mú circle dance, in which direction do the participants usually move?",Clockwise,,Clockwise,Gia Nghia,,,
307,Gia Nghia,Mai,vie_latn,Vietnam/Northern Midland and Mountainous Regions,Tiếng Thổ thuộc nhóm ngôn ngữ nào?,Việt-Mường,https://nhandan.vn/dan-toc-tho-post723901.html,To which language group does Turkish belong?,To which language group does Turkish belong?,Viet-Muong,x,Viet-Muong,Gia Nghia,,,
308,Gia Nghia,Mai,vie_latn,Vietnam/Northern Midland and Mountainous Regions,Ngôi nhà cổ truyền của cộng đồng người Thổ có mấy gian và mấy mái?,"3 gian, 2 mái",https://hdujs.edu.vn/index.php/hdujs/article/download/518/442/919,How many rooms and roofs does a traditional house of the Tho ethnic community have?,How many rooms and roofs does a traditional house of the Tho ethnic community in Vietnam have?,"3 bays, 2 roofs",x,"3 bays, 2 roofs",Gia Nghia,,,
309,Gia Nghia,Mai,vie_latn,Vietnam/Northern Midland and Mountainous Regions,Chiếc kèn so-na của người Thổ gồm có mấy lỗ?,7 lỗ,https://tuoitre.vn/phunuonline/nghe-nhan-luu-giu-linh-hon-nhac-cu-nguoi-tho-1101540869.htm,How many holes does the Turkish sona horn have?,How many holes does the Turkish sona horn have?,7 holes,x,7 holes,Gia Nghia,,,
310,Gia Nghia,Mai,vie_latn,Vietnam/Northern Midland and Mountainous Regions,Cây đàn tính của người Thổ có mấy dây?,3 dây,https://baonghean.vn/chiec-dan-tinh-cua-nguoi-tho-10011622.html,How many strings does the Thổ people's đàn tính (a type of stringed instrument) have?,How many strings does the Thổ people of Vietnam's đàn tính (a type of stringed instrument) have?,3 wires,,3 wires,Gia Nghia,,,
311,Gia Nghia,Mai,vie_latn,Vietnam/Central Highlands,Trên vạt áo của người phụ nữ Bru - Vân Kiều thường có họa tiết con gì?,Chim,https://dsvh.gov.vn/Upload/files/5615_Hoa%20van%20tren%20Do%20Det%20cua%20mot%20so%20toc%20nguoi.pdf,What animal motifs are often found on the traditional clothing of Bru-Van Kieu women?,What animal motifs are often found on the traditional clothing of Bru-Van Kieu women in Vietnam?,Bird,,Bird,Gia Nghia,,,
312,Gia Nghia,Mai,vie_latn,Vietnam/Central Highlands,"Trong lễ hội Trỉa lúa của người Bru - Vân Kiều, vật cúng thường là con vật nào?",Con lợn,https://dantocphattrien.vietnamnet.vn/le-hoi-tria-lua-cua-nguoi-bru-van-kieu-net-van-hoa-dam-da-ban-sac-36629.html,"In the Bru-Van Kieu people's rice planting festival, what animal is usually offered as a sacrifice?","In the Bru-Van Kieu people's rice planting festival in Vietnam, what animal is usually offered as a sacrifice?",Pig,,Pig,Gia Nghia,,,
313,Gia Nghia,Mai,vie_latn,Vietnam/Central Highlands,"Người Bru-Vân Kiều quần cư thành các làng, còn gọi trong tiếng địa phương là gì?",Vil,https://nhandan.vn/dan-toc-bru-van-kieu-post723920.html,"The Bru-Van Kieu people live in villages, which are also called by what name in the local language?","The Bru-Van Kieu people in Vietnam live in villages, which are also called by what name in the local language?",Vil,,Vil,Gia Nghia,,,
314,Gia Nghia,Mai,vie_latn,Vietnam/Central Highlands,Kèn A-mam của dân tộc Bru-Vân Kiều được làm bằng nhánh cây gì?,Cây đương,https://dantocmiennui.baotintuc.vn/nhac-cu-cua-nguoi-van-kieu-sang-tao-va-doc-dao-post237413.html,What type of tree branch is used to make the A-mam horn of the Bru-Van Kieu ethnic group?,What type of tree branch is used to make the A-mam horn of the Bru-Van Kieu ethnic group in Vietnam?,The tree,x,The tree,Gia Nghia,,,
315,Gia Nghia,Mai,vie_latn,Vietnam/Central Highlands,Cây đàn Đắc Kar của dân tộc M'Nông được làm bằng chất liệu gì?,Đá sừng cordierite,https://nhandan.vn/doc-dao-dan-da-dak-kar-post805256.html,What material is the Dak Kar instrument of the M'Nong ethnic group made of?,What material is the Dak Kar instrument of the M'Nong ethnic group in Vietnam made of?,Cordierite,,Cordierite,Gia Nghia,,,
316,Gia Nghia,Mai,vie_latn,Vietnam/Central Highlands,Không gian vũ trụ trong sử thi Mnông được miêu tả theo mấy tầng?,3 tầng,https://dsvh.gov.vn/ot-ndrong-su-thi-cua-nguoi-mnong-o-tinh-dak-nong-1166,In how many layers is the cosmic space described in the Mnong epic?,In how many layers is the cosmic space described in the Mnong epic?,3 floors,,3 floors,Gia Nghia,,,
317,Gia Nghia,Mai,vie_latn,Vietnam/Central Highlands,Cây khèn bầu Sarakel của dân tộc Raglai được làm bằng gì?,Quả bầu đắng,https://doi.org/10.54163/ncdt/352,What is the Sarakel gourd-shaped mouth organ of the Raglai people made of?,What is the Sarakel gourd-shaped mouth organ of the Raglai people made of?,Bitter gourd,x,Bitter gourd,Gia Nghia,,,
318,Gia Nghia,Mai,vie_latn,Vietnam/Central Highlands,Đàn Patơu Tuleng của dân tộc Raglai được làm bằng gì?,Đá,https://doi.org/10.54163/ncdt/352,What is the Patơu Tuleng instrument of the Raglai ethnic group made of?,What is the Patơu Tuleng instrument of the Raglai ethnic group made of?,Stone,x,Stone,Gia Nghia,,,
319,Gia Nghia,Mai,vie_latn,Vietnam/Central Highlands,Sáo Talakung của dân tộc Raglai có mấy lỗ?,6 lỗ,https://doi.org/10.54163/ncdt/352,How many holes does the Talakung flute of the Raglai ethnic group have?,How many holes does the Talakung flute of the Raglai ethnic group have?,6 holes,x,6 holes,Gia Nghia,,,
320,Gia Nghia,Mai,vie_latn,Vietnam/Central Highlands,Cây đàn Kanhi của dân tộc Ragllai có mấy dây?,2 dây,https://doi.org/10.54163/ncdt/352,How many strings does the Kanhi instrument of the Raglai people have?,How many strings does the Kanhi instrument of the Raglai people have?,2 wires,x,2 wires,Gia Nghia,,,
321,Gia Nghia,Mai,vie_latn,Vietnam/Central Highlands,Cây đàn Chapi của dân tộc Ragllai có mấy dây?,1 dây,https://doi.org/10.54163/ncdt/352,How many strings does the Chapi instrument of the Raglai people have?,How many strings does the Chapi instrument of the Raglai people have?,1 wire,x,1 wire,Gia Nghia,,,
322,Gia Nghia,Mai,vie_latn,Vietnam/Central Highlands,Người Ra-glai theo chế độ gia đình nào?,Chế độ mẫu hệ,https://doi.org/10.54163/ncdt/352,What type of family system do the Raglai people follow?,What type of family system do the Raglai people follow?,Matriarchy,x,Matriarchy,Gia Nghia,,,
323,Gia Nghia,Mai,vie_latn,Vietnam/Central Highlands,Tiếng Raglai (Roglai) thuộc ngữ hệ nào?,Mã Lai - Đa Đảo (Malayo-Polynesian),https://nhandan.vn/dan-toc-ra-glai-post723898.html,To which language family does the Raglai (Roglai) language belong?,To which language family does the Raglai language spoken in Vietnam belong?,Malayo-Polynesian,,Malayo-Polynesian,Gia Nghia,,,
324,Gia Nghia,Mai,vie_latn,Vietnam/South Central Vietnam,Người Chăm Ahier theo tôn giáo nào?,Đạo Bà-la-môn ,https://dsvh.gov.vn/Upload/files/Tap%20chi%20DSVH/So%208/0822_Nghe%20thuat%20dan%20gian%20Cham%20mot%20di%20san%20van%20hoa%20phi%20vat%20the%20quy%20bau%20can%20duoc%20bao%20ton%20va%20phat%20huy.pdf,What religion do the Ahier Cham people follow?,What religion do the Ahier Cham people in Vietnam follow?,Brahmanism,,Brahmanism,Gia Nghia,,,
325,Gia Nghia,Mai,vie_latn,Vietnam/South Central Vietnam,Làn điệu Ariya của người Chăm là hình thức hát nào?,Trường ca theo dạng kể chuyện,https://dsvh.gov.vn/Upload/files/Tap%20chi%20DSVH/So%208/0822_Nghe%20thuat%20dan%20gian%20Cham%20mot%20di%20san%20van%20hoa%20phi%20vat%20the%20quy%20bau%20can%20duoc%20bao%20ton%20va%20phat%20huy.pdf,What form of singing is the Ariya melody of the Cham people?,What form of singing is the Ariya melody of the Cham people?,Epic poems in narrative form,x,Epic poems in narrative form,Gia Nghia,,,
326,Gia Nghia,Mai,vie_latn,Vietnam/South Central Vietnam,"Trong lễ Rija Nâgar của người Chăm tại thôn Bình Nghĩa, có bao nhiêu đội nam, nữ trong phần thi hát đối đáp?","2 đội nam, 2 đội nữ",https://dsvh.gov.vn/nghi-le-dau-nam-cua-nguoi-cham-3422,"In the Rija Nâgar festival of the Cham people in Binh Nghia village, how many male and female teams are there in the call-and-response singing competition?","In the Rija Nâgar festival of the Cham people in Binh Nghia village, how many male and female teams are there in the call-and-response singing competition?","2 men's teams, 2 women's teams",x,"2 men's teams, 2 women's teams",Gia Nghia,,,
327,Gia Nghia,Mai,vie_latn,Vietnam/South Central Vietnam,"Trong lễ Yang Klak (dâng cúng các thần linh cũ) của người Chăm, có bao nhiêu mâm cỗ chay cần được chuẩn bị?",9 mâm,https://dsvh.gov.vn/nghi-le-dau-nam-cua-nguoi-cham-3422,"In the Yang Klak ceremony (offering sacrifices to the old deities) of the Cham people, how many vegetarian dishes need to be prepared?","In the Yang Klak ceremony (offering sacrifices to the ancient deities) of the Cham people in Vietnam, how many vegetarian dishes need to be prepared?",9 trays,,9,Gia Nghia,,,
328,Gia Nghia,Mai,vie_latn,Vietnam/South Central Vietnam,"Theo tập quán làm gốm của người Chăm tại Bình Thuận, một mẻ gốm gồm 1500 đến 2000 sản phẩm phải được nung trong mấy tiếng?",2 tiếng,https://dsvh.gov.vn/nghe-lam-gom-cua-nguoi-cham-o-tinh-binh-thuan-3162,"According to the pottery-making practices of the Cham people in Binh Thuan, how many hours must a batch of 1500 to 2000 pottery pieces be fired?","According to the pottery-making practices of the Cham people in Binh Thuan, how many hours must a batch of 1500 to 2000 pottery pieces be fired?",2 hours,,2 hours,Gia Nghia,,,
329,Gia Nghia,Mai,vie_latn,Vietnam/South Central Vietnam,Chức sắc Chăm Bà-ni gồm có mấy cấp?,4 cấp,https://vi.wikipedia.org/wiki/Ch%C4%83m_B%C3%A0-ni,How many ranks are there in the Cham Bani religious hierarchy?,How many ranks are there in the Cham Bani religious hierarchy?,4 levels,,4 levels,Gia Nghia,,,
330,Gia Nghia,Mai,vie_latn,Vietnam/South Central Vietnam,Lễ Katé của người Chăm Bình Thuận được dành để tưởng nhớ vị thần nào?,Thần Cha,https://dsvh.gov.vn/Upload/files/Tap%20chi%20DSVH/So%2046/4623_Kate%20le%20va%20tet%20cua%20nguoi%20Cham%20o%20Binh%20Thuan.pdf,The Katé festival of the Cham people in Binh Thuan is dedicated to commemorating which deity?,The Katé festival of the Cham people in Binh Thuan is dedicated to commemorating which deity?,Father God,,Father God,Gia Nghia,,,
331,Gia Nghia,Mai,vie_latn,Vietnam/South Central Vietnam,"Lễ Cambun được tổ chức vào hạ tuần trăng, tức ngày bao nhiêu trong lịch của người Chăm?",15 tháng 9,https://dsvh.gov.vn/Upload/files/Tap%20chi%20DSVH/So%2046/4623_Kate%20le%20va%20tet%20cua%20nguoi%20Cham%20o%20Binh%20Thuan.pdf,"The Cambun festival is held during the waning moon, which is the exact date in the Cham calendar?","The Cambun festival is held during the waning moon, which is the exact date in the Cham calendar?",September 15th,,September 15th,Gia Nghia,,,
332,Gia Nghia,Mai,vie_latn,Vietnam/Northern Midland and Mountainous Regions,"Trong gia đình dân tộc Sán Dìu, người con sẽ lấy họ ai?",Họ cha,https://dsvh.gov.vn/Upload/files/Tap%20chi%20DSVH/So%2017/1725_Nhung%20net%20van%20hoa%20truyen%20thong%20cua%20nguoi%20San%20Diu%20o%20Vinh%20Phuc.pdf,"In a San Diu ethnic family, whose surname will the child take?","In a San Diu ethnic family in Vietnam, whose surname will the child take?",Father's surname,x,Father's surname,Gia Nghia,,,
333,Gia Nghia,Mai,vie_latn,Vietnam/Northern Midland and Mountainous Regions,"Trong phong tục tập quán người Sán Dìu, người nào có quan hệ bất chính sẽ bị cả làng phạt bao nhiêu quan tiền?",10 quan tiền,https://dsvh.gov.vn/Upload/files/Tap%20chi%20DSVH/So%2017/1725_Nhung%20net%20van%20hoa%20truyen%20thong%20cua%20nguoi%20San%20Diu%20o%20Vinh%20Phuc.pdf,"According to the customs of the San Diu people, how much money will the entire village fine someone for having an illicit relationship?","According to the customs of the San Diu people in Vietnam, how much money will the entire village fine someone for having an illicit relationship?",10 coins,,10 coins,Gia Nghia,,,
334,Gia Nghia,Mai,vie_latn,Vietnam/Northern Midland and Mountainous Regions,"Trong nghi lễ Cấp sắc của người Sán Dìu, cấp sắc đầu tiên được gọi là gì?",Vào sớ (lọc sộ trong tiếng Sán Dìu),https://dsvh.gov.vn/le-cap-sac-cua-nguoi-san-diu-3132,"In the San Diu people's coming-of-age ceremony, what is the title of the first coming-of-age ceremony?","In the San Diu people of Vietnam's coming-of-age ceremony, what is the title of the first coming-of-age ceremony?",Entering the list (filtering the list in the San Diu language),,"Entering the list (""lọc sộ"" in the San Diu language)",Gia Nghia,,,
335,Gia Nghia,Mai,vie_latn,Vietnam/Northern Midland and Mountainous Regions,Người Sán Dìu thường hát Soọng cô ở đâu?,Bên bếp lửa,https://dsvh.gov.vn/hat-soong-co-cua-nguoi-san-diu-1224,Where do the San Diu people usually sing Soọng cô?,Where do the San Diu people in Vietnam usually sing Soọng cô?,By the fireplace,,By the fireplace,Gia Nghia,,,
336,Gia Nghia,Mai,vie_latn,Vietnam/South Central Vietnam,"Để sử dụng cồng chiêng của người H'rê, sáng sớm ngày đầu năm, chủ nhân bộ chiêng thực hiện nghi thức cúng chiêng. Khi hành lễ, chủ nhà cắt cái gì vào bụng chiêng?",Tiết gà nhỏ,https://dsvh.gov.vn/nghe-thuat-trinh-dien-chieng-ba-cua-nguoi-hre-3379,"To use the H'rê people's gongs, early on the first day of the new year, the owner of the gong set performs a ritual offering to the gongs. During the ceremony, what does the homeowner cut into the belly of the gong?","To use the H'rê people's gongs, early on the first day of the new year, the owner of the gong set performs a ritual offering to the gongs. During the ceremony, what does the homeowner cut into the belly of the gong?",small chicken blood,x,small chicken blood,Gia Nghia,,,
337,Gia Nghia,Mai,vie_latn,Vietnam/South Central Vietnam,Điệu Chiêng K’oa (Túc K’oa) của người H'rê là điệu chinh mô phỏng âm thanh của con gì?,Con ếch,https://dsvh.gov.vn/nghe-thuat-trinh-dien-chieng-ba-cua-nguoi-hre-3379,The K'oa Gong (Tuc K'oa) melody of the H'rê people imitates the sound of what animal?,The K'oa Gong (Tuc K'oa) melody of the H'rê people imitates the sound of what animal?,Frog,,Frog,Gia Nghia,,,
338,Gia Nghia,Mai,vie_latn,Vietnam/South Central Vietnam,Điệu Chinh H’lay (Túc H’lay) là điệu chinh mô phỏng âm thanh của cái gì?,Nước chảy,https://dsvh.gov.vn/nghe-thuat-trinh-dien-chieng-ba-cua-nguoi-hre-3379,The Chinh H'lay (Tuc H'lay) dance imitates the sound of what?,The Chinh H'lay (Tuc H'lay) dance imitates the sound of what?,Water flows,x,Water flows,Gia Nghia,,,
339,Gia Nghia,Mai,vie_latn,Vietnam/South Central Vietnam,"Trong lễ đâm trâu của người H'rê, thanh niên trai tráng cần đốn hạ bao nhiêu cây gỗ dền?",5 cây,https://dsvh.gov.vn/Upload/files/Tap%20chi%20DSVH/So%2013/1316_Le%20hoi%20co%20truyen%20Viet%20Nam%20trong%20boi%20canh%20van%20hoa%20toc%20nguoi%20va%20van%20hoa%20vung.pdf,"In the H'rê people's buffalo sacrifice ceremony, how many amaranth trees do the young men need to cut down?","In the H'rê people of Vietnam's buffalo sacrifice ceremony, how many amaranth trees do the young men need to cut down?",5 trees,,5 trees,Gia Nghia,,,
340,Gia Nghia,Mai,vie_latn,Vietnam/Central Highlands,Các gia đình dân tộc Cơho được tổ chức theo chế độ gia đình nào?,Mẫu hệ,https://nhandan.vn/dan-toc-co-ho-post723902.html,What type of family structure do Cơho ethnic families follow?,What type of family structure do Cơho ethnic families in Vietnam follow?,Matriarchy,,Matriarchy,Gia Nghia,,,
341,Gia Nghia,Mai,vie_latn,Vietnam/Central Highlands,"Trong tín ngưỡng người Cơho, vũ trụ được tạo dựng từ công trình của những ai?",Người khổng lồ,https://lamdong.gov.vn/sites/book/diachidalat/Tongluan/bai9.htm,"In the Coho people's beliefs, whose creation was the universe made of?","In the Coho people of Vietnam's beliefs, whose creation was the universe made of?",Giant,,Giant,Gia Nghia,,,
342,Gia Nghia,Mai,vie_latn,Vietnam/Central Highlands,"Lúc sinh, người phụ nữ dân tộc Cơho sẽ ở cữ mấy ngày?",7 ngày,https://lamdong.gov.vn/sites/book/diachidalat/Tongluan/bai9.htm,How many days does a Coho woman stay in confinement after giving birth?,How many days does a Coho woman in Vietnam observe the postpartum confinement period after giving birth?,7 days,,7 days,Gia Nghia,,,
343,Gia Nghia,Mai,vie_latn,Vietnam/Central Highlands,"Nhân vật người anh hùng -- người có vẻ đẹp toàn diện về thể chất và tâm hồn, có tài năng và sức mạnh trong sản xuất, chiến đấu -- trong sử thi Xơ Đăng tên là gì?",Dăm Duông,https://dlu.edu.vn/wp-content/uploads/2024/01/TOM-TAT-LUAN-AN-LE-NGOC-BINH.pdf,"What is the name of the heroic character—a person with complete physical and spiritual beauty, talent and strength in production and combat—in the Xơ Đăng epic?","What is the name of the heroic character—a person with complete physical and spiritual beauty, talent and strength in production and combat—in the Xơ Đăng epic?",Dam Duong,x,Dam Duong,Gia Nghia,,,
344,Gia Nghia,Mai,vie_latn,Vietnam/Central Highlands,Con trai người Xơ Đăng trước tên gọi sẽ được đặt thêm một từ gì?,A,https://dlu.edu.vn/wp-content/uploads/2024/01/TOM-TAT-LUAN-AN-LE-NGOC-BINH.pdf,What word is added before the name of a Xơ Đăng boy?,What word is added before the name of a Xơ Đăng boy?,A,x,A,Gia Nghia,,,
345,Gia Nghia,Mai,vie_latn,Vietnam/Central Highlands,Con gái người Xơ Đăng trước tên gọi sẽ được đặt thêm một từ gì?,Y,https://dlu.edu.vn/wp-content/uploads/2024/01/TOM-TAT-LUAN-AN-LE-NGOC-BINH.pdf,What word is added before the name of a Xơ Đăng girl?,What word is added before the name of a Xơ Đăng girl?,Y,,Y,Gia Nghia,,,
346,Gia Nghia,Mai,vie_latn,Vietnam/Northern Midland and Mountainous Regions,Múa Tắc Xình của người Sán Chay ở Thái Nguyên gồm mấy động tác?,9 động tác,https://dsvh.gov.vn/mua-tac-xinh-cua-nguoi-san-chay-o-thai-nguyen-1226,How many movements are there in the Tac Xinh dance of the San Chay people in Thai Nguyen?,How many movements are there in the Tac Xinh dance of the San Chay people in Thai Nguyen?,9 exercises,,9,Gia Nghia,,,
347,Gia Nghia,Mai,vie_latn,Vietnam/Northern Midland and Mountainous Regions,Người Sán Chay di cư sang Việt Nam từ khoảng thời gian nào?,"Cuối đời Minh, đầu đời Thanh",https://dsvh.gov.vn/Upload/files/Tap%20chi%20DSVH/So%2019/1913_Nhan%20dien%20khong%20gian%20van%20hoa%20quan%20ho%20Vung%20bac%20song%20Cau.pdf,When did the San Chay people migrate to Vietnam?,When did the San Chay people migrate to Vietnam?,"Late Ming Dynasty, early Qing Dynasty",x,"Late Ming Dynasty, early Qing Dynasty",Gia Nghia,,,